url,traceability_status,http_status,row_count,source_orgs,sample_source_title,sample_ids,final_url,content_type,bytes_sampled,error
http://ccc.chem.pitt.edu/wipf/papers&presentations/safety-manual.pdf,open,200,1,University of Pittsburgh EHS,University of Pittsburgh Safety Manual - Magnet Safety,KB-PHASE4-0508,http://ccc.chem.pitt.edu/wipf/papers&presentations/safety-manual.pdf,application/pdf,65536,
http://www.moe.gov.cn/s78/A16/tongzhi/201905/t20190529_383641.html,open,200,1,中华人民共和国教育部科技司,教育部科技司关于开展2019年度高等学校科研实验室安全现场检查的通知,KB-RECO-0232,http://www.moe.gov.cn/s78/A16/tongzhi/201905/t20190529_383641.html,text/html,15946,
http://www.moe.gov.cn/srcsite/A16/s3336/201905/t20190531_383962.html,open,200,5,中华人民共和国教育部,教育部关于加强高校实验室安全工作的意见,KB-RECO-0225;KB-RECO-0231;KB-RECO-0234;KB-RECO-0236;KB-RECO-0248,http://www.moe.gov.cn/srcsite/A16/s3336/201905/t20190531_383962.html,text/html,22535,
http://www.nxmu.edu.cn/lnjbzdsys/info/1094/1283.htm,open,200,1,宁夏医科大学/高校通用,液氮安全操作规程,KB-1029,http://www.nxmu.edu.cn/lnjbzdsys/info/1094/1283.htm,text/html,10389,
https://adrona.lv/wp-content/uploads/2023/08/TGA-4000-Specifiactions_English.pdf,open,200,1,PerkinElmer,TGA 4000 Thermogravimetric Analyzer Specifications,KB-PHASE4-0546,https://adrona.lv/wp-content/uploads/2023/08/TGA-4000-Specifiactions_English.pdf,application/pdf,65536,
https://archive.epa.gov/epawaste/hazard/tsd/td/web/html/combustion.html,open,200,1,U.S. Environmental Protection Agency Archive,Combustion - Hazardous Waste,KB-PHASE4-0751,https://archive.epa.gov/epawaste/hazard/tsd/td/web/html/combustion.html,text/html,22072,
https://assets.thermofisher.com/TFS-Assets/LSG/manuals/MAN0016959_GAHyPerformanceAPTSKit_UG.pdf,open,200,1,Thermo Fisher Scientific,GlycanAssure HyPerformance APTS Kit User Guide - Thermo,KB-PHASE4-0444,https://documents.thermofisher.com/TFS-Assets/LSG/manuals/MAN0016959_GAHyPerformanceAPTSKit_UG.pdf,application/pdf,65536,
https://blink.ucsd.edu/safety/research-lab/chemical/hoods/,open,200,6,UC San Diego Blink,UC San Diego Chemical Fume Hoods Overview,EXT-UCSD-FUME-HOODS-001-54f823648f;EXT-UCSD-FUME-HOODS-002-418c467168;EXT-UCSD-FUME-HOODS-003-0b9a8ac234;EXT-UCSD-FUME-HOODS-004-173524b2d6;EXT-UCSD-FUME-HOODS-005-d959925d1b,https://blink.ucsd.edu/safety/research-lab/chemical/hoods/,text/html; charset=UTF-8,63091,
https://blink.ucsd.edu/safety/research-lab/hazardous-waste/disposal-guidance/extremely.html,open,200,14,UC San Diego Blink,UC San Diego Extremely Hazardous Chemical Waste,EXT-UCSD-EXTREME-WASTE-001-2266f02556;EXT-UCSD-EXTREME-WASTE-002-5e3432dd5e;EXT-UCSD-EXTREME-WASTE-003-48e1664bab;EXT-UCSD-EXTREME-WASTE-004-8f2520e870;EXT-UCSD-EXTREME-WASTE-005-bd5363c1ec,https://blink.ucsd.edu/safety/research-lab/hazardous-waste/disposal-guidance/extremely.html,text/html; charset=UTF-8,65536,
https://ccce.csu.edu.cn/info/1591/7436.htm,open,200,1,中南大学化学化工学院,实验室安全知识-化学化工学院门户网站,WEBX-039-001,https://ccce.csu.edu.cn/info/1591/7436.htm,text/html,65536,
https://cem.com/how-safe-is-the-instrument/microwave-digestion,open,200,1,CEM Corporation,How safe is the instrument/microwave digestion,KB-RECO-0390,https://cem.com/how-safe-is-the-instrument/microwave-digestion,text/html; charset=UTF-8,72656,
https://cem.com/why-can-t-i-use-a-home-microwave-for-acid-digestion-or-extraction,open,200,1,CEM Corporation,Why can't I use a home microwave for acid digestion,KB-RECO-0391,https://cem.com/why-can-t-i-use-a-home-microwave-for-acid-digestion-or-extraction,text/html; charset=UTF-8,70377,
https://chem.fjnu.edu.cn/86/7f/c17280a362111/page.htm,open,200,1,福建师范大学化学与材料学院,易制毒、易制爆、危险化学品管理规章制度,WEBX-032-001,https://chem.fjnu.edu.cn/86/7f/c17280a362111/page.htm,text/html,44305,
https://chemistry.stanford.edu/resources/environmental-health-lab-safety/general-resources,open,200,4,Stanford University;Stanford University Department of Chemistry,Stanford Chemistry Department Safety Training,KB-RECO-0196;KB-RECO-0216;KB-RECO-0229;KB-RECO-0233,https://chemistry.stanford.edu/resources/environmental-health-lab-safety/general-resources,text/html; charset=UTF-8,65536,
https://chemistry.unt.edu/system/files/tga_2_user_manual.pdf,open,200,4,METTLER TOLEDO,METTLER TOLEDO TGA 2 User Manual - High Temperature Safety,KB-RECO-0053;KB-RECO-0054;KB-RECO-0055;KB-RECO-0058,https://chemistry.unt.edu/system/files/tga_2_user_manual.pdf,application/pdf,65536,
https://chemlab.jhun.edu.cn/4b/ea/c4541a84970/pagem.htm,open,200,1,江汉大学化学实验教学中心,实验室危险废弃物、废液处置流程,WEBX-040-001,https://chemlab.jhun.edu.cn/4b/ea/c4541a84970/pagem.htm,text/html,29109,
https://coactionspecialty.safetynow.com/chemical-compatibility-storage-guidelines-quick-tips/,blocked_or_forbidden,403,1,Cornell Law School (29 CFR Reference),Chemical Compatibility Storage Guidelines,KB-PHASE4-0372,https://coactionspecialty.safetynow.com/chemical-compatibility-storage-guidelines-quick-tips/,text/html; charset=UTF-8,5986,
https://community.agilent.com/cfs-filesystemfile/__key/communityserver-discussions-components-files/23/G7446_2D00_35102B-Agilent-magnetic-Resonance-systems.pdf,open,200,7,Agilent Technologies,Agilent MR Systems Safety Guide - Magnetic Field Safety,KB-RECO-0033;KB-RECO-0034;KB-RECO-0035;KB-RECO-0036;KB-RECO-0037,https://community.agilent.com/cfs-filesystemfile/__key/communityserver-discussions-components-files/23/G7446_2D00_35102B-Agilent-magnetic-Resonance-systems.pdf,application/pdf,65536,
https://community.agilent.com/knowledge/icp-ms-portal/kmp/icp-ms-articles/kp1584.assembling-the-icp-ms-spray-chamber,open,200,1,Agilent Technologies,Agilent ICP-MS Spray Chamber Assembly Safety,KB-PHASE4-0460,https://community.agilent.com/knowledge/icp-ms-portal/kmp/icp-ms-articles/kp1584.assembling-the-icp-ms-spray-chamber,text/html,848,
https://community.agilent.com/technical/consumables/w/wiki/3840/stay-safe-a-win-win-for-solvent-storage,open,200,1,Agilent Technologies,Stay Safe: A Win-Win for Solvent Storage - Agilent Community,KB-PHASE4-0438,https://community.agilent.com/technical/consumables/w/wiki/3840/stay-safe-a-win-win-for-solvent-storage,text/html,849,
https://dehs.umn.edu/biological-safety-cabinets,blocked_or_forbidden,403,1,University of Minnesota DEHS,Biological Safety Cabinets,WEBX-048-001,https://dehs.umn.edu/biological-safety-cabinets,text/html; charset=UTF-8,5868,
https://documents.thermofisher.com/TFS-Assets/CAD/Application-Notes/apex-te-mct-an64724-en.pdf,open,200,1,Thermo Fisher Scientific,Thermoelectrically cooled MCT detectors enable high speed and high sensitivity FTIR gas analysis,KB-PHASE4-0550,https://documents.thermofisher.com/TFS-Assets/CAD/Application-Notes/apex-te-mct-an64724-en.pdf,application/pdf,65536,
https://documents.thermofisher.com/TFS-Assets/CMD/brochures/sn-43363-icp-oes-aas-benefits-sn43363-en.pdf,open,200,3,Thermo Fisher Scientific,Thermo Fisher ICP-OES vs AAS Benefits - Maintenance Safety,KB-RECO-0030;KB-RECO-0032;KB-PHASE4-0468,https://documents.thermofisher.com/TFS-Assets/CMD/brochures/sn-43363-icp-oes-aas-benefits-sn43363-en.pdf,application/pdf,65536,
https://documents.thermofisher.com/TFS-Assets/CMD/manuals/Man-1R120706-0002-GC-MS-Q-Exactive-Man1R1207060002-EN.pdf,open,200,11,Thermo Fisher Scientific,Q Exactive GC Mass Spectrometer Operating Manual - Safety Guidelines,KB-RECO-0003;KB-RECO-0004;KB-RECO-0007;KB-RECO-0008;KB-RECO-0009,https://documents.thermofisher.com/TFS-Assets/CMD/manuals/Man-1R120706-0002-GC-MS-Q-Exactive-Man1R1207060002-EN.pdf,application/pdf,65536,
https://documents.thermofisher.com/TFS-Assets/CMD/manuals/Man-4820-3601-LC-Vanquish-UHPLC-Man48203601-EN.pdf,blocked_or_forbidden,403,10,Thermo Fisher Scientific,Vanquish UHPLC Systems Operating Manual - Safety Precautions,KB-RECO-0011;KB-RECO-0012;KB-RECO-0013;KB-RECO-0014;KB-RECO-0015,https://documents.thermofisher.com/TFS-Assets/CMD/manuals/Man-4820-3601-LC-Vanquish-UHPLC-Man48203601-EN.pdf,application/xml,111,
https://documents.thermofisher.com/TFS-Assets/CMD/manuals/ii-1r120591-0001-isq-ec-ms-req-ii1r1205910001-en.pdf,open,200,3,Thermo Fisher Scientific,Thermo ISQ EC Mass Spectrometer - Vacuum System Safety,KB-RECO-0047;KB-PHASE4-0528;KB-PHASE4-0534,https://documents.thermofisher.com/TFS-Assets/CMD/manuals/ii-1r120591-0001-isq-ec-ms-req-ii1r1205910001-en.pdf,application/pdf,65536,
https://documents.thermofisher.com/TFS-Assets/LED/manuals/50155784-c-Thermo%20Scientific%20Sorvall%20ST%2016R-en.pdf,open,200,1,Thermo Fisher Scientific,Thermo Scientific Sorvall ST 16R Operating Manual,KB-PHASE4-0563,https://documents.thermofisher.com/TFS-Assets/LED/manuals/50155784-c-Thermo%20Scientific%20Sorvall%20ST%2016R-en.pdf,application/pdf,65536,
https://documents.thermofisher.com/TFS-Assets/LPD/Application-Notes/bsc-a2-b2-differences-appnote.pdf,open,200,1,Thermo Fisher Scientific,A2 and B2 BSC Differences Application Note,KB-RECO-0378,https://documents.thermofisher.com/TFS-Assets/LPD/Application-Notes/bsc-a2-b2-differences-appnote.pdf,application/pdf,65536,
https://documents.thermofisher.com/TFS-Assets/MSD/Product-Information/Summit-UG.pdf,open,200,5,Thermo Fisher Scientific,Nicolet Summit FTIR Spectrometer User Guide,KB-PHASE4-0548;KB-PHASE4-0549;KB-PHASE4-0551;KB-PHASE4-0552;KB-PHASE4-0557,https://documents.thermofisher.com/TFS-Assets/MSD/Product-Information/Summit-UG.pdf,application/pdf,65536,
https://documents.thermofisher.com/TFS-Assets/MSD/Technical-Notes/FL53370-gas-phase-ftir-smoke-toxicity-measurements.pdf,open,200,1,Thermo Fisher Scientific,Gas-phase FTIR for smoke toxicity measurements,KB-PHASE4-0555,https://documents.thermofisher.com/TFS-Assets/MSD/Technical-Notes/FL53370-gas-phase-ftir-smoke-toxicity-measurements.pdf,application/pdf,65536,
https://documents.thermofisher.com/TFS-Assets/MSD/manuals/summit-lite-site-and-safety-en.pdf,open,200,4,Thermo Fisher Scientific,Thermo Nicolet Summit FTIR - Purge Requirements Safety,KB-RECO-0065;KB-RECO-0066;KB-RECO-0067;KB-RECO-0068,https://documents.thermofisher.com/TFS-Assets/MSD/manuals/summit-lite-site-and-safety-en.pdf,application/pdf,65536,
https://drs.illinois.edu/Page/SafetyLibrary/PerchloricAcid,open,200,1,University of Illinois DRS,Perchloric Acid - Division of Research Safety,KB-PHASE4-0300,https://drs.illinois.edu/Page/SafetyLibrary/PerchloricAcid,text/html; charset=utf-8,65536,
https://drs.illinois.edu/Page/SafetyLibrary/hydrofluoricacid,open,200,1,University of Illinois DRS,Hydrofluoric Acid (HF) Safety Guide,KB-PHASE4-0285,https://drs.illinois.edu/Page/SafetyLibrary/hydrofluoricacid,text/html; charset=utf-8,65536,
https://eetc.qlu.edu.cn/2012/1207/c1403a25377/page.htm,open,200,1,齐鲁工业大学电子电气与控制学部,实验室一般安全规范,WEB-002-001,https://eetc.qlu.edu.cn/2012/1207/c1403a25377/page.htm,text/html,19628,
https://ehs.berkeley.edu/chemical-hygiene-plan/controlling-exposures,open,200,8,"U.S. Occupational Safety and Health Administration / UC Berkeley;UC Berkeley EH&S;University of California, Berkeley Environment, Health & Safety",UC Berkeley Chemical Hygiene Plan - Controlling Exposures,KB-RECO-0246;KB-RECO-0272;KB-RECO-0278;KB-RECO-0282;KB-RECO-0286,https://ehs.berkeley.edu/chemical-hygiene-plan/controlling-exposures,text/html; charset=utf-8,60573,
https://ehs.berkeley.edu/chemical-hygiene-plan/training-requirements,open,200,3,"University of California, Berkeley Environment, Health & Safety",UC Berkeley Chemical Hygiene Plan Training Requirements,KB-RECO-0198;KB-RECO-0206;KB-RECO-0262,https://ehs.berkeley.edu/chemical-hygiene-plan/training-requirements,text/html; charset=utf-8,49461,
https://ehs.berkeley.edu/ehs-111-compressed-gas-safety,open,200,1,UC Berkeley EHS,Compressed Gas Safety - UC Berkeley EHS 111,KB-PHASE4-0490,https://ehs.berkeley.edu/ehs-111-compressed-gas-safety,text/html; charset=utf-8,44582,
https://ehs.berkeley.edu/how-do-i-set-new-lab-0,open,200,2,UC Berkeley EH&S,UC Berkeley - How to Set Up a New Lab,KB-PHASE4-0588;KB-PHASE4-0603,https://ehs.berkeley.edu/labs-research/new-labs,text/html; charset=utf-8,52108,
https://ehs.berkeley.edu/laboratory-safety-manual,open,200,7,"UC Berkeley Office of Environment, Health & Safety",UC Berkeley Laboratory Safety Manual,EXT-BERKELEY-LSM-001-1b816adfe4;EXT-BERKELEY-LSM-002-f4e9c14000;EXT-BERKELEY-LSM-003-f86077f43a;EXT-BERKELEY-LSM-004-49a92ef874;EXT-BERKELEY-LSM-005-52e982f6e9,https://ehs.berkeley.edu/labs-research/laboratory-safety-manual,text/html; charset=utf-8,65397,
https://ehs.berkeley.edu/laser-safety-manual,open,200,1,"UC Berkeley Office of Environment, Health & Safety",UC Berkeley Laser Safety Manual,EXT-BERKELEY-LASER-001-5d6738a2f2,https://ehs.berkeley.edu/laser-safety-manual,text/html; charset=utf-8,48749,
https://ehs.berkeley.edu/news/corrosive-waste-spill,open,200,1,"University of California, Berkeley Environment, Health & Safety",UC Berkeley Corrosive Waste Spill Case,KB-RECO-0302,https://ehs.berkeley.edu/news/corrosive-waste-spill,text/html; charset=utf-8,55230,
https://ehs.berkeley.edu/news/radiation-safety-awareness-training-update,open,200,1,"University of California, Berkeley Environment, Health & Safety",UC Berkeley Radiation Safety Training Update,KB-RECO-0217,https://ehs.berkeley.edu/news/radiation-safety-awareness-training-update,text/html; charset=utf-8,45693,
https://ehs.berkeley.edu/publications/biological-safety-program-manual,open,200,1,"UC Berkeley Office of Environment, Health & Safety",UC Berkeley Biological Safety Program Manual,EXT-BERKELEY-BIOSAFETY-001-de97501f0f,https://ehs.berkeley.edu/publications/biological-safety-program-manual,text/html; charset=utf-8,45550,
https://ehs.berkeley.edu/publications/drain-disposal-restrictions-chemicals-0,open,200,1,UC Berkeley EH&S,UC Berkeley - Drain Disposal Restrictions,KB-PHASE4-0682,https://ehs.berkeley.edu/publications/drain-disposal-restrictions-chemicals-0,text/html; charset=utf-8,46897,
https://ehs.berkeley.edu/radiation-safety-manual/6-procedures-work-radioactive-materials,open,200,1,Cornell University EHS / UC Berkeley EH&S,Cornell EHS and UC Berkeley Radiation Safety,KB-PHASE4-0699,https://ehs.berkeley.edu/radiation-safety-manual/6-procedures-work-radioactive-materials,text/html; charset=utf-8,65536,
https://ehs.berkeley.edu/safe-storage-hazardous-chemicals/511-peroxide-forming-chemicals,open,200,1,UC Berkeley EH&S,5.11 Peroxide Forming Chemicals,WEBX-007-001,https://ehs.berkeley.edu/safe-storage-hazardous-chemicals/511-peroxide-forming-chemicals,text/html; charset=utf-8,53457,
https://ehs.berkeley.edu/safe-storage-hazardous-chemicals/56-compressed-gases,open,200,1,UC Berkeley EH&S,5.6 Compressed Gases,WEBX-009-001,https://ehs.berkeley.edu/safe-storage-hazardous-chemicals/56-compressed-gases,text/html; charset=utf-8,52301,
https://ehs.berkeley.edu/safe-storage-hazardous-chemicals/57-cryogens,open,200,1,UC Berkeley EH&S,5.7 Cryogens,WEBX-012-001,https://ehs.berkeley.edu/safe-storage-hazardous-chemicals/57-cryogens,text/html; charset=utf-8,50835,
https://ehs.berkeley.edu/safety-subjects/chemical-safety/chemical-hygiene-plan,open,200,9,"UC Berkeley EH&S;UC Berkeley Office of Environment, Health & Safety;University of California, Berkeley Environment, Health & Safety",Chemical Hygiene Plan,WEBX-002-001;EXT-BERKELEY-CHP-001-ec488e1c09;EXT-BERKELEY-CHP-002-6e6d5ecc60;EXT-BERKELEY-CHP-003-ef459ba3a6;EXT-BERKELEY-CHP-004-79310b1dc2,https://ehs.berkeley.edu/safety-subjects/chemical-safety/chemical-hygiene-plan,text/html; charset=utf-8,49940,
https://ehs.berkeley.edu/safety-subjects/chemical-safety/chemical-inventory,open,200,1,UC Berkeley EH&S,UC Berkeley Chemical Inventory Requirements,KB-PHASE4-0580,https://ehs.berkeley.edu/safety-subjects/chemical-safety/chemical-inventory,text/html; charset=utf-8,65536,
https://ehs.berkeley.edu/sites/default/files/publications/compressed-gas-proper-use-booklet.pdf,open,200,3,UC Berkeley EHS,Compressed Gas Cylinders: Proper Management And Use - UC Berkeley,KB-PHASE4-0430;KB-PHASE4-0469;KB-PHASE4-0479,https://ehs.berkeley.edu/publications/compressed-gas-cylinders-proper-management-and-use,text/html; charset=utf-8,45961,
https://ehs.berkeley.edu/sites/default/files/publications/tcp-gas-program.pdf,open,200,1,UC Berkeley EH&S,"UC Berkeley Toxic, Corrosive, and Pyrophoric (TCP) Gas Program",KB-PHASE4-0593,https://ehs.berkeley.edu/publications/uc-berkeley-toxic-corrosive-and-pyrophoric-tcp-gas-program-document,text/html; charset=utf-8,47492,
https://ehs.berkeley.edu/workplace-safety/identifying-hazards-and-applying-controls,open,200,1,UC Berkeley EH&S,UC Berkeley Laboratory Hazard Assessment Tool,KB-PHASE4-0595,https://ehs.berkeley.edu/workplace-safety/identifying-hazards-and-applying-controls,text/html; charset=utf-8,53277,
https://ehs.cornell.edu/book/export/html/1050,open,200,2,"Cornell University Environment, Health and Safety",Cornell EHS Personal Hygiene,KB-RECO-0264;KB-RECO-0292,https://ehs.cornell.edu/book/export/html/1050,text/html; charset=UTF-8,69624,
https://ehs.cornell.edu/book/export/html/1060,open,200,2,"Cornell University Environment, Health and Safety",Cornell EHS 4.10 Access to Laboratories,KB-RECO-0256;KB-RECO-0258,https://ehs.cornell.edu/book/export/html/1060,text/html; charset=UTF-8,8158,
https://ehs.cornell.edu/book/export/html/1083,open,200,1,Cornell University EHS,Cornell Laboratory Safety Manual - Laboratory Security and Visitors,KB-PHASE4-0579,https://ehs.cornell.edu/book/export/html/1083,text/html; charset=UTF-8,4182,
https://ehs.cornell.edu/book/export/html/1097,open,200,2,Cornell University EHS,Cornell EHS - Chemical Spill Procedures (Incidental Spills),KB-PHASE4-0648;KB-PHASE4-0649,https://ehs.cornell.edu/book/export/html/1097,text/html; charset=UTF-8,12895,
https://ehs.cornell.edu/book/export/html/1261,open,200,117,"Cornell University EHS;Cornell University Environment, Health and Safety",Cornell Hazardous Waste Manual,EXT-CORNELL-HW-MANUAL-001-3ea4821ada;EXT-CORNELL-HW-MANUAL-002-f58f60c5b6;EXT-CORNELL-HW-MANUAL-003-4efb7c3477;EXT-CORNELL-HW-MANUAL-004-e093c6bc0b;EXT-CORNELL-HW-MANUAL-005-8c521954f0,https://ehs.cornell.edu/book/export/html/1261,text/html; charset=UTF-8,69624,
https://ehs.cornell.edu/book/export/html/1325,open,200,1,"Cornell University Environment, Health and Safety",7.15 Reactive and Potentially Explosive Chemicals,KB-PHASE4-0191,https://ehs.cornell.edu/book/export/html/1325,text/html; charset=UTF-8,3332,
https://ehs.cornell.edu/book/export/html/1370,open,200,4,"Cornell University EHS;Cornell University Environment, Health and Safety",Cornell EHS Chapter 6 - Info and Training,KB-RECO-0207;KB-RECO-0210;KB-RECO-0222;KB-PHASE4-0596,https://ehs.cornell.edu/book/export/html/1370,text/html; charset=UTF-8,16059,
https://ehs.cornell.edu/book/export/html/1375,open,200,1,"Cornell University Environment, Health and Safety",Emergency Preparedness in Storage Areas,KB-PHASE4-0176,https://ehs.cornell.edu/book/export/html/1375,text/html; charset=UTF-8,69624,
https://ehs.cornell.edu/book/export/html/1397,open,200,1,"Cornell University Environment, Health and Safety",7.11.1 EHS Modified DOT Hazard Class System,KB-PHASE4-0153,https://ehs.cornell.edu/book/export/html/1397,text/html; charset=UTF-8,8103,
https://ehs.cornell.edu/book/export/html/1399,open,200,11,"Cornell University Environment, Health and Safety",8.2 Flammable and Combustible Liquids,KB-PHASE4-0149;KB-PHASE4-0151;KB-PHASE4-0152;KB-PHASE4-0172;KB-PHASE4-0177,https://ehs.cornell.edu/book/export/html/1399,text/html; charset=UTF-8,48600,
https://ehs.cornell.edu/book/export/html/1410,open,200,1,"Cornell University Environment, Health and Safety",8.9 Corrosives,KB-PHASE4-0150,https://ehs.cornell.edu/book/export/html/1410,text/html; charset=UTF-8,12390,
https://ehs.cornell.edu/book/export/html/1446,open,200,3,"Cornell University Environment, Health and Safety",16.4 Compressed Gases,KB-PHASE4-0157;KB-PHASE4-0188;KB-PHASE4-0195,https://ehs.cornell.edu/book/export/html/1446,text/html; charset=UTF-8,18358,
https://ehs.cornell.edu/book/export/html/2139,open,200,1,"Cornell University Environment, Health and Safety",Phenol SOP,KB-PHASE4-0175,https://ehs.cornell.edu/book/export/html/2139,text/html; charset=UTF-8,6787,
https://ehs.cornell.edu/book/export/html/237,open,200,163,"Cornell University EHS;Cornell University EHS / OSHA;Cornell University Environment, Health and Safety;Cornell University Environmental Health and Safety;OSHA / Cornell University EHS",Laboratory Safety Manual,WEBX-018-001;KB-CORNELL-11001;KB-CORNELL-11002;KB-CORNELL-11003;KB-CORNELL-11004,https://ehs.cornell.edu/book/export/html/237,text/html; charset=UTF-8,69624,
https://ehs.cornell.edu/manuals/hazardous-waste-manual,open,200,12,Cornell EHS;Cornell EHS / 生态环境部,Cornell Hazardous Waste Manual; 危险废物污染防治技术政策,KB-GAP-8026;KB-BLK-9042;KB-BLK-9043;KB-BLK-9106;KB-BLK-9107,https://ehs.cornell.edu/manuals/hazardous-waste-manual,text/html; charset=UTF-8,65536,
https://ehs.cornell.edu/research-safety/biosafety-biosecurity/animal-biosafety,open,200,1,国家标准委 / Cornell EHS,GB 19489-2008 实验室生物安全通用要求; Cornell Animal Biosafety Guidelines,KB-GAP-8020,https://ehs.cornell.edu/research-safety/biosafety-biosecurity/animal-biosafety,text/html; charset=UTF-8,65536,
https://ehs.cornell.edu/research-safety/biosafety-biosecurity/biological-safety-manuals-and-other-documents,open,200,3,Cornell University EHS,Cornell Biological Safety Manuals and Other Documents,EXT-CORNELL-BIOSAFETY-DOCS-001-7ed1d85916;EXT-CORNELL-BIOSAFETY-DOCS-002-8a5376a633;EXT-CORNELL-BIOSAFETY-DOCS-003-f9ee6ca54b,https://ehs.cornell.edu/research-safety/biosafety-biosecurity/biological-safety-manuals-and-other-documents,text/html; charset=UTF-8,63018,
https://ehs.cornell.edu/research-safety/biosafety-biosecurity/biological-safety-manuals-and-other-documents/autoclaves,open,200,1,Cornell University EHS,Autoclaves,WEBX-016-001,https://ehs.cornell.edu/research-safety/biosafety-biosecurity/biological-safety-manuals-and-other-documents/autoclaves,text/html; charset=UTF-8,51529,
https://ehs.cornell.edu/research-safety/biosafety-biosecurity/biological-safety-manuals-and-other-documents/centrifuges,open,200,1,Cornell University EHS,Centrifuges,WEBX-017-001,https://ehs.cornell.edu/research-safety/biosafety-biosecurity/biological-safety-manuals-and-other-documents/centrifuges,text/html; charset=UTF-8,54352,
https://ehs.cornell.edu/research-safety/biosafety-biosecurity/biological-safety-manuals-and-other-documents/responding-biological-spills,open,200,2,"Cornell University EHS;Cornell University Environment, Health and Safety",Responding to Biological Spills,KB-PHASE4-0174;KB-PHASE4-0656,https://ehs.cornell.edu/research-safety/biosafety-biosecurity/biological-safety-manuals-and-other-documents/responding-biological-spills,text/html; charset=UTF-8,57546,
https://ehs.cornell.edu/research-safety/chemical-safety/chemical-hygiene-plan,open,200,15,Cornell University EHS,Chemical Hygiene Plan,WEBX-001-001;EXT-CORNELL-CHP-001-94db23b346;EXT-CORNELL-CHP-002-e37415aa46;EXT-CORNELL-CHP-003-33a8768b7a;EXT-CORNELL-CHP-004-36bafbd9de,https://ehs.cornell.edu/research-safety/chemical-safety/chemical-hygiene-plan,text/html; charset=UTF-8,65536,
https://ehs.cornell.edu/research-safety/chemical-safety/chemical-inventory,open,200,1,"Cornell University Environment, Health and Safety",Chemical Inventory,KB-PHASE4-0158,https://ehs.cornell.edu/research-safety/chemical-safety/chemical-inventory,text/html; charset=UTF-8,55344,
https://ehs.cornell.edu/research-safety/chemical-safety/laboratory-safety-manual,open,200,48,ANSI / Cornell EHS;Cornell EHS;Cornell EHS / DOT;Cornell EHS / NIH;Cornell EHS / OSHA,Cornell Laboratory Safety Manual,EXT-CORNELL-LSM-001-8704da1ea1;EXT-CORNELL-LSM-002-f26cced31f;EXT-CORNELL-LSM-003-906ae86855;KB-GAP-8001;KB-GAP-8002,https://ehs.cornell.edu/research-safety/chemical-safety/laboratory-safety-manual,text/html; charset=UTF-8,63948,
https://ehs.cornell.edu/research-safety/chemical-safety/laboratory-safety-manual/appendix-f-glove-selection-guidance,open,200,2,Cornell EHS / NIH;Cornell EHS / OSHA,Cornell Lab Safety Manual Appendix F; OSHA PPE Standard,KB-GAP-8013;KB-GAP-8014,https://ehs.cornell.edu/research-safety/chemical-safety/laboratory-safety-manual/appendix-f-glove-selection-guidance,text/html; charset=UTF-8,59426,
https://ehs.cornell.edu/research-safety/chemical-safety/laboratory-safety-manual/appendix-i-hazards-functional-groups,open,200,3,"Cornell University Environment, Health and Safety",Appendix I - Hazards Of Functional Groups,KB-PHASE4-0185;KB-PHASE4-0187;KB-PHASE4-0192,https://ehs.cornell.edu/research-safety/chemical-safety/laboratory-safety-manual/appendix-i-hazards-functional-groups,text/html; charset=UTF-8,65536,
https://ehs.cornell.edu/research-safety/chemical-safety/laboratory-safety-manual/appendix-j-peroxide-forming-chemicals,open,200,2,"Cornell University Environment, Health and Safety",Appendix J - Peroxide Forming Chemicals,KB-PHASE4-0189;KB-PHASE4-0190,https://ehs.cornell.edu/research-safety/chemical-safety/laboratory-safety-manual/appendix-j-peroxide-forming-chemicals,text/html; charset=UTF-8,65536,
https://ehs.cornell.edu/research-safety/chemical-safety/laboratory-safety-manual/appendix-k-incompatible-chemicals,open,200,10,"Cornell University Environment, Health and Safety",Appendix K - Incompatible Chemicals,KB-PHASE4-0144;KB-PHASE4-0145;KB-PHASE4-0146;KB-PHASE4-0147;KB-PHASE4-0148,https://ehs.cornell.edu/research-safety/chemical-safety/laboratory-safety-manual/appendix-k-incompatible-chemicals,text/html; charset=UTF-8,65536,
https://ehs.cornell.edu/research-safety/chemical-safety/laboratory-safety-manual/chapter-10-hazardous-chemical-waste,open,200,1,Cornell University EHS,Cornell EHS - Chemical Waste Management,KB-PHASE4-0713,https://ehs.cornell.edu/research-safety/chemical-safety/laboratory-safety-manual/chapter-10-hazardous-chemical-waste,text/html; charset=UTF-8,59313,
https://ehs.cornell.edu/research-safety/chemical-safety/laboratory-safety-manual/chapter-15-laser-hazards,open,200,1,Cornell EHS / ANSI,Cornell Lab Safety Manual Ch.15; ANSI Z136.1,KB-GAP-8016,https://ehs.cornell.edu/research-safety/chemical-safety/laboratory-safety-manual/chapter-15-laser-hazards,text/html; charset=UTF-8,60824,
https://ehs.cornell.edu/research-safety/chemical-safety/laboratory-safety-manual/chapter-16-physical-hazards,open,200,4,"Cornell University Environment, Health and Safety",Cornell Laboratory Safety Manual Ch.16 Physical Hazards,KB-EQUIP2-0021;KB-EQUIP2-0023;KB-EQUIP2-0024;KB-EQUIP2-0025,https://ehs.cornell.edu/research-safety/chemical-safety/laboratory-safety-manual/chapter-16-physical-hazards,text/html; charset=UTF-8,61989,
https://ehs.cornell.edu/research-safety/chemical-safety/laboratory-safety-manual/chapter-16-physical-hazards/1610,open,200,2,"Cornell University Environment, Health and Safety",Cornell Laboratory Safety Manual Ch.16.10 Cryogenic Materials,KB-EQUIP2-0007;KB-EQUIP2-0008,https://ehs.cornell.edu/research-safety/chemical-safety/laboratory-safety-manual/chapter-16-physical-hazards/1610,text/html; charset=UTF-8,65536,
https://ehs.cornell.edu/research-safety/chemical-safety/laboratory-safety-manual/chapter-16-physical-hazards/1612-glass,open,200,2,"Cornell University Environment, Health and Safety",Cornell Laboratory Safety Manual Ch.16.12 Glass Under Vacuum,KB-EQUIP2-0017;KB-EQUIP2-0018,https://ehs.cornell.edu/research-safety/chemical-safety/laboratory-safety-manual/chapter-16-physical-hazards/1612-glass,text/html; charset=UTF-8,62892,
https://ehs.cornell.edu/research-safety/chemical-safety/laboratory-safety-manual/chapter-16-physical-hazards/164,open,200,3,"Cornell University Environment, Health and Safety",Cornell Laboratory Safety Manual Ch.16.4 Compressed Gases,KB-EQUIP2-0027;KB-EQUIP2-0028;KB-CHEM2-0027,https://ehs.cornell.edu/research-safety/chemical-safety/laboratory-safety-manual/chapter-16-physical-hazards/164,text/html; charset=UTF-8,65536,
https://ehs.cornell.edu/research-safety/chemical-safety/laboratory-safety-manual/chapter-16-physical-hazards/166-heat-and,open,200,5,"Cornell University Environment, Health and Safety",Cornell Laboratory Safety Manual Ch.16.6 Heat and Heating Devices,KB-EQUIP2-0012;KB-EQUIP2-0013;KB-EQUIP2-0014;KB-EQUIP2-0015;KB-EQUIP2-0016,https://ehs.cornell.edu/research-safety/chemical-safety/laboratory-safety-manual/chapter-16-physical-hazards/166-heat-and,text/html; charset=UTF-8,64064,
https://ehs.cornell.edu/research-safety/chemical-safety/laboratory-safety-manual/chapter-2-engineering-controls,open,200,1,"Cornell University Environment, Health and Safety",Chapter 2 - Engineering Controls,KB-PHASE4-0206,https://ehs.cornell.edu/research-safety/chemical-safety/laboratory-safety-manual/chapter-2-engineering-controls,text/html; charset=UTF-8,61718,
https://ehs.cornell.edu/research-safety/chemical-safety/laboratory-safety-manual/chapter-4-administrative-controls/415,open,200,1,Cornell University EHS,Cornell Laboratory Safety Manual - Laboratory Design and Construction,KB-PHASE4-0573,https://ehs.cornell.edu/research-safety/chemical-safety/laboratory-safety-manual/chapter-4-administrative-controls/415,text/html; charset=UTF-8,65536,
https://ehs.cornell.edu/research-safety/chemical-safety/laboratory-safety-manual/chapter-4-administrative-controls/47,open,200,1,Cornell University EHS,Cornell EHS - Working Alone Guidelines,KB-PHASE4-0631,https://ehs.cornell.edu/research-safety/chemical-safety/laboratory-safety-manual/chapter-4-administrative-controls/47,text/html; charset=UTF-8,65536,
https://ehs.cornell.edu/research-safety/chemical-safety/laboratory-safety-manual/chapter-5-emergency-preparation/53-0,open,200,1,"Cornell University Environment, Health and Safety",5.3.1 Laboratory Emergency Shutdown Procedures,KB-PHASE4-0171,https://ehs.cornell.edu/research-safety/chemical-safety/laboratory-safety-manual/chapter-5-emergency-preparation/53-0,text/html; charset=UTF-8,64074,
https://ehs.cornell.edu/research-safety/chemical-safety/laboratory-safety-manual/chapter-5-emergency-preparation/54-1,open,200,1,"Cornell University Environment, Health and Safety",5.4.1.1 Incidental Spill Cleanup Procedures,KB-PHASE4-0162,https://ehs.cornell.edu/research-safety/chemical-safety/laboratory-safety-manual/chapter-5-emergency-preparation/54-1,text/html; charset=UTF-8,63584,
https://ehs.cornell.edu/research-safety/chemical-safety/laboratory-safety-manual/chapter-5-emergency-preparation/54-2,open,200,1,"Cornell University Environment, Health and Safety",5.4.2 Spill Absorbent Materials,KB-PHASE4-0163,https://ehs.cornell.edu/research-safety/chemical-safety/laboratory-safety-manual/chapter-5-emergency-preparation/54-2,text/html; charset=UTF-8,63075,
https://ehs.cornell.edu/research-safety/chemical-safety/laboratory-safety-manual/chapter-5-emergency-preparation/54-4,open,200,1,"Cornell University Environment, Health and Safety",5.4.4 Major Spills,KB-PHASE4-0164,https://ehs.cornell.edu/research-safety/chemical-safety/laboratory-safety-manual/chapter-5-emergency-preparation/54-4,text/html; charset=UTF-8,61405,
https://ehs.cornell.edu/research-safety/chemical-safety/laboratory-safety-manual/chapter-5-emergency-preparation/55-1,open,200,2,"Cornell University Environment, Health and Safety",5.5.2 Emergency Eyewash and Showers,KB-PHASE4-0165;KB-PHASE4-0166,https://ehs.cornell.edu/research-safety/chemical-safety/laboratory-safety-manual/chapter-5-emergency-preparation/55-1,text/html; charset=UTF-8,63850,
https://ehs.cornell.edu/research-safety/chemical-safety/laboratory-safety-manual/chapter-7-safe-chemical-use,open,200,5,"Cornell University Environment, Health and Safety",7.10 Transporting Chemicals,KB-PHASE4-0154;KB-PHASE4-0173;KB-PHASE4-0197;KB-PHASE4-0207;KB-PHASE4-0208,https://ehs.cornell.edu/research-safety/chemical-safety/laboratory-safety-manual/chapter-7-safe-chemical-use,text/html; charset=UTF-8,64551,
https://ehs.cornell.edu/research-safety/chemical-safety/laboratory-safety-manual/chapter-7-safe-chemical-use/711-chemical,open,200,1,"Cornell University Environment, Health and Safety",7.11 Chemical Segregation,KB-PHASE4-0143,https://ehs.cornell.edu/research-safety/chemical-safety/laboratory-safety-manual/chapter-7-safe-chemical-use/711-chemical,text/html; charset=UTF-8,65536,
https://ehs.cornell.edu/research-safety/chemical-safety/laboratory-safety-manual/chapter-7-safe-chemical-use/73-safety-0,open,200,1,"Cornell University Environment, Health and Safety",Cornell EHS SDSs and Newly Synthesized Chemicals,KB-RECO-0242,https://ehs.cornell.edu/research-safety/chemical-safety/laboratory-safety-manual/chapter-7-safe-chemical-use/73-safety-0,text/html; charset=UTF-8,63169,
https://ehs.cornell.edu/research-safety/chemical-safety/laboratory-safety-manual/chapter-7-safe-chemical-use/74-routes-3,open,200,1,"Cornell University Environment, Health and Safety",7.4.4 Eye and Skin Absorption,KB-PHASE4-0167,https://ehs.cornell.edu/research-safety/chemical-safety/laboratory-safety-manual/chapter-7-safe-chemical-use/74-routes-3,text/html; charset=UTF-8,65536,
https://ehs.cornell.edu/research-safety/chemical-safety/laboratory-safety-manual/chapter-7-safe-chemical-use/79-0,open,200,7,"Cornell University EHS;Cornell University Environment, Health and Safety",7.9.1 General Storage Guidelines,KB-PHASE4-0142;KB-PHASE4-0351;KB-PHASE4-0381;KB-PHASE4-0642;KB-PHASE4-0643,https://ehs.cornell.edu/research-safety/chemical-safety/laboratory-safety-manual/chapter-7-safe-chemical-use/79-0,text/html; charset=UTF-8,65536,
https://ehs.cornell.edu/research-safety/chemical-safety/laboratory-safety-manual/chapter-8-chemical-hazards,open,200,2,"Cornell University Environment, Health and Safety",8.9.1 Hydrofluoric Acid,KB-PHASE4-0169;KB-PHASE4-0179,https://ehs.cornell.edu/research-safety/chemical-safety/laboratory-safety-manual/chapter-8-chemical-hazards,text/html; charset=UTF-8,63957,
https://ehs.cornell.edu/research-safety/chemical-safety/laboratory-safety-manual/chapter-9-particularly-hazardous-3,open,200,3,"Cornell University EHS;Cornell University Environment, Health and Safety",9.4 Guidelines for Working with Particularly Hazardous Substances,KB-PHASE4-0184;KB-PHASE4-0578;KB-PHASE4-0686,https://ehs.cornell.edu/research-safety/chemical-safety/laboratory-safety-manual/chapter-9-particularly-hazardous-3,text/html; charset=UTF-8,64074,
https://ehs.cornell.edu/research-safety/chemical-safety/safety-data-sheets-chemwatch,open,200,3,Cornell University EHS,Cornell Safety Data Sheets Chemwatch,EXT-CORNELL-SDS-001-71ba93d9dc;EXT-CORNELL-SDS-002-e2134c42c4;EXT-CORNELL-SDS-003-2902a47310,https://ehs.cornell.edu/research-safety/chemical-safety/safety-data-sheets-chemwatch,text/html; charset=UTF-8,51876,
https://ehs.cornell.edu/research-safety/general-laboratory-safety/hazard-assessment-and-signage-program-hasp/hasp-faqs,open,200,2,Cornell University EHS,Cornell HASP FAQs,KB-PHASE4-0594;KB-PHASE4-0619,https://ehs.cornell.edu/research-safety/general-laboratory-safety/hazard-assessment-and-signage-program-hasp/hasp-faqs,text/html; charset=UTF-8,58469,
https://ehs.cornell.edu/research-safety/general-laboratory-safety/lab-safety-certificate-program,open,200,3,"Cornell University EHS;Cornell University Environment, Health and Safety",Cornell Lab Safety Certificate Program,KB-RECO-0199;KB-RECO-0253;KB-PHASE4-0599,https://ehs.cornell.edu/research-safety/general-laboratory-safety/lab-safety-certificate-program,text/html; charset=UTF-8,56048,
https://ehs.cornell.edu/research-safety/general-laboratory-safety/laboratory-operations-continuity,open,200,1,Cornell University EHS,Cornell EHS - Working Alone and Nighttime Lab Policies,KB-PHASE4-0664,https://ehs.cornell.edu/research-safety/general-laboratory-safety/laboratory-operations-continuity,text/html; charset=UTF-8,62368,
https://ehs.cornell.edu/research-safety/general-laboratory-safety/laboratory-safety-training-matrix,open,200,19,"Cornell University EHS;Cornell University EHS / UC Berkeley EH&S;Cornell University Environment, Health and Safety",Cornell Laboratory Safety Training Matrix,EXT-CORNELL-TRAINING-MATRIX-001-48142a0425;EXT-CORNELL-TRAINING-MATRIX-002-f43a35a135;EXT-CORNELL-TRAINING-MATRIX-003-5a85a85b60;EXT-CORNELL-TRAINING-MATRIX-004-8a4b4c4afe;EXT-CORNELL-TRAINING-MATRIX-005-5020028107,https://ehs.cornell.edu/research-safety/general-laboratory-safety/laboratory-safety-training-matrix,text/html; charset=UTF-8,57685,
https://ehs.cornell.edu/research-safety/radiation-safety,open,200,1,Cornell EHS / ACGIH,Cornell UV Safety Guidelines; ACGIH UV TLV,KB-GAP-8034,https://ehs.cornell.edu/research-safety/radiation-safety,text/html; charset=UTF-8,53481,
https://ehs.cornell.edu/research-safety/radiation-safety/laser-safety,open,200,2,Cornell University EHS,Cornell Laser Safety,EXT-CORNELL-LASER-PAGE-001-8c3ad04bc0;EXT-CORNELL-LASER-PAGE-002-dfa8563313,https://ehs.cornell.edu/research-safety/radiation-safety/laser-safety,text/html; charset=UTF-8,56746,
https://ehs.cornell.edu/research-safety/radiation-safety/radioactive-materials,open,200,2,Cornell EHS / IAEA;Cornell EHS / IAEA / 国家标准委,Cornell Radiation Safety Manual; 放射性废物管理规定,KB-GAP-8024;KB-GAP-8032,https://ehs.cornell.edu/research-safety/radiation-safety/radioactive-materials,text/html; charset=UTF-8,57649,
https://ehs.cornell.edu/research-safety/radiation-safety/x-ray-equipment,open,200,1,Cornell EHS / 国家标准委,Cornell X-Ray Safety Guidelines; GB 18871-2002,KB-GAP-8033,https://ehs.cornell.edu/research-safety/radiation-safety/x-ray-equipment,text/html; charset=UTF-8,54628,
https://ehs.cornell.edu/shipping-and-transportation/hazardous-materials-shipping-dot/cryogen-tips,open,200,1,"Cornell University Environment, Health and Safety",Cornell Cryogen Tips,KB-EQUIP2-0009,https://ehs.cornell.edu/shipping-and-transportation/hazardous-materials-shipping-dot/cryogen-tips,text/html; charset=UTF-8,55276,
https://ehs.mit.edu/chemical-safety-program/chemical-hygiene/,open,200,6,"MIT Environment, Health & Safety",MIT Chemical Hygiene,EXT-MIT-CHEM-HYGIENE-001-ed33cf9dc0;EXT-MIT-CHEM-HYGIENE-002-d50ce27a28;EXT-MIT-CHEM-HYGIENE-003-a22f4efdca;EXT-MIT-CHEM-HYGIENE-004-be558b8194;EXT-MIT-CHEM-HYGIENE-005-bd51d7af78,https://ehs.mit.edu/chemical-safety-program/chemical-hygiene/,text/html; charset=UTF-8,65536,
https://ehs.mit.edu/chemical-safety-program/compressed-gas-cylinder-safety/,open,200,1,MIT EHS,Compressed Gas Cylinder Safety,WEBX-010-001,https://ehs.mit.edu/chemical-safety-program/compressed-gas-cylinder-safety/,text/html; charset=UTF-8,65536,
https://ehs.mit.edu/chemical-safety/,open,200,3,"MIT Environment, Health & Safety",MIT Chemical Safety,EXT-MIT-CHEMICAL-001-dde222d9c0;EXT-MIT-CHEMICAL-002-2ef1fab171;EXT-MIT-CHEMICAL-003-a7bdb2f961,https://ehs.mit.edu/chemical-safety/,text/html; charset=UTF-8,65536,
https://ehs.ncsu.edu/home-page-info/environmental-affairs/chemical-waste/,open,200,7,NC State Environmental Health and Safety,NC State Chemical Waste,EXT-NCSU-CHEM-WASTE-001-323a1680a9;EXT-NCSU-CHEM-WASTE-002-577e70d3d3;EXT-NCSU-CHEM-WASTE-003-85ae7da579;EXT-NCSU-CHEM-WASTE-004-b4de6083e8;EXT-NCSU-CHEM-WASTE-005-33551a23d2,https://ehs.ncsu.edu/home-page-info/environmental-affairs/chemical-waste/,text/html; charset=UTF-8,73720,
https://ehs.ncsu.edu/laboratory-safety/laboratory-security-and-safety-guidelines/,open,200,3,NC State Environmental Health and Safety,NC State Laboratory Security and Safety Guidelines,EXT-NCSU-LAB-SECURITY-001-103cd20283;EXT-NCSU-LAB-SECURITY-002-de46c536aa;EXT-NCSU-LAB-SECURITY-003-25076ce669,https://ehs.ncsu.edu/laboratory-safety/laboratory-security-and-safety-guidelines/,text/html; charset=UTF-8,73720,
https://ehs.ncsu.edu/laboratory-safety/secondary-safety-contact/chemical-hazards-ssc/,open,200,1,NC State Environmental Health and Safety,NC State Chemical Hazards SSC,EXT-NCSU-CHEM-HAZARDS-001-8327a918f5,https://ehs.ncsu.edu/laboratory-safety/secondary-safety-contact/chemical-hazards-ssc/,text/html; charset=UTF-8,73720,
https://ehs.ncsu.edu/laboratory/fume-hoods/,open,200,1,NC State Environmental Health and Safety,NC State Fume Hoods and Lab Exhaust,EXT-NCSU-FUME-HOODS-001-42eb6b191f,https://ehs.ncsu.edu/laboratory/fume-hoods/,text/html; charset=UTF-8,73720,
https://ehs.princeton.edu/laboratory-research/chemical-waste-management,blocked_or_forbidden,403,1,Princeton Environmental Health and Safety,Princeton Chemical Waste Management,EXT-PRINCETON-CHEM-WASTE-001-cfd17551d3,https://ehs.princeton.edu/laboratory-research/chemical-waste-management,text/html; charset=UTF-8,5905,
https://ehs.stanford.edu/forms-tools/chemical-incompatibility-guide,open,200,2,Stanford University EH&S,Chemical Incompatibility Guide,KB-PHASE4-0354;KB-PHASE4-0358,https://ehs.stanford.edu/forms-tools/chemical-incompatibility-guide,text/html; charset=UTF-8,69624,
https://ehs.stanford.edu/forms-tools/laboratory-chemical-safety-toolkit,open,200,1,Stanford Environmental Health & Safety,Stanford Laboratory Chemical Safety Toolkit,EXT-STANFORD-CHEM-TOOLKIT-001-fafa848bde,https://ehs.stanford.edu/forms-tools/laboratory-chemical-safety-toolkit,text/html; charset=UTF-8,65536,
https://ehs.stanford.edu/manual/biosafety-manual/autoclaves,open,200,2,Stanford University Environmental Health & Safety,Stanford Biosafety Manual - Autoclaves,KB-EQUIP2-0020;KB-EQUIP2-0022,https://ehs.stanford.edu/manual/biosafety-manual/autoclaves,text/html; charset=UTF-8,69624,
https://ehs.stanford.edu/manual/biosafety-manual/waste,open,200,5,Stanford Environmental Health & Safety,Stanford Biosafety Manual - Waste,EXT-STANFORD-BIO-WASTE-001-578ea65c10;EXT-STANFORD-BIO-WASTE-002-c049ff23df;EXT-STANFORD-BIO-WASTE-003-4eda017f32;EXT-STANFORD-BIO-WASTE-004-17521fe9f2;EXT-STANFORD-BIO-WASTE-005-1f7201ecf1,https://ehs.stanford.edu/manual/biosafety-manual/waste,text/html; charset=UTF-8,69624,
https://ehs.stanford.edu/manual/laboratory-standard-design-guidelines/biological-safety-cabinets-and-other-containment,open,200,2,Stanford University Environmental Health & Safety,Stanford Biological Safety Cabinets and Other Containment,KB-EQUIP2-0010;KB-EQUIP2-0011,https://ehs.stanford.edu/manual/laboratory-standard-design-guidelines/biological-safety-cabinets-and-other-containment,text/html; charset=UTF-8,65536,
https://ehs.stanford.edu/manual/laboratory-standard-design-guidelines/fume-hood-location,open,200,1,Stanford Environmental Health & Safety,Stanford Laboratory Standard Design Guidelines - Fume Hood Location,EXT-STANFORD-FUME-HOOD-001-1a7b721ef0,https://ehs.stanford.edu/manual/laboratory-standard-design-guidelines/fume-hood-location,text/html; charset=UTF-8,65536,
https://ehs.stanford.edu/reference/autoclave-safety,open,200,3,Stanford University Environmental Health & Safety,Stanford Autoclave Safety,KB-EQUIP2-0001;KB-EQUIP2-0002;KB-EQUIP2-0003,https://ehs.stanford.edu/reference/autoclave-safety,text/html; charset=UTF-8,69624,
https://ehs.stanford.edu/reference/centrifuge-safety,open,200,3,Stanford University Environmental Health & Safety,Stanford Centrifuge Safety,KB-EQUIP2-0004;KB-EQUIP2-0005;KB-EQUIP2-0006,https://ehs.stanford.edu/reference/centrifuge-safety,text/html; charset=UTF-8,65536,
https://ehs.stanford.edu/reference/information-hydrofluoric-acid,open,200,1,Stanford Environmental Health & Safety,Information on Hydrofluoric Acid,WEBX-003-001,https://ehs.stanford.edu/reference/information-hydrofluoric-acid,text/html; charset=UTF-8,69624,
https://ehs.stanford.edu/reference/working-air-sensitive-or-highly-reactive-compounds,open,200,1,Stanford Environmental Health & Safety,Information on Pyrophoric Compounds,WEBX-005-001,https://ehs.stanford.edu/reference/information-on-pyrophoric-compounds,text/html; charset=UTF-8,69624,
https://ehs.stanford.edu/topic/chemical-safety/chemical-waste-disposal,open,200,4,Stanford Environmental Health & Safety,Stanford Chemical Waste Disposal,EXT-STANFORD-CHEM-WASTE-001-77b0217da0;EXT-STANFORD-CHEM-WASTE-002-bf916fb22d;EXT-STANFORD-CHEM-WASTE-003-745906ec73;EXT-STANFORD-CHEM-WASTE-004-1487e306e7,https://ehs.stanford.edu/topic/chemical-safety/chemical-waste-disposal,text/html; charset=UTF-8,65536,
https://ehs.stanford.edu/topic/radiation-safety/laser-safety,open,200,1,Stanford Environmental Health & Safety,Laser Safety Program,WEBX-049-001,https://ehs.stanford.edu/topic/radiation-safety/laser-safety,text/html; charset=UTF-8,64891,
https://ehs.stanford.edu/wp-content/uploads/Storage-Group-Poster.pdf,open,200,6,Stanford University EH&S;Stanford University EH&S / University of Guelph EHS,Stanford Compatible Storage Group Guide,KB-PHASE4-0365;KB-PHASE4-0366;KB-PHASE4-0376;KB-PHASE4-0379;KB-PHASE4-0383,https://ehs.stanford.edu/wp-content/uploads/Storage-Group-Poster.pdf,application/pdf,65536,
https://ehs.stanford.edu/wp-content/uploads/lab-chemical-safety-plan.pdf,open,200,11,Stanford University EH&S;Stanford University EH&S / EPA,Stanford Lab Chemical Safety Plan,KB-PHASE4-0373;KB-PHASE4-0374;KB-PHASE4-0375;KB-PHASE4-0378;KB-PHASE4-0384,https://ehs.stanford.edu/wp-content/uploads/lab-chemical-safety-plan.pdf,application/pdf,65536,
https://ehs.stonybrook.edu/_pdfs/EHS_Policy_4.5_Laboratory_Chemical_Fume_Hood_Safety_Program.pdf,open,200,1,Stony Brook University Environmental Health and Safety,Stony Brook University Laboratory Chemical Fume Hood Safety Program,KB-RECO-0283,https://ehs.stonybrook.edu/_pdfs/EHS_Policy_4.5_Laboratory_Chemical_Fume_Hood_Safety_Program.pdf,application/pdf,65536,
https://ehs.stonybrook.edu/programs/laboratory-safety/chemical-safety/compressed-gas-and-cryogenics,open,200,1,Stony Brook University EHS,Compressed Gas and Cryogenics,WEBX-011-001,https://ehs.stonybrook.edu/programs/laboratory-safety/chemical-safety/compressed-gas-and-cryogenics,text/html; charset=UTF-8,47403,
https://ehs.utexas.edu/environment-waste/waste-management/chemical-waste,open,200,23,UT Austin Environmental Health & Safety,UT Austin Chemical Waste,EXT-UTEXAS-CHEM-WASTE-001-29094dd2ad;EXT-UTEXAS-CHEM-WASTE-002-4b460657fa;EXT-UTEXAS-CHEM-WASTE-003-1b2a60390d;EXT-UTEXAS-CHEM-WASTE-004-d9479ab874;EXT-UTEXAS-CHEM-WASTE-005-5219159f3e,https://ehs.utexas.edu/environment-waste/waste-management/chemical-waste,text/html; charset=UTF-8,65536,
https://ehs.utexas.edu/working-safely/equipment-safety/cryogens,open,200,1,University of Texas at Austin EHS,Cryogens,WEBX-013-001,https://ehs.utexas.edu/working-safely/equipment-safety/cryogens,text/html; charset=UTF-8,44999,
https://ehs.utexas.edu/working-safely/equipment-safety/fume-hoods,open,200,7,UT Austin Environmental Health & Safety,UT Austin Fume Hoods,EXT-UTEXAS-FUME-HOODS-001-b6dd1aeec7;EXT-UTEXAS-FUME-HOODS-002-aec9c36818;EXT-UTEXAS-FUME-HOODS-003-9085f54607;EXT-UTEXAS-FUME-HOODS-004-a32eb365d7;EXT-UTEXAS-FUME-HOODS-005-297dd250e6,https://ehs.utexas.edu/working-safely/equipment-safety/fume-hoods,text/html; charset=UTF-8,47639,
https://ehs.yale.edu/art-safety,open,200,9,Yale Environmental Health & Safety,Yale Art Safety,EXT-YALE-ART-SAFETY-001-d32ae33b64;EXT-YALE-ART-SAFETY-002-228d62e61d;EXT-YALE-ART-SAFETY-004-06a5855d3e;EXT-YALE-ART-SAFETY-005-2b662c3c24;EXT-YALE-ART-SAFETY-006-f773779e0c,https://ehs.yale.edu/art-safety,text/html; charset=UTF-8,65536,
https://ehs.yale.edu/shop-tool-safety,open,200,7,Yale Environmental Health & Safety,Yale Shop and Tool Safety,EXT-YALE-SHOP-GUIDE-001-ca58d66f95;EXT-YALE-SHOP-GUIDE-002-9d73b7842d;EXT-YALE-SHOP-GUIDE-004-fd7649508d;EXT-YALE-SHOP-GUIDE-005-a98554496e;EXT-YALE-SHOP-GUIDE-006-96d54224a5,https://ehs.yale.edu/shop-tool-safety,text/html; charset=UTF-8,65536,
https://ehs.yale.edu/sites/default/files/files/biosafety-cabinet-poster.pdf,open,200,1,Yale Environmental Health & Safety,Yale Working Safely in Your Biosafety Cabinet,EXT-YALE-BSC-POSTER-001-8f635d2612,https://ehs.yale.edu/resource/working-safely-in-your-biosafety-cabinet,text/html; charset=UTF-8,64986,
https://ehs.yale.edu/sites/default/files/files/biosafety-manual.pdf,open,200,1,Yale Environmental Health & Safety,Biosafety Manual,WEBX-022-001,https://ehs.yale.edu/resource/biological-safety-manual,text/html; charset=UTF-8,64891,
https://ehs.yale.edu/sites/default/files/files/chemicals-ehs-approval.pdf,open,200,8,Yale Environmental Health & Safety,Yale Chemicals Requiring EHS Pre-Approval,EXT-YALE-CHEM-APPROVAL-001-3ebd8c6177;EXT-YALE-CHEM-APPROVAL-002-6119f398ea;EXT-YALE-CHEM-APPROVAL-003-9c0680ffd4;EXT-YALE-CHEM-APPROVAL-004-181cef1a20;EXT-YALE-CHEM-APPROVAL-005-383abc3040,https://ehs.yale.edu/resource/chemicals-requiring-ehs-pre-approval,text/html; charset=UTF-8,64958,
https://ehs.yale.edu/sites/default/files/files/fume-hood-repair-notice.pdf,open,200,3,Yale Environmental Health & Safety,Yale Fume Hood Repair Notice,EXT-YALE-FUME-HOOD-NOTICE-001-713dcc5ff0;EXT-YALE-FUME-HOOD-NOTICE-002-300f8bf862;EXT-YALE-FUME-HOOD-NOTICE-003-dcc5b59371,https://ehs.yale.edu/resource/fume-hood-repair-notice,text/html; charset=UTF-8,64895,
https://ehs.yale.edu/sites/default/files/files/gene-drive-modified-organisms.pdf,open,200,8,Yale Environmental Health & Safety,Yale Gene Drive Modified Organisms,EXT-YALE-GENE-DRIVE-001-fe33d44caa;EXT-YALE-GENE-DRIVE-002-6224e9eb47;EXT-YALE-GENE-DRIVE-003-f91ac51253;EXT-YALE-GENE-DRIVE-004-031662419c;EXT-YALE-GENE-DRIVE-005-a1b8c661b9,https://ehs.yale.edu/resource/gene-drive-modified-organisms,text/html; charset=UTF-8,64968,
https://ehs.yale.edu/sites/default/files/files/laboratory-chemical-hygiene-plan.pdf,open,200,75,Yale Environmental Health & Safety,Yale Laboratory Chemical Hygiene Plan,EXT-YALE-CHP-001-11fd19e7fc;EXT-YALE-CHP-002-4380e062e5;EXT-YALE-CHP-003-3b2c3a9bc6;EXT-YALE-CHP-004-059eef0a22;EXT-YALE-CHP-005-68cfcd4115,https://ehs.yale.edu/resource/laboratory-chemical-hygiene-plan,text/html; charset=UTF-8,64336,
https://ehs.yale.edu/sites/default/files/files/laser-sop.pdf,open,200,4,Yale Environmental Health & Safety,Yale Laser Standard Operating Procedure,EXT-YALE-LASER-SOP-001-c25a5b18ed;EXT-YALE-LASER-SOP-002-2d76a6a7db;EXT-YALE-LASER-SOP-003-7c9dad0a85;EXT-YALE-LASER-SOP-004-f899fc1b07,https://ehs.yale.edu/resource/laser-standard-operating-procedure,text/html; charset=UTF-8,64893,
https://ehs.yale.edu/sites/default/files/files/ppe-procedure-labs.pdf,open,200,10,Yale Environmental Health & Safety,Yale PPE Procedure for Clinical Laboratories,EXT-YALE-PPE-LABS-001-e28c409470;EXT-YALE-PPE-LABS-002-85cf882514;EXT-YALE-PPE-LABS-003-071e07e289;EXT-YALE-PPE-LABS-004-a5c8df5825;EXT-YALE-PPE-LABS-005-63d133a06b,https://ehs.yale.edu/resource/laboratory-personal-protective-equipment-assessment,text/html; charset=UTF-8,65177,
https://ehs.yale.edu/sites/default/files/files/student-shop-rules.pdf,open,200,3,Yale Environmental Health & Safety,Yale Student Shop Rules,EXT-YALE-STUDENT-SHOP-001-e8f196d337;EXT-YALE-STUDENT-SHOP-002-1f4c19b1f3;EXT-YALE-STUDENT-SHOP-003-9d4f0acae0,https://ehs.yale.edu/resource/student-shop-rules,text/html; charset=UTF-8,64859,
https://ehs.yale.edu/sites/default/files/files/waste-in-place.pdf,open,200,2,Yale Environmental Health & Safety,Yale Put Waste In Its Place,EXT-YALE-WASTE-PLACE-001-eec509cb92;EXT-YALE-WASTE-PLACE-002-30071291b8,https://ehs.yale.edu/resource/put-waste-in-its-place-poster,text/html; charset=UTF-8,64896,
https://flk.npc.gov.cn/detail2.html?ZmY4MDgwODE2ZjNjYmIzYzAxNmY0MTZhMjI1MDIxMzg,open,200,1,教育部/公安部,高等学校消防安全管理规定（教育部令第28号）,KB-1018,https://flk.npc.gov.cn/detail2.html?ZmY4MDgwODE2ZjNjYmIzYzAxNmY0MTZhMjI1MDIxMzg,text/html; charset=utf-8,455,
https://gradschool.cornell.edu/policies/safety-training/,open,200,1,Cornell University Graduate School,Cornell Graduate School Safety Training,KB-RECO-0201,https://gradschool.cornell.edu/policies/safety-training/,text/html; charset=UTF-8,65536,
https://greenlabs.caltech.edu/documents/29173/LC-125_Lab-Guidelines-and-Standards_RevC_US.pdf,open,200,1,ANSI/ASSP,ANSI Z9.5-2022 Laboratory Ventilation,KB-RECO-0281,https://greenlabs.caltech.edu/documents/29173/LC-125_Lab-Guidelines-and-Standards_RevC_US.pdf,application/pdf,65536,
https://huihua.hebtu.edu.cn/s/zhuanti/page/8.html,open,200,1,河北师范大学汇华学院,实验室安全守则,WEB-003-001,https://huihua.hebtu.edu.cn/s/zhuanti/page/8.html,text/html; charset=UTF-8,3812,
https://icp-ms.help.agilent.com/en/Learning/PDF/G3666-90006_Precautions.pdf,open,200,7,Agilent Technologies,Agilent 8900 ICP-MS Hardware Maintenance - RF Radiation and Plasma Safety,KB-RECO-0021;KB-RECO-0022;KB-RECO-0023;KB-RECO-0024;KB-RECO-0025,https://icp-ms.help.agilent.com/en/Learning/PDF/G3666-90006_Precautions.pdf,application/pdf,65536,
https://icp-ms.help.agilent.com/en/Learning/PDF/G8400-90016_Precautions.pdf,open,200,9,Agilent Technologies,Agilent 8900/7800 ICP-MS Precautions - Hydrogen and Ammonia Safety Guide,KB-RECO-0026;KB-PHASE4-0447;KB-PHASE4-0448;KB-PHASE4-0450;KB-PHASE4-0451,https://icp-ms.help.agilent.com/en/Learning/PDF/G8400-90016_Precautions.pdf,application/pdf,65536,
https://ieeexplore.ieee.org/document/4016442,open,202,1,Institute of Electrical and Electronics Engineers (IEEE),IEEE ESD Protection Design for Nanoelectronics,KB-RECO-0159,https://ieeexplore.ieee.org/document/4016442,text/html; charset=UTF-8,2060,
https://ir.bruker.com/press-releases/press-release-details/2024/Bruker-Advances-Magnet-Technology-for-Broader-Adoption-of-NMR-in-Academic-and-Biopharma-Research-and-Process-Analytical-Technologies/default.aspx,blocked_or_forbidden,429,1,Bruker Corporation,Bruker Advances Magnet Technology for Broader Adoption of NMR,KB-PHASE4-0504,https://ir.bruker.com/press-releases/press-release-details/2024/Bruker-Advances-Magnet-Technology-for-Broader-Adoption-of-NMR-in-Academic-and-Biopharma-Research-and-Process-Analytical-Technologies/default.aspx,text/html; charset=UTF-8,6519,
https://iwaste.epa.gov/rpts/handbk4.pdf,open,200,2,U.S. Environmental Protection Agency,Hazardous Waste Containers,KB-PHASE4-0726;KB-PHASE4-0734,https://iwaste.epa.gov/rpts/handbk4.pdf,application/pdf,65536,
https://knowledge1.thermofisher.com/Trace_Elemental_Analysis/Inductively_Coupled_Plasma_-_Optical_Emission_Spectroscopy_ICP-OES/iCAP_Operator_Manuals/BRE0004150_-_iCAP_7000_Series_Operating_Manual_Rev_C,open,200,5,Thermo Fisher Scientific,BRE0004150 - iCAP 7000 Series Operating Manual Rev C,KB-PHASE4-0454;KB-PHASE4-0455;KB-PHASE4-0456;KB-PHASE4-0461;KB-PHASE4-0483,https://knowledge1.thermofisher.com/Trace_Elemental_Analysis/Inductively_Coupled_Plasma_-_Optical_Emission_Spectroscopy_ICP-OES/iCAP_Operator_Manuals/BRE0004150_-_iCAP_7000_Series_Operating_Manual_Rev_C,text/html; charset=utf-8,47037,
https://lab.env.tsinghua.edu.cn/info/1567/2792.htm,open,200,2,清华大学,清华大学实验室安全准入实施细则,KB-RECO-0195;KB-RECO-0204,https://lab.env.tsinghua.edu.cn/info/1567/2792.htm,text/html,54448,
https://lcc.sjtu.edu.cn/Assets/userfiles/sys_eb538c1c-65ff-4e82-8e6a-a1ef01127fed/files/sysgl/%E4%B8%8A%E6%B5%B7%E4%BA%A4%E9%80%9A%E5%A4%A7%E5%AD%A6%E4%B8%AD%E8%8B%B1%E5%9B%BD%E9%99%85%E4%BD%8E%E7%A2%B3%E5%AD%A6%E9%99%A2%E5%AE%9E%E9%AA%8C%E5%AE%A4%E5%AE%89%E5%85%A8%E4%B8%8E%E7%AE%A1%E7%90%86%E8%A7%84%E8%8C%83.pdf,open,200,1,上海交通大学/高校通用,激光安全操作规范,KB-1028,https://lcc.sjtu.edu.cn/Assets/userfiles/sys_eb538c1c-65ff-4e82-8e6a-a1ef01127fed/files/sysgl/%E4%B8%8A%E6%B5%B7%E4%BA%A4%E9%80%9A%E5%A4%A7%E5%AD%A6%E4%B8%AD%E8%8B%B1%E5%9B%BD%E9%99%85%E4%BD%8E%E7%A2%B3%E5%AD%A6%E9%99%A2%E5%AE%9E%E9%AA%8C%E5%AE%A4%E5%AE%89%E5%85%A8%E4%B8%8E%E7%AE%A1%E7%90%86%E8%A7%84%E8%8C%83.pdf,application/pdf,65536,
https://life.sjtu.edu.cn/En/Data/View/6074,open,200,1,上海交通大学生命科学技术学院,实验室危险废弃物如何处理,WEBX-028-001,https://life.sjtu.edu.cn/En/Data/View/6074,text/html; charset=utf-8,47629,
https://life.sjtu.edu.cn/En/Data/View/6077,open,200,6,上海交通大学/高校通用;上海交通大学生命科学技术学院;高校通用/教育部,实验室常见危险设备操作注意事项,WEB-012-001;WEB-012-002;WEB-012-003;KB-1030;KB-1031,https://life.sjtu.edu.cn/En/Data/View/6077,text/html; charset=utf-8,49422,
https://linxue.njfu.edu.cn/aqgz/sysaq/20210929/i230277.html,open,200,1,南京林业大学林草水保学院,实验室安全的基本要求,WEB-001-001,https://linxue.njfu.edu.cn/aqgz/sysaq/20210929/i230277.html,text/html,18595,
https://makesafetyeasy.com/blog/chemical-storage-safety-guide,network_error,,3,OSHA/NFPA;OSHA/NFPA参考,Chemical Storage Safety Guide,KB-PHASE4-0309;KB-PHASE4-0347;KB-PHASE4-0348,,,0,"ReadTimeout: HTTPSConnectionPool(host='makesafetyeasy.com', port=443): Read timed out. (read timeout=15)"
https://manualmachine.com/perkinelmer/tga4000/2520538-user-manual/,blocked_or_forbidden,403,4,PerkinElmer,PerkinElmer TGA 4000 Safety Precautions,KB-PHASE4-0538;KB-PHASE4-0539;KB-PHASE4-0540;KB-PHASE4-0545,https://manualmachine.com/perkinelmer/tga4000/2520538-user-manual/,text/html; charset=UTF-8,5890,
https://med.stanford.edu/invitrobsl3/training.html,open,200,4,Stanford Medicine BSL 3/2 Service Center,Stanford BSL3 Training & Resources,KB-RECO-0200;KB-RECO-0211;KB-RECO-0261;KB-RECO-0267,https://med.stanford.edu/invitrobsl3/training.html,text/html;charset=utf-8,65536,
https://micromeritics.com/resources/liquid-nitrogen-level-when-using-isothermal-jackets/,open,200,2,Micromeritics,Liquid Nitrogen Level When Using Isothermal Jackets,KB-PHASE4-0560;KB-PHASE4-0561,https://micromeritics.com/resources/liquid-nitrogen-level-when-using-isothermal-jackets/,text/html; charset=UTF-8,65536,
https://nap.nationalacademies.org/catalog/12654/prudent-practices-in-the-laboratory,open,200,110,National Academies Press,Prudent Practices in the Laboratory (National Academies Press),KB-BLK-9002;KB-BLK-9008;KB-BLK-9012;KB-BLK-9013;KB-BLK-9021,https://www.nationalacademies.org/projects/BCST-L-05-06-A/publication/12654,text/html; charset=UTF-8,65536,
https://nationalmaglab.org/media/gocoa0b5/sp-13-chemical-safety-procedure.pdf,open,200,1,National MagLab (based on OSHA 1910.106 & NFPA),National High Magnetic Field Laboratory Chemical Safety Procedure,KB-PHASE4-0380,https://nationalmaglab.org/media/gocoa0b5/sp-13-chemical-safety-procedure.pdf,application/pdf,65536,
https://nmr.chem.ucsb.edu/docs/Bruker_NMR_Manuals/user_manual_topspin_ts40.pdf,open,200,1,Bruker BioSpin / UCSB,TopSpin User Guide User Manual,KB-PHASE4-0510,https://nmr.chem.ucsb.edu/docs/Bruker_NMR_Manuals/user_manual_topspin_ts40.pdf,application/pdf,65536,
https://nmr.nd.edu/assets/432368/bruker_nmr_training_g.1.pdf,open,200,1,University of Notre Dame / Bruker,BRUKER NMR TRAINING - Cryogenic Safety,KB-PHASE4-0500,https://nmr.nd.edu/assets/432368/bruker_nmr_training_g.1.pdf,application/pdf,65536,
https://oalm.swjtu.edu.cn/info/1201/21381.htm,open,200,4,教育部,高等学校实验室安全检查项目表(2025),KB-RECO-0372;KB-RECO-0373;KB-RECO-0374;KB-RECO-0375,https://oalm.swjtu.edu.cn/info/1201/21381.htm,text/html,33821,
https://openstd.samr.gov.cn/,network_error,,13,住建部;国家市场监督管理总局;国家市场监督管理总局 / OSHA;国家市场监督管理总局 / 国务院;国家标准化管理委员会(SAC),GB/T 34525-2017 气瓶搬运、装卸、储存和使用安全规定,KB-MSDS-2013;KB-SOP-3009;KB-GEN-4003;KB-GEN-4004;KB-BIO-5001,,,0,"ConnectionError: ('Connection aborted.', RemoteDisconnected('Remote end closed connection without response'))"
https://openstd.samr.gov.cn/bzgk/gb/newGbInfo?hcno=0E0C42CADDB0D3E8DA27FECB80CCDE02,network_error,,3,国家市场监督管理总局/国家标准委,GB/T 13869-2017 用电安全导则,KB-1011;KB-1013;KB-1014,,,0,"ConnectionError: ('Connection aborted.', RemoteDisconnected('Remote end closed connection without response'))"
https://openstd.samr.gov.cn/bzgk/gb/newGbInfo?hcno=9C6A99E26AE0CA7E47B4BC9E8DF01F84,network_error,,1,国家市场监督管理总局/国家标准委,GB 15258-2009 化学品安全标签编写规定,KB-1019,,,0,"ConnectionError: ('Connection aborted.', RemoteDisconnected('Remote end closed connection without response'))"
https://openstd.samr.gov.cn/bzgk/gb/newGbInfo?hcno=AEC2B0CFFC2BF1B8C7CF1888B77E2FE4,network_error,,2,国家市场监督管理总局/国家标准委,GB 19489-2008 实验室生物安全通用要求,KB-1016;KB-1017,,,0,"ConnectionError: ('Connection aborted.', RemoteDisconnected('Remote end closed connection without response'))"
https://openstd.samr.gov.cn/bzgk/std/newGbInfo?hcno=6C80C3CF343258529DA8841981A036D1,network_error,,1,国家标准全文公开系统,GB/T 27476.1-2014 检测实验室安全 第1部分：总则,KB-PHASE4-0794,,,0,"ConnectionError: ('Connection aborted.', RemoteDisconnected('Remote end closed connection without response'))"
https://openstd.samr.gov.cn/bzgk/std/newGbInfo?hcno=8BFEEBBE490CBAC79543F0DAD96F2E2E,network_error,,1,国家标准全文公开系统,GB/T 27476.5-2014 检测实验室安全 第5部分：化学因素,KB-PHASE4-0795,,,0,"ConnectionError: ('Connection aborted.', RemoteDisconnected('Remote end closed connection without response'))"
https://openstd.samr.gov.cn/bzgk/std/newGbInfo?hcno=EB3B94B543F6E4CD18C044DE6AB64CEC,network_error,,8,国家标准全文公开系统,GB 19489-2008 实验室生物安全通用要求,KB-RECO-0336;KB-RECO-0337;KB-RECO-0338;KB-RECO-0339;KB-RECO-0340,,,0,"ConnectionError: ('Connection aborted.', RemoteDisconnected('Remote end closed connection without response'))"
https://ors.od.nih.gov/sr/dohs/Documents/biosafety-in-microbiological-and-biomedical-laboratories.PDF,open,200,67,NIH Office of Research Services,NIH-hosted BMBL 6th Edition,EXT-NIH-BMBL6-001-8e5950f728;EXT-NIH-BMBL6-002-c7d08cacca;EXT-NIH-BMBL6-003-e7567679d4;EXT-NIH-BMBL6-004-91d93a3cf8;EXT-NIH-BMBL6-005-6205d07f18,https://ors.od.nih.gov/sr/dohs/Documents/biosafety-in-microbiological-and-biomedical-laboratories.PDF,application/pdf,65536,
https://ors.od.nih.gov/sr/dohs/Documents/chemical-hygiene-plan.pdf,open,200,78,NIH Office of Research Services,NIH Chemical Hygiene Plan,EXT-NIH-CHP-001-e7ad81d810;EXT-NIH-CHP-002-15e9160e25;EXT-NIH-CHP-003-81f1816132;EXT-NIH-CHP-004-b331b8f845;EXT-NIH-CHP-005-ad53cafeb8,https://ors.od.nih.gov/sr/dohs/Documents/chemical-hygiene-plan.pdf,application/pdf,65536,
https://ors.od.nih.gov/sr/dohs/Documents/chemical-safety-guide.pdf,open,200,70,NIH ORS;NIH Office of Research Services,NIH Chemical Safety Guide,EXT-NIH-CSG-001-5ec75f56c1;EXT-NIH-CSG-002-c53e537afe;EXT-NIH-CSG-003-c816806a7e;EXT-NIH-CSG-004-c4b36451f2;EXT-NIH-CSG-005-e32828bdd2,https://ors.od.nih.gov/sr/dohs/Documents/chemical-safety-guide.pdf,application/pdf,65536,
https://ors.od.nih.gov/sr/dohs/Documents/chemical-segregation-and-storage.pdf,open,200,16,NIH Office of Research Services,NIH Chemical Segregation and Storage,EXT-NIH-SEG-001-3ad6b93fc7;EXT-NIH-SEG-002-365bd3c358;EXT-NIH-SEG-003-e34c52ceb7;EXT-NIH-SEG-004-b340a83b7d;EXT-NIH-SEG-005-c7ae80f95a,https://ors.od.nih.gov/sr/dohs/Documents/chemical-segregation-and-storage.pdf,application/pdf,65536,
https://ors.od.nih.gov/sr/dohs/Documents/compressed-gas-and-cryogen-safety-guidelines-document.pdf,open,200,25,NIH ORS;NIH Office of Research Services,NIH Compressed Gas and Cryogen Safety Guidelines,KB-MSDS-2014;EXT-NIH-GAS-CRYO-001-8978855e9e;EXT-NIH-GAS-CRYO-002-a140d3487d;EXT-NIH-GAS-CRYO-003-63943521d4;EXT-NIH-GAS-CRYO-004-736834e690,https://ors.od.nih.gov/sr/dohs/Documents/compressed-gas-and-cryogen-safety-guidelines-document.pdf,application/pdf,65536,
https://ors.od.nih.gov/sr/dohs/Documents/cryogen-fact-sheet.pdf,open,200,5,NIH Office of Research Services,NIH Fact Sheet on Cryogens,EXT-NIH-CRYOGEN-FS-001-1c6a38c68f;EXT-NIH-CRYOGEN-FS-002-a8343f0cbb;EXT-NIH-CRYOGEN-FS-003-89e8e0cfb2;EXT-NIH-CRYOGEN-FS-004-fbc3c68699;EXT-NIH-CRYOGEN-FS-005-e105a50995,https://ors.od.nih.gov/sr/dohs/Documents/cryogen-fact-sheet.pdf,application/pdf,65536,
https://ors.od.nih.gov/sr/dohs/Documents/exempt-toxin-program-requirements.pdf,open,200,7,NIH Office of Research Services,NIH Exempt Toxin Program Requirements,EXT-NIH-TOXIN-001-56c5e72605;EXT-NIH-TOXIN-002-acc84800b6;EXT-NIH-TOXIN-003-30b84cf528;EXT-NIH-TOXIN-004-970f2cb735;EXT-NIH-TOXIN-005-07943cf9b9,https://ors.od.nih.gov/sr/dohs/Documents/exempt-toxin-program-requirements.pdf,application/pdf,65536,
https://ors.od.nih.gov/sr/dohs/Documents/exposure-control-plan.pdf,open,200,50,NIH Office of Research Services,NIH Exposure Control Program,EXT-NIH-ECP-001-d4c264a8b4;EXT-NIH-ECP-002-42f5b697c7;EXT-NIH-ECP-003-cd1d76837f;EXT-NIH-ECP-004-a06d5591b4;EXT-NIH-ECP-005-c405bf3876,https://ors.od.nih.gov/sr/dohs/Documents/exposure-control-plan.pdf,application/pdf,65536,
https://ors.od.nih.gov/sr/dohs/Documents/fact-sheet-on-chemical-storage-cabinets.pdf,open,200,7,NIH / NFPA;NIH Office of Research Services,NIH Fact Sheet on Chemical Storage Cabinets; NFPA 30,KB-MSDS-2012;EXT-NIH-CABINET-001-fb3443f154;EXT-NIH-CABINET-002-b2e098578c;EXT-NIH-CABINET-003-46c1af2c05;EXT-NIH-CABINET-004-bb3274306a,https://ors.od.nih.gov/sr/dohs/Documents/fact-sheet-on-chemical-storage-cabinets.pdf,application/pdf,65536,
https://ors.od.nih.gov/sr/dohs/Documents/fact-sheet-on-compatible-chemical-storage.pdf,open,200,4,NIH / 国家市场监督管理总局;NIH Office of Research Services,NIH Fact Sheet on Compatible Chemical Storage; GB 15603-2022 危险化学品仓库储存通则,KB-MSDS-2011;EXT-NIH-COMPAT-STORAGE-001-38f97b0451;EXT-NIH-COMPAT-STORAGE-002-2e8bc406f2;EXT-NIH-COMPAT-STORAGE-003-02be6de653,https://ors.od.nih.gov/sr/dohs/Documents/fact-sheet-on-compatible-chemical-storage.pdf,application/pdf,65536,
https://ors.od.nih.gov/sr/dohs/Documents/how-to-safely-clean-cfh-web.pdf,open,200,8,NIH Office of Research Services,NIH How to Safely Clean Chemical Fume Hoods,EXT-NIH-FUME-HOOD-CLEAN-001-2651858b68;EXT-NIH-FUME-HOOD-CLEAN-002-69d018cfda;EXT-NIH-FUME-HOOD-CLEAN-003-76926d7022;EXT-NIH-FUME-HOOD-CLEAN-004-207ceac7c9;EXT-NIH-FUME-HOOD-CLEAN-005-92d25325f7,https://ors.od.nih.gov/sr/dohs/Documents/how-to-safely-clean-cfh-web.pdf,application/pdf,65536,
https://ors.od.nih.gov/sr/dohs/Documents/inactivation-method-review-process.pdf,open,200,7,NIH Office of Research Services,NIH SOP 900 Approval Process for Inactivation Methods for Infectious Material,EXT-NIH-INACTIVATION-001-ff9be9c0a3;EXT-NIH-INACTIVATION-002-18aa6dc36a;EXT-NIH-INACTIVATION-003-96741c3b7e;EXT-NIH-INACTIVATION-004-c41ac68c9c;EXT-NIH-INACTIVATION-005-9e2e0f4b82,https://ors.od.nih.gov/sr/dohs/Documents/inactivation-method-review-process.pdf,application/pdf,65536,
https://ors.od.nih.gov/sr/dohs/Documents/lab-specific-sop-template.pdf,open,200,13,NIH Office of Research Services,NIH Lab Specific SOP Template,EXT-NIH-LAB-SOP-TEMPLATE-001-db4b02f040;EXT-NIH-LAB-SOP-TEMPLATE-002-cfd7b4a7b6;EXT-NIH-LAB-SOP-TEMPLATE-003-6a3375a719;EXT-NIH-LAB-SOP-TEMPLATE-004-d5d0894a5e;EXT-NIH-LAB-SOP-TEMPLATE-005-a3d5300a7b,https://ors.od.nih.gov/sr/dohs/Documents/lab-specific-sop-template.pdf,application/pdf,65536,
https://ors.od.nih.gov/sr/dohs/Documents/laboratory-coat-selection-guidance.pdf,open,200,14,NIH / OSHA;NIH Office of Research Services,NIH Guidance for the Selection of Laboratory Coats; OSHA PPE Standard,KB-GEN-4002;KB-GEN-4005;EXT-NIH-LABCOAT-001-76b2395e9d;EXT-NIH-LABCOAT-002-424517c24f;EXT-NIH-LABCOAT-003-bcb758b2d7,https://ors.od.nih.gov/sr/dohs/Documents/laboratory-coat-selection-guidance.pdf,application/pdf,65536,
https://ors.od.nih.gov/sr/dohs/Documents/laser-safety-program.pdf,open,200,34,NIH ORS;NIH Office of Research Services,NIH Laser Safety Program,EXT-NIH-LASER-001-d294a42e18;EXT-NIH-LASER-002-b52cd56047;EXT-NIH-LASER-003-26c544f62b;EXT-NIH-LASER-004-7cdc16df0a;EXT-NIH-LASER-005-f81cbce2e3,https://ors.od.nih.gov/sr/dohs/Documents/laser-safety-program.pdf,application/pdf,65536,
https://ors.od.nih.gov/sr/dohs/Documents/managing-peroxide-formers-in-the-lab.pdf,open,200,12,NIH Office of Research Services;应急管理部化学品登记中心 / NIH;生态环境部 / NIH,化学品安全数据说明书（SDS）-乙醚; NIH Peroxide Former Guide,KB-MSDS-2010;KB-MSDS-2017;EXT-NIH-PEROXIDE-001-62d7150807;EXT-NIH-PEROXIDE-002-0ae2662a0b;EXT-NIH-PEROXIDE-003-7c1f16e61a,https://ors.od.nih.gov/sr/dohs/Documents/managing-peroxide-formers-in-the-lab.pdf,application/pdf,65536,
https://ors.od.nih.gov/sr/dohs/Documents/managing-pyrophoric-and-water-reactive-chemicals-in-the-laboratories.pdf,open,200,18,NIH Office of Research Services,NIH Managing Pyrophoric and Water Reactive Chemicals in the Laboratories,EXT-NIH-PYRO-001-2fef110f78;EXT-NIH-PYRO-002-f6af596632;EXT-NIH-PYRO-003-113de8a3d5;EXT-NIH-PYRO-004-84f830d32a;EXT-NIH-PYRO-005-6307f1e2f8,https://ors.od.nih.gov/sr/dohs/Documents/managing-pyrophoric-and-water-reactive-chemicals-in-the-laboratories.pdf,application/pdf,65536,
https://ors.od.nih.gov/sr/dohs/Documents/nih-dichloromethane-health-and-safety-plan.pdf,open,200,18,NIH Office of Research Services,NIH Dichloromethane Health and Safety Plan,EXT-NIH-DCM-PLAN-001-8b2c656be5;EXT-NIH-DCM-PLAN-002-071d3dfca0;EXT-NIH-DCM-PLAN-003-deb5024b23;EXT-NIH-DCM-PLAN-004-5c47fe9f36;EXT-NIH-DCM-PLAN-005-8512335470,https://ors.od.nih.gov/sr/dohs/Documents/nih-dichloromethane-health-and-safety-plan.pdf,application/pdf,65536,
https://ors.od.nih.gov/sr/dohs/Documents/occupational-exposure-limits-for-chemicals.pdf,open,200,4,NIH Office of Research Services,NIH Occupational Exposure Limits for Chemicals,EXT-NIH-OEL-001-7891bdce97;EXT-NIH-OEL-002-fe68b1e84f;EXT-NIH-OEL-003-5bfd0a0336;EXT-NIH-OEL-004-073d74c68a,https://ors.od.nih.gov/sr/dohs/Documents/occupational-exposure-limits-for-chemicals.pdf,application/pdf,37177,
https://ors.od.nih.gov/sr/dohs/Documents/particularly-hazardous-substances-phs.pdf,open,200,9,NIH Office of Research Services,NIH Fact Sheet on Particularly Hazardous Substances,EXT-NIH-PHS-001-34d1691f41;EXT-NIH-PHS-002-071beeb41b;EXT-NIH-PHS-003-b2b90226f5;EXT-NIH-PHS-004-4ddf534094;EXT-NIH-PHS-005-171a06dcd6,https://ors.od.nih.gov/sr/dohs/Documents/particularly-hazardous-substances-phs.pdf,application/pdf,65536,
https://ors.od.nih.gov/sr/dohs/Documents/working-safely-with-dichloromethane.pdf,open,200,8,NIH Office of Research Services,NIH Working Safely with Dichloromethane,KB-MSDS-2009;EXT-NIH-DCM-001-3e21345a14;EXT-NIH-DCM-002-f99d30e56d;EXT-NIH-DCM-003-66dc9f7178;EXT-NIH-DCM-004-b13047b238,https://ors.od.nih.gov/sr/dohs/Documents/working-safely-with-dichloromethane.pdf,application/pdf,65536,
https://osp.od.nih.gov/biotechnology/nih-guidelines/,blocked_or_forbidden,403,2,NIH / CBD;National Institutes of Health,NIH Guidelines for Research Involving Recombinant DNA Molecules; Cartagena Protocol on Biosafety,KB-GAP-8030;KB-PHASE4-0791,https://osp.od.nih.gov/biotechnology/nih-guidelines/,text/html; charset=UTF-8,5727,"ConnectionError: HTTPSConnectionPool(host='osp.od.nih.gov', port=443): Read timed out."
https://osp.od.nih.gov/wp-content/uploads/NIH_Guidelines.pdf,blocked_or_forbidden,403,5,NIH,NIH Guidelines for Research Involving Recombinant or Synthetic Nucleic Acid Molecules,KB-RECO-0331;KB-RECO-0332;KB-RECO-0333;KB-RECO-0334;KB-RECO-0335,https://osp.od.nih.gov/wp-content/uploads/NIH_Guidelines.pdf,text/html; charset=UTF-8,0,"ConnectionError: HTTPSConnectionPool(host='osp.od.nih.gov', port=443): Read timed out."
https://physics.zju.edu.cn/2024/0326/c77289a2894887/page.psp,open,200,1,应急管理部,锂离子电池安全规范/危化品安全管理条例相关规定,KB-1015,https://physics.zju.edu.cn/2024/0326/c77289a2894887/page.psp,text/html;charset=UTF-8,2345,
https://policies.unc.edu/TDClient/2833/Portal/KB/ArticleDet?ID=131963,open,200,2,OSHA/UNC EHS;UNC EHS,Particularly Hazardous Substances - UNC EHS,KB-PHASE4-0307;KB-PHASE4-0312,https://policies.unc.edu/TDClient/2833/Portal/KB/Article/131963/Environment-Health-and-Safety-Manual-Chapter-05-09-Occupational-Safety-Policies-OSHA-Laboratory-Stan,text/html; charset=utf-8,63326,
https://policies.unc.edu/TDClient/2833/Portal/KB/ArticleDet?ID=132022,open,200,2,UNC EHS;UNC EHS/OSHA,Laboratory Safety Manual - Chapter 10: Fire Safety,KB-PHASE4-0297;KB-PHASE4-0298,https://policies.unc.edu/TDClient/2833/Portal/KB/Article/132022/Laboratory-Safety-Manual-Chapter-10-Fire-Safety,text/html; charset=utf-8,65536,
https://policies.unc.edu/TDClient/2833/Portal/KB/ArticleDet?ID=132032,open,200,1,OSHA/UNC EHS,Laboratory Safety Manual - Chapter 20: Formaldehyde Exposure Control Policy,KB-PHASE4-0281,https://policies.unc.edu/TDClient/2833/Portal/KB/Article/132032/Laboratory-Safety-Manual-Chapter-20-Formaldehyde-Exposure-Control-Policy,text/html; charset=utf-8,65536,
https://pubs.acs.org/doi/10.1016/j.jchas.2018.05.002,blocked_or_forbidden,403,1,American Chemical Society (Journal of Chemical Health & Safety),Safety Culture and Safety Compliance in Academic Laboratories,KB-RECO-0296,https://pubs.acs.org/doi/10.1016/j.jchas.2018.05.002,text/html; charset=UTF-8,5879,
https://pubs.acs.org/doi/10.1021/acs.jchemed.5b00511,blocked_or_forbidden,403,2,American Chemical Society,ACS Committee on Chemical Safety - Hazard Assessment,KB-RECO-0249;KB-RECO-0251,https://pubs.acs.org/doi/10.1021/acs.jchemed.5b00511,text/html; charset=UTF-8,5879,
https://radiology.ucsf.edu/patient-care/patient-safety/mri-safety-guidelines/access-restriction,blocked_or_forbidden,403,1,UCSF Radiology,Access Restriction - MRI Safety Guidelines,KB-PHASE4-0507,https://radiology.ucsf.edu/patient-care/patient-safety/mri-safety-guidelines/access-restriction,text/html; charset=UTF-8,6022,
https://reach.cdc.gov/sites/default/files/2025-07/Autoclave-Text-Version-UPDATED.pdf,open,200,2,CDC (Centers for Disease Control and Prevention),"Autoclave: Loading, Operating, and Unloading Scenario",KB-RECO-0388;KB-RECO-0389,https://reach.cdc.gov/sites/default/files/2025-07/Autoclave-Text-Version-UPDATED.pdf,application/pdf,65536,
https://reach.cdc.gov/sites/default/files/job-aids-resources/Crisis%20Response%20Toolkit.pdf,open,200,4,CDC (Centers for Disease Control and Prevention),Crisis Response Toolkit - Cleaning a Simple Chemical Spill,KB-RECO-0413;KB-RECO-0414;KB-RECO-0416;KB-RECO-0418,https://reach.cdc.gov/sites/default/files/job-aids-resources/Crisis%20Response%20Toolkit.pdf,application/pdf,65536,
https://reagent.bjmu.edu.cn/file/20230414134400495_%E5%AE%9E%E9%AA%8C%E5%AE%A4%E5%AE%89%E5%85%A8%E6%89%8B%E5%86%8C%E5%8D%B0%E5%88%B7%E7%89%8820210610.pdf,open,200,1,教育部/高校通用,放射性事故应急处置规范,KB-1027,https://reagent.bjmu.edu.cn/file/20230414134400495_%E5%AE%9E%E9%AA%8C%E5%AE%A4%E5%AE%89%E5%85%A8%E6%89%8B%E5%86%8C%E5%8D%B0%E5%88%B7%E7%89%8820210610.pdf,application/pdf,65536,
https://research.harvard.edu/research-policies-compliance/lab-safety/,open,200,1,Harvard University Office of the Vice Provost for Research,Lab Safety,KB-PHASE4-0586,https://research.harvard.edu/research-policies-compliance/lab-safety/,text/html; charset=UTF-8,72900,
https://sbc.cug.edu.cn/info/1234/3228.htm,open,200,2,中国地质大学（武汉）实验室与设备管理处,实验室危险废弃物安全处置管理办法,WEB-009-001;WEB-009-002,https://sbc.cug.edu.cn/info/1234/3228.htm,text/html,36129,
https://sbc.sysu.edu.cn/article/570,open,200,16,中山大学设备与实验室管理处;高校通用/教育部,化学化工实验室安全管理规范,WEB-007-001;WEB-007-002;WEB-007-003;WEB-007-004;WEB-007-005,https://sbc.sysu.edu.cn/article/570,text/html,65536,
https://sbc.sysu.edu.cn/article/670,open,200,11,中山大学设备与实验室管理处,实验室化学品安全管理实施细则,WEB-004-001;WEB-004-002;WEB-004-003;WEB-004-004;WEB-004-005,https://sbc.sysu.edu.cn/article/670,text/html,65536,
https://sciex.com/content/dam/SCIEX/pdf/customer-docs/user-guide/safety-practices-guide-en.pdf,open,200,2,SCIEX,SCIEX Safety Practices Guide,KB-PHASE4-0531;KB-PHASE4-0533,https://sciex.com/content/dam/SCIEX/pdf/customer-docs/user-guide/safety-practices-guide-en.pdf,application/pdf,65536,
https://sdss-samplepreparation.stanford.edu/training-and-safety,open,200,3,Stanford University,Stanford Sample Preparation Lab Training,KB-RECO-0203;KB-RECO-0245;KB-RECO-0271,https://sdss-samplepreparation.stanford.edu/training-and-safety,text/html; charset=UTF-8,26237,
https://smse.seu.edu.cn/_upload/article/2f/f2/c82ef33b4b0fa7e37d28e6e784be/e1702a0e-d3c7-4843-9d57-8a4c24093f9d.pdf,open,200,3,Bruker AXS,D8 X-ray Diffractometer Vol.I - General Safety Precautions,KB-PHASE4-0515;KB-PHASE4-0518;KB-PHASE4-0521,https://smse.seu.edu.cn/_upload/article/2f/f2/c82ef33b4b0fa7e37d28e6e784be/e1702a0e-d3c7-4843-9d57-8a4c24093f9d.pdf,application/pdf,65536,
https://spectrum.ieee.org/electrostatic-discharge,open,200,1,Institute of Electrical and Electronics Engineers (IEEE),Protecting Electronics Against Electrostatic Discharge,KB-RECO-0158,https://spectrum.ieee.org/electrostatic-discharge,text/html; charset=utf-8,65536,
https://stacks.cdc.gov/view/cdc/214551/cdc_214551_DS1.pdf,open,200,1,Centers for Disease Control and Prevention (CDC) / NIOSH,Acute Chemical Emergencies - Chemical Burns Management,KB-PHASE4-0275,https://stacks.cdc.gov/view/cdc/214551/cdc_214551_DS1.pdf,application/pdf,65536,
https://sysglc.ntu.edu.cn/2024/0326/c8767a230277/page.htm,open,200,2,教育部,高等学校实验室消防安全管理规范,KB-1032;KB-1033,https://sysglc.ntu.edu.cn/2024/0326/c8767a230277/page.htm,text/html,69415,
https://sysglzx.jxycu.edu.cn/2024/0619/c4101a129320/page.htm,open,200,1,宜春学院实验室管理中心,宜春学院实验室危险化学品、易制毒化学品管理办法,WEBX-031-001,https://sysglzx.jxycu.edu.cn/2024/0619/c4101a129320/page.psp,text/html;charset=UTF-8,43204,
https://tools.thermofisher.com/content/sfs/manuals/iCAP%206000%20Spectrometers%20Pre-Installation%20Manual%20v4%202.pdf,blocked_or_forbidden,403,1,Thermo Fisher Scientific,iCAP 6000 Series ICP-OES Pre-Installation Manual,KB-PHASE4-0457,https://tools.thermofisher.com/content/sfs/manuals/iCAP%206000%20Spectrometers%20Pre-Installation%20Manual%20v4%202.pdf,text/html,508,
https://tuttnauer.com/sites/default/files/2021-10/Manual-Autoclaves-Cleaning_Weekly.pdf,open,200,1,Tuttnauer,Tuttnauer Autoclave Maintenance Guide,KB-PHASE4-0567,https://tuttnauer.com/sites/default/files/2021-10/Manual-Autoclaves-Cleaning_Weekly.pdf,application/pdf,65536,
https://tuttnauer.com/us/support/faq-office-products,open,200,1,Tuttnauer,Tuttnauer Autoclave Safety Operation,KB-PHASE4-0566,https://tuttnauer.com/us/support/faq-office-products,text/html; charset=UTF-8,65536,
https://webstore.ansi.org/standards/aiha/ansiz9.5,blocked_or_forbidden,403,1,ANSI/AIHA,ANSI/AIHA Z9.5-2012 Laboratory Ventilation,KB-PHASE4-0803,https://webstore.ansi.org/standards/aiha/ansiz9.5,text/html; charset=UTF-8,5818,
https://webstore.ansi.org/standards/lia/ansiz13612014,blocked_or_forbidden,403,1,American National Standards Institute,ANSI Z136.1-2014 American National Standard for Safe Use of Lasers,KB-PHASE4-0761,https://webstore.ansi.org/standards/lia/ansiz13612014,text/html; charset=UTF-8,5851,
https://webstore.iec.ch/publication/3587,open,200,1,IEC,IEC 60825-1:2014 Safety of laser products,KB-RECO-0376,https://webstore.iec.ch/en/publication/3587,text/html; charset=UTF-8,66403,
https://www-pub.iaea.org/MTCD/Publications/PDF/Pub1578_web-57265295.pdf,open,200,6,IAEA,Radiation Protection and Safety of Radiation Sources: International Basic Safety Standards (GSR Part 3),KB-RECO-0349;KB-RECO-0350;KB-RECO-0351;KB-RECO-0352;KB-RECO-0353,https://www-pub.iaea.org/MTCD/Publications/PDF/Pub1578_web-57265295.pdf,application/pdf,65536,
https://www.acs.org/content/dam/acsorg/about/governance/committees/chemicalsafety/academic-safety-culture-report.pdf,open,200,1,American Chemical Society,ACS Creating Safety Cultures in Academic Institutions,KB-RECO-0294,https://www.acs.org/content/dam/acsorg/about/governance/committees/chemicalsafety/academic-safety-culture-report.pdf,text/html,212,
https://www.acs.org/content/dam/acsorg/acs-webinars/2018/slides/2018-10-11-lab-safety-culture-slides.pdf,open,200,1,American Chemical Society,ACS RAMP Safety Framework,KB-RECO-0295,https://www.acs.org/content/dam/acsorg/acs-webinars/2018/slides/2018-10-11-lab-safety-culture-slides.pdf,text/html,212,
https://www.agilent.com/cs/library/brochures/Getting_your_HPLC_Back_up_and_running_flyer.pdf,network_error,,1,Agilent Technologies,Getting your HPLC Back up and running flyer - Agilent,KB-PHASE4-0445,,,0,"ConnectionError: ('Connection aborted.', ConnectionResetError(10054, '远程主机强迫关闭了一个现有的连接。', None, 10054, None))"
https://www.agilent.com/cs/library/eseminars/public/gc-detector-design-troubleshooting-flame-ionization-fid-theory-basics-gas-flows-july212020.pdf,network_error,,1,Agilent Technologies,Eliminating the Fear Factor - GC Detector Design and Troubleshooting,KB-PHASE4-0427,,,0,"ConnectionError: ('Connection aborted.', ConnectionResetError(10054, '远程主机强迫关闭了一个现有的连接。', None, 10054, None))"
https://www.agilent.com/cs/library/primers/public/Best_Practice_LC_Operations.pdf,network_error,,2,Agilent Technologies,LC best practices tech note - Agilent,KB-PHASE4-0439;KB-PHASE4-0488,,,0,"ConnectionError: ('Connection aborted.', ConnectionResetError(10054, '远程主机强迫关闭了一个现有的连接。', None, 10054, None))"
https://www.agilent.com/cs/library/sitepreparationchecklists/7800_7900_ICP-MS_Site_Preparation_Checklist_Rev.B.pdf,network_error,,1,Agilent Technologies,Agilent 7800/7900 ICP-MS Site Preparation Checklist,KB-PHASE4-0449,,,0,"ConnectionError: ('Connection aborted.', ConnectionResetError(10054, '远程主机强迫关闭了一个现有的连接。', None, 10054, None))"
https://www.agilent.com/cs/library/sitepreparationchecklists/Agilent%208890%20GC%20Site%20Preparation%20Checklist.pdf,network_error,,1,Agilent Technologies,Agilent 8890 GC Site Preparation Checklist - Hydrogen Safety,KB-RECO-0001,,,0,"ConnectionError: ('Connection aborted.', ConnectionResetError(10054, '远程主机强迫关闭了一个现有的连接。', None, 10054, None))"
https://www.agilent.com/cs/library/usermanuals/public/5971-6636_Atomic_Safety_Info_EN.pdf,network_error,,1,Agilent Technologies,Agilent Atomic Spectroscopy Safety Information - General Electrical Safety,KB-RECO-0029,,,0,"ConnectionError: ('Connection aborted.', ConnectionResetError(10054, '远程主机强迫关闭了一个现有的连接。', None, 10054, None))"
https://www.agilent.com/cs/library/usermanuals/public/7890A%20GC%20User%20Manual%20Collection.pdf,network_error,,2,Agilent Technologies,Agilent 7890A GC User Manual Collection,KB-PHASE4-0428;KB-PHASE4-0480,,,0,"ConnectionError: ('Connection aborted.', ConnectionResetError(10054, '远程主机强迫关闭了一个现有的连接。', None, 10054, None))"
https://www.agilent.com/cs/library/usermanuals/public/7890B_Safety.pdf,network_error,,3,Agilent Technologies,Agilent 7890B GC Safety Manual,KB-PHASE4-0422;KB-PHASE4-0429;KB-PHASE4-0491,,,0,"ConnectionError: ('Connection aborted.', ConnectionResetError(10054, '远程主机强迫关闭了一个现有的连接。', None, 10054, None))"
https://www.agilent.com/cs/library/usermanuals/public/9000_Operation.pdf,network_error,,1,Agilent Technologies,Intuvo 9000 Gas Chromatograph Operation Manual - Before operating your GC,KB-RECO-0002,,,0,"ConnectionError: ('Connection aborted.', ConnectionResetError(10054, '远程主机强迫关闭了一个现有的连接。', None, 10054, None))"
https://www.agilent.com/cs/library/usermanuals/public/G1364E-User.pdf,network_error,,1,Agilent Technologies,Agilent 1260 Infinity II Preparative Fraction Collector User Manual,KB-PHASE4-0478,,,0,"ConnectionError: ('Connection aborted.', ConnectionResetError(10054, '远程主机强迫关闭了一个现有的连接。', None, 10054, None))"
https://www.agilent.com/cs/library/usermanuals/public/G3430-90052%207890B_Maintaining%20Guide.pdf,network_error,,1,Agilent Technologies,Agilent 7890B GC Maintaining Guide,KB-PHASE4-0433,,,0,"ConnectionError: ('Connection aborted.', ConnectionResetError(10054, '远程主机强迫关闭了一个现有的连接。', None, 10054, None))"
https://www.agilent.com/cs/library/usermanuals/public/user-guide-coverting-ei-gcms-instruments-5994-2312en-agilent.pdf,network_error,,1,Agilent Technologies,Agilent User Guide - Converting EI GCMS Instruments to Hydrogen,KB-PHASE4-0477,,,0,"ConnectionError: ('Connection aborted.', ConnectionResetError(10054, '远程主机强迫关闭了一个现有的连接。', None, 10054, None))"
https://www.agilent.com/cs/library/usermanuals/public/user-manual-gcms-hydrogen-safety-q7003-90053-en-agilent.pdf,network_error,,2,Agilent Technologies,Agilent GC/MS Hydrogen Safety User Manual,KB-PHASE4-0424;KB-PHASE4-0431,,,0,"ConnectionError: ('Connection aborted.', ConnectionResetError(10054, '远程主机强迫关闭了一个现有的连接。', None, 10054, None))"
https://www.agilent.com/cs/library/usermanuals/public/usermanual-gc-operation-8890-g3540-90014-en-agilent.pdf,network_error,,1,Agilent Technologies,Agilent 8890/8850 Gas Chromatograph Operation Manual,KB-PHASE4-0423,,,0,"ConnectionError: ('Connection aborted.', ConnectionResetError(10054, '远程主机强迫关闭了一个现有的连接。', None, 10054, None))"
https://www.agilent.com/en/product/atomic-spectroscopy/atomic-absorption/aas-resource-hub,network_error,,1,Agilent Technologies,Agilent AAS Resource Hub - Safe Storage Solutions,KB-PHASE4-0476,,,0,"ConnectionError: ('Connection aborted.', ConnectionResetError(10054, '远程主机强迫关闭了一个现有的连接。', None, 10054, None))"
https://www.agilent.com/en/product/atomic-spectroscopy/atomic-absorption/atomic-absorption-background-correction-lamps/deuterium-lamps,network_error,,1,Agilent Technologies,Deuterium Lamps for Atomic Absorption and UV Detectors - Agilent,KB-PHASE4-0446,,,0,"ConnectionError: ('Connection aborted.', ConnectionResetError(10054, '远程主机强迫关闭了一个现有的连接。', None, 10054, None))"
https://www.agilent.com/en/product/atomic-spectroscopy/atomic-absorption/atomic-absorption-hollow-cathode-lamps,network_error,,1,Agilent Technologies,Agilent AAS Hollow Cathode Lamps Safety,KB-PHASE4-0486,,,0,"ConnectionError: ('Connection aborted.', ConnectionResetError(10054, '远程主机强迫关闭了一个现有的连接。', None, 10054, None))"
https://www.agilent.com/en/product/atomic-spectroscopy/inductively-coupled-plasma-mass-spectrometry-icp-ms/icp-ms-instrument-accessory-supplies/tools-manuals-for-icp-ms,network_error,,1,Agilent Technologies,Agilent ICP-MS Interface Cones FAQs,KB-PHASE4-0475,,,0,"ConnectionError: ('Connection aborted.', ConnectionResetError(10054, '远程主机强迫关闭了一个现有的连接。', None, 10054, None))"
https://www.agilent.com/en/product/atomic-spectroscopy/inductively-coupled-plasma-mass-spectrometry-icp-ms/icp-ms-instruments/7800-icp-ms,network_error,,1,Agilent Technologies,Agilent 7800 ICP-MS - HMI Technology,KB-PHASE4-0489,,,0,"ConnectionError: ('Connection aborted.', ConnectionResetError(10054, '远程主机强迫关闭了一个现有的连接。', None, 10054, None))"
https://www.agilent.com/en/product/liquid-chromatography/hplc-detectors,network_error,,1,Agilent Technologies,Agilent HPLC PDA Detector Safety,KB-PHASE4-0492,,,0,"ConnectionError: ('Connection aborted.', ConnectionResetError(10054, '远程主机强迫关闭了一个现有的连接。', None, 10054, None))"
https://www.agilent.com/en/product/liquid-chromatography/hplc-supplies-accessories,network_error,,1,Agilent Technologies,HPLC Supplies and Accessories - Agilent,KB-PHASE4-0440,,,0,"ConnectionError: ('Connection aborted.', ConnectionResetError(10054, '远程主机强迫关闭了一个现有的连接。', None, 10054, None))"
https://www.agilent.com/en/product/liquid-chromatography/hplc-supplies-accessories/solvent-management-for-hplc/stay-safe-caps-accessories-for-hplc,network_error,,1,Agilent Technologies,Agilent InfinityLab Stay Safe Caps and Accessories,KB-PHASE4-0436,,,0,"ConnectionError: ('Connection aborted.', ConnectionResetError(10054, '远程主机强迫关闭了一个现有的连接。', None, 10054, None))"
https://www.agilent.com/en/product/liquid-chromatography/hplc-systems,network_error,,1,Agilent Technologies,HPLC Fundamentals and FAQs - Agilent,KB-PHASE4-0437,,,0,"ConnectionError: ('Connection aborted.', ConnectionResetError(10054, '远程主机强迫关闭了一个现有的连接。', None, 10054, None))"
https://www.agilent.com/en/product/liquid-chromatography/hplc-systems/preparative-hplc-systems/1290-infinity-ii-preparative-lc-msd-system,network_error,,1,Agilent Technologies,Agilent 1290 Infinity II Preparative LC/MSD System,KB-PHASE4-0442,,,0,"ConnectionError: ('Connection aborted.', ConnectionResetError(10054, '远程主机强迫关闭了一个现有的连接。', None, 10054, None))"
https://www.agilent.com/en/product/liquid-chromatography/mass-spectrometry-lc-ms,network_error,,1,Agilent Technologies,Agilent LC/MS Safety Resources,KB-EQUIP2-0026,,,0,"ConnectionError: ('Connection aborted.', ConnectionResetError(10054, '远程主机强迫关闭了一个现有的连接。', None, 10054, None))"
https://www.agilent.com/en/product/liquid-chromatography/mass-spectrometry-lc-ms/infinitylab-lc-msd-series,network_error,,1,Agilent Technologies,Agilent InfinityLab LC/MSD Series Safety,KB-PHASE4-0474,,,0,"ConnectionError: ('Connection aborted.', ConnectionResetError(10054, '远程主机强迫关闭了一个现有的连接。', None, 10054, None))"
https://www.agilent.com/library/usermanuals/Public/G9214-90000_RapidFire360_User_RevD.pdf,network_error,,1,Agilent Technologies,Agilent G9214AA RapidFire 360 User Guide,KB-PHASE4-0537,,,0,"ConnectionError: ('Connection aborted.', ConnectionResetError(10054, '远程主机强迫关闭了一个现有的连接。', None, 10054, None))"
https://www.atcc.org/resources/culture-guides,open,200,1,WHO / ATCC,WHO Laboratory Biosafety Manual; ATCC Cell Culture Guide,KB-GAP-8029,https://www.atcc.org/resources/culture-guides,text/html; charset=utf-8,67979,
https://www.atsdr.cdc.gov/emergency-response/resources/emergency-responders.html,open,200,1,Centers for Disease Control and Prevention (CDC) / NIOSH,Emergency Responders | ATSDR,KB-PHASE4-0266,https://www.atsdr.cdc.gov/emergency-response/resources/emergency-responders.html,text/html,44711,
https://www.bc.edu/content/dam/bc1/schools/mcas/Chemistry/pdf/research/nmr/NMR_Safety_Plan.pdf,open,200,3,Boston College NMR Center,NMR Center Safety Plan,KB-PHASE4-0496;KB-PHASE4-0502;KB-PHASE4-0505,https://www.bc.edu/content/dam/bc1/schools/mcas/Chemistry/pdf/research/nmr/NMR_Safety_Plan.pdf,application/pdf,65536,
https://www.beckman.com/landing/centrifuges/optima-x,blocked_or_forbidden,403,1,Beckman Coulter,Beckman Coulter Optima X Ultracentrifuge Rotor Safety,KB-PHASE4-0564,https://www.beckman.com/landing/centrifuges/optima-x,text/html; charset=UTF-8,5852,
https://www.birmingham.ac.uk/documents/college-eps/chemical/science-city/brochure-br010en-03-a-invia-confocal-raman-microscope-1.pdf,open,200,1,Renishaw brochure mirror hosted by University of Birmingham,inVia research-grade confocal Raman microscopes brochure,KB-PHASE4-0553,https://www.birmingham.ac.uk/documents/college-eps/chemical/science-city/brochure-br010en-03-a-invia-confocal-raman-microscope-1.pdf,application/pdf,65536,
https://www.bruker.com/en/landingpages/bbio/fourier-80-academic-research.html,open,200,1,Bruker Corporation,Fourier 80 Benchtop NMR for Academic Research,KB-PHASE4-0501,https://www.bruker.com/en/landingpages/bbio/fourier-80-academic-research.html,text/html;charset=utf-8,65536,
https://www.bruker.com/en/news-and-events/news/2021/bruker-connects-1000th-nmr-magnet-to-labscape-remote-monitoring.html,open,200,2,Bruker Corporation,Bruker LabScape Remote Monitoring - Cryogen Level Safety,KB-RECO-0039;KB-PHASE4-0499,https://www.bruker.com/en/news-and-events/news/2021/bruker-connects-1000th-nmr-magnet-to-labscape-remote-monitoring.html,text/html;charset=utf-8,49024,
https://www.bruker.com/en/news-and-events/news/2023/bruker-announces-new-d6-phaser-benchtop-x-ray-diffraction-platform-for-materials-analysis-and-advanced-research.html,open,200,1,Bruker AXS,Bruker Announces New D6 PHASER Benchtop XRD Platform,KB-PHASE4-0516,https://www.bruker.com/en/news-and-events/news/2023/bruker-announces-new-d6-phaser-benchtop-x-ray-diffraction-platform-for-materials-analysis-and-advanced-research.html,text/html;charset=utf-8,55181,
https://www.bruker.com/en/news-and-events/newsletter/2021/first-newsletter-february-2021.html,blocked_or_forbidden,401,1,Bruker Corporation,Bruker S6 JAGUAR WDXRF - Radiation Safety,KB-RECO-0043,https://my.bruker.com/acton/fs/blocks/showLandingPage/a/2655/p/p-02d5/t/page/fm/0,text/html;charset=UTF-8,1208,
https://www.bruker.com/en/products-and-solutions/diffractometers-and-x-ray-microscopes/single-crystal-x-ray-diffractometers/d8-venture.html,open,200,1,Bruker Corporation,Bruker D8 VENTURE - Advanced Safety Enclosure,KB-RECO-0045,https://www.bruker.com/en/products-and-solutions/diffractometers-and-x-ray-microscopes/single-crystal-x-ray-diffractometers/d8-venture.html,text/html;charset=utf-8,65536,
https://www.bruker.com/en/products-and-solutions/diffractometers-and-x-ray-microscopes/single-crystal-x-ray-diffractometers/sc-xrd-components/isx-stage.html,open,200,1,Bruker AXS,ISX Stage - In-situ Crystallography,KB-PHASE4-0520,https://www.bruker.com/en/products-and-solutions/diffractometers-and-x-ray-microscopes/single-crystal-x-ray-diffractometers/sc-xrd-components/isx-stage.html,text/html;charset=utf-8,65536,
https://www.bruker.com/en/products-and-solutions/diffractometers-and-x-ray-microscopes/x-ray-diffractometers/d8-advance-family.html,open,200,4,Bruker AXS;Bruker Corporation,Bruker D8 Family - Emergency Stop Procedures,KB-RECO-0046;KB-PHASE4-0513;KB-PHASE4-0522;KB-PHASE4-0525,https://www.bruker.com/en/products-and-solutions/diffractometers-and-x-ray-microscopes/x-ray-diffractometers/d8-advance-family.html,text/html;charset=utf-8,65536,
https://www.bruker.com/en/products-and-solutions/diffractometers-and-x-ray-microscopes/x-ray-diffractometers/d8-advance-family/d8-advance.html,open,200,3,Bruker Corporation,Bruker D8 ADVANCE Safety Enclosure - X-ray Radiation Safety,KB-RECO-0041;KB-RECO-0042;KB-RECO-0044,https://www.bruker.com/en/products-and-solutions/diffractometers-and-x-ray-microscopes/x-ray-diffractometers/d8-advance-family/d8-advance.html,text/html;charset=utf-8,65536,
https://www.bruker.com/en/products-and-solutions/diffractometers-and-x-ray-microscopes/x-ray-diffractometers/d8-discover-family.html,open,200,1,Bruker AXS,D8 DISCOVER Family - Spacious Safety Enclosure,KB-PHASE4-0514,https://www.bruker.com/en/products-and-solutions/diffractometers-and-x-ray-microscopes/x-ray-diffractometers/d8-discover-family.html,text/html;charset=utf-8,65536,
https://www.bruker.com/en/products-and-solutions/diffractometers-and-x-ray-microscopes/x-ray-diffractometers/d8-endeavor.html,open,200,1,Bruker AXS,D8 ENDEAVOR - XRD system,KB-PHASE4-0519,https://www.bruker.com/en/products-and-solutions/diffractometers-and-x-ray-microscopes/x-ray-diffractometers/d8-endeavor.html,text/html;charset=utf-8,65536,
https://www.ccohs.ca/topics/hazards/chemical,open,200,1,CCOHS,CCOHS Chemical Hazards,WEB82-028-001,https://www.ccohs.ca/topics/hazards/chemical,text/html; charset=utf-8,33208,
https://www.ccohs.ca/topics/hazards/chemical/effects,open,200,1,CCOHS,CCOHS Chemical Effects,WEB82-030-001,https://www.ccohs.ca/topics/hazards/chemical/effects,text/html; charset=utf-8,37969,
https://www.ccohs.ca/topics/hazards/chemical/whmis,open,200,1,CCOHS,CCOHS WHMIS,WEB82-029-001,https://www.ccohs.ca/topics/hazards/chemical/whmis,text/html; charset=utf-8,46385,
https://www.cdc.gov/bird-flu/php/severe-potential/guidelines-for-laboratory-biosafety.html,blocked_or_forbidden,403,1,CDC (Centers for Disease Control and Prevention),Guidelines for Laboratory Biosafety: Handling and Processing Specimens,KB-RECO-0381,https://www.cdc.gov/bird-flu/php/severe-potential/guidelines-for-laboratory-biosafety.html,text/html,471,
https://www.cdc.gov/chemical-threats-and-toxins-laboratory/about/index.html,blocked_or_forbidden,403,1,Centers for Disease Control and Prevention (CDC) / NIOSH,About Chemical Threats and Toxins Laboratory,KB-PHASE4-0226,https://www.cdc.gov/chemical-threats-and-toxins-laboratory/about/index.html,text/html,448,
https://www.cdc.gov/chemical-threats-and-toxins-laboratory/php/story/chemical-terrorism-preparation.html,blocked_or_forbidden,403,1,Centers for Disease Control and Prevention (CDC) / NIOSH,How CDC Prepares for Chemical Terrorism,KB-PHASE4-0225,https://www.cdc.gov/chemical-threats-and-toxins-laboratory/php/story/chemical-terrorism-preparation.html,text/html,489,
https://www.cdc.gov/eis/field-epi-manual/chapters/Epi-lab-Collaboration.html,blocked_or_forbidden,403,1,Centers for Disease Control and Prevention (CDC) / NIOSH,Optimizing Epidemiology-Laboratory Collaborations | CDC,KB-PHASE4-0265,https://www.cdc.gov/eis/field-epi-manual/chapters/Epi-lab-Collaboration.html,text/html,453,
https://www.cdc.gov/laboratory-systems/php/about/index.html,blocked_or_forbidden,403,1,CDC,CDC Laboratory Systems About,WEB82-022-001,https://www.cdc.gov/laboratory-systems/php/about/index.html,text/html,424,
https://www.cdc.gov/labs/BMBL.html,blocked_or_forbidden,403,27,CDC/NIH,"Biosafety in Microbiological and Biomedical Laboratories (BMBL), 6th Edition",KB-BLK-9033;KB-BLK-9035;KB-BLK-9036;KB-BLK-9037;KB-BLK-9038,https://www.cdc.gov/labs/BMBL.html,text/html,387,
https://www.cdc.gov/labs/bmbl.html,blocked_or_forbidden,403,5,Centers for Disease Control and Prevention;Centers for Disease Control and Prevention / National Institutes of Health,Biosafety in Microbiological and Biomedical Laboratories,KB-PHASE4-0752;KB-PHASE4-0753;KB-PHASE4-0788;KB-PHASE4-0789;KB-PHASE4-0790,https://www.cdc.gov/labs/bmbl.html,text/html,387,
https://www.cdc.gov/labs/bmbl/,blocked_or_forbidden,403,8,CDC,Biosafety in Microbiological and Biomedical Laboratories (BMBL) 6th Edition,KB-RECO-0323;KB-RECO-0324;KB-RECO-0325;KB-RECO-0326;KB-RECO-0327,https://www.cdc.gov/labs/bmbl/,text/html,383,
https://www.cdc.gov/labs/bmbl/index.html,blocked_or_forbidden,403,2,CDC/NIH;Centers for Disease Control and Prevention (CDC) / NIH,Biosafety in Microbiological and Biomedical Laboratories (BMBL) 6th Edition,WEBX-019-001;KB-RECO-0193,https://www.cdc.gov/labs/bmbl/index.html,text/html,397,
https://www.cdc.gov/labs/index.html,blocked_or_forbidden,403,1,CDC,CDC Labs Home,WEB82-023-001,https://www.cdc.gov/labs/index.html,text/html,388,
https://www.cdc.gov/labs/pdf/SF__19_308133-A_BMBL6_00-BOOK-WEB-final-3.pdf,open,200,139,CDC/NIH,"Biosafety in Microbiological and Biomedical Laboratories (BMBL), 6th Edition",EXT-CDC-BMBL6-001-907f20c698;EXT-CDC-BMBL6-002-66e597b874;EXT-CDC-BMBL6-003-6bb839e309;EXT-CDC-BMBL6-004-5978fafaf3;EXT-CDC-BMBL6-005-65bdf3b100,https://www.cdc.gov/labs/pdf/SF__19_308133-A_BMBL6_00-BOOK-WEB-final-3.pdf,application/pdf,65536,
https://www.cdc.gov/mmWR/preview/mmwrhtml/00001222.htm,blocked_or_forbidden,403,1,CDC,Formaldehyde Exposures in a Gross Anatomy Laboratory -- Colorado | CDC,KB-PHASE4-0282,https://www.cdc.gov/mmWR/preview/mmwrhtml/00001222.htm,text/html,415,
https://www.cdc.gov/mmwr/preview/mmwrhtml/00001761.htm,blocked_or_forbidden,403,1,Centers for Disease Control and Prevention (CDC) / NIOSH,NIOSH Recommendations for Occupational Safety and Health Standards 1988,KB-PHASE4-0263,https://www.cdc.gov/mmwr/preview/mmwrhtml/00001761.htm,text/html,415,
https://www.cdc.gov/mmwr/preview/mmwrhtml/00016258.htm,blocked_or_forbidden,403,1,Centers for Disease Control and Prevention (CDC) / NIOSH,NIOH and NIOSH Basis for an Occupational Health Standard: Acrylamide,KB-PHASE4-0215,https://www.cdc.gov/mmwr/preview/mmwrhtml/00016258.htm,text/html,415,
https://www.cdc.gov/mmwr/preview/mmwrhtml/00026209.htm,blocked_or_forbidden,403,1,Centers for Disease Control and Prevention (CDC) / NIOSH,NEG and NIOSH Basis for an Occupational Health Standard: Ethyl Ether,KB-PHASE4-0251,https://www.cdc.gov/mmwr/preview/mmwrhtml/00026209.htm,text/html,415,
https://www.cdc.gov/mmwr/preview/mmwrhtml/su6101a1.htm,blocked_or_forbidden,403,14,CDC (Centers for Disease Control and Prevention);Centers for Disease Control and Prevention;Centers for Disease Control and Prevention (CDC);Centers for Disease Control and Prevention (CDC) / NIOSH,Guidelines for Safe Work Practices in Diagnostic Laboratories,KB-RECO-0168;KB-RECO-0169;KB-RECO-0186;KB-RECO-0379;KB-RECO-0380,https://www.cdc.gov/mmwr/preview/mmwrhtml/su6101a1.htm,text/html,415,
https://www.cdc.gov/monkeypox/php/laboratories/biosafety.html,blocked_or_forbidden,403,1,Centers for Disease Control and Prevention,Laboratory Biosafety for Handling and Processing Monkeypox Specimens,KB-PHASE4-0738,https://www.cdc.gov/monkeypox/php/laboratories/biosafety.html,text/html,422,
https://www.cdc.gov/niosh/bulletin/2015/tank-gauging.html,blocked_or_forbidden,403,1,Centers for Disease Control and Prevention (CDC) / NIOSH,Reports of Worker Fatalities during Manual Tank Gauging - NIOSH,KB-PHASE4-0242,https://www.cdc.gov/niosh/bulletin/2015/tank-gauging.html,text/html,422,
https://www.cdc.gov/niosh/bulletin/2016/noise.html,blocked_or_forbidden,403,1,Centers for Disease Control and Prevention (CDC) / NIOSH,Understanding Noise Exposure Limits: Occupational vs. General Environmental Noise,KB-PHASE4-0224,https://www.cdc.gov/niosh/bulletin/2016/noise.html,text/html,411,
https://www.cdc.gov/niosh/bulletin/2026/contaminated-ff-gear.html,blocked_or_forbidden,403,1,Centers for Disease Control and Prevention (CDC) / NIOSH,Protecting Firefighters from Contaminated Gear,KB-PHASE4-0222,https://www.cdc.gov/niosh/bulletin/2026/contaminated-ff-gear.html,text/html,434,
https://www.cdc.gov/niosh/chemicals/,blocked_or_forbidden,403,1,Centers for Disease Control and Prevention (CDC) / NIOSH,NIOSH Chemical Safety in the Workplace,KB-PHASE4-0259,https://www.cdc.gov/niosh/chemicals/,text/html,389,
https://www.cdc.gov/niosh/docket/archive/docket295.html,blocked_or_forbidden,403,1,Centers for Disease Control and Prevention (CDC) / NIOSH,NIOSH Docket 295: Occupational Exposures to Peracetic Acid,KB-PHASE4-0219,https://www.cdc.gov/niosh/docket/archive/docket295.html,text/html,416,
https://www.cdc.gov/niosh/docket/archive/pdfs/NIOSH-159/0159-020109-Sheet404.pdf,open,200,3,CDC/NIOSH;Centers for Disease Control and Prevention (CDC) / NIOSH,Control Guidance Sheet 404 - Glutaraldehyde Spill,KB-RECO-0415;KB-PHASE4-0218;KB-PHASE4-0252,https://www.cdc.gov/niosh/docket/archive/pdfs/NIOSH-159/0159-020109-Sheet404.pdf,application/pdf,65536,
https://www.cdc.gov/niosh/docs/2007-107/default.html,blocked_or_forbidden,403,1,NIOSH/CDC,School Chemistry Laboratory Safety Guide,WEBX-027-001,https://www.cdc.gov/niosh/docs/2007-107/default.html,text/html,417,
https://www.cdc.gov/niosh/docs/2007-107/pdfs/2007-107.pdf,open,200,4,CDC/NIOSH;Centers for Disease Control and Prevention (CDC) / NIOSH,School Chemistry Laboratory Safety Guide,KB-PHASE4-0223;KB-PHASE4-0261;KB-PHASE4-0301;KB-PHASE4-0349,https://www.cdc.gov/niosh/docs/2007-107/pdfs/2007-107.pdf,application/pdf,65536,
https://www.cdc.gov/niosh/docs/2009-147/pdfs/2009-147-revised.pdf,open,200,1,Centers for Disease Control and Prevention (CDC) / NIOSH,Current Intelligence Bulletin 61: A Strategy for Assigning New NIOSH Skin Notations,KB-PHASE4-0213,https://www.cdc.gov/niosh/docs/2009-147/pdfs/2009-147-revised.pdf,application/pdf,65536,
https://www.cdc.gov/niosh/docs/2011-199/pdfs/2011-199.pdf,open,200,1,Centers for Disease Control and Prevention (CDC) / NIOSH,Effects of Skin Contact with Chemicals: What a Worker Should Know,KB-PHASE4-0211,https://www.cdc.gov/niosh/docs/2011-199/pdfs/2011-199.pdf,application/pdf,65536,
https://www.cdc.gov/niosh/docs/2011-200/pdfs/2011-200.pdf,open,200,1,Centers for Disease Control and Prevention (CDC) / NIOSH,Effects of Skin Contact with Chemicals: Guidance for Occupational Health Professionals and Employers,KB-PHASE4-0212,https://www.cdc.gov/niosh/docs/2011-200/pdfs/2011-200.pdf,application/pdf,65536,
https://www.cdc.gov/niosh/docs/2012-123/pdfs/2012-123.pdf,open,200,1,CDC/NIOSH,How to Prevent Needlestick and Sharps Injuries,KB-RECO-0399,https://www.cdc.gov/niosh/docs/2012-123/pdfs/2012-123.pdf,application/pdf,65536,
https://www.cdc.gov/niosh/docs/2013-145/default.html,blocked_or_forbidden,403,1,Centers for Disease Control and Prevention (CDC) / NIOSH,Occupational Exposure to Carbon Nanotubes and Nanofibers - CIB 65,KB-PHASE4-0217,https://www.cdc.gov/niosh/docs/2013-145/default.html,text/html,417,
https://www.cdc.gov/niosh/docs/2014-102/pdfs/2014-102.pdf,open,200,2,CDC/NIOSH,Current Strategies for Engineering Controls in Nanomaterial Production and Downstream Handling Processes,KB-RECO-0408;KB-RECO-0409,https://www.cdc.gov/niosh/docs/2014-102/pdfs/2014-102.pdf,application/pdf,65536,
https://www.cdc.gov/niosh/docs/2021-112/default.html,blocked_or_forbidden,403,2,CDC/NIOSH;Centers for Disease Control and Prevention (CDC) / NIOSH,Health Effects of Occupational Exposure to Silver Nanomaterials,KB-PHASE4-0216;KB-PHASE4-0306,https://www.cdc.gov/niosh/docs/2021-112/default.html,text/html,417,
https://www.cdc.gov/niosh/docs/2023-139/pdfs/2023-139revised092023.pdf,open,200,1,Centers for Disease Control and Prevention (CDC) / NIOSH,Personal Protective Equipment Recommendations for Chemical Suicide Response,KB-PHASE4-0229,https://www.cdc.gov/niosh/docs/2023-139/pdfs/2023-139revised092023.pdf,application/pdf,65536,
https://www.cdc.gov/niosh/docs/2025-107/pdfs/2025-107.pdf,open,200,1,Centers for Disease Control and Prevention (CDC) / NIOSH,NIOSH Emergency Responder Health Monitoring and Surveillance,KB-PHASE4-0228,https://www.cdc.gov/niosh/docs/2025-107/pdfs/2025-107.pdf,application/pdf,65536,
https://www.cdc.gov/niosh/docs/87-104/default.html,blocked_or_forbidden,403,1,Centers for Disease Control and Prevention (CDC) / NIOSH,Organic Solvent Neurotoxicity - Current Intelligence Bulletin 48,KB-PHASE4-0214,https://www.cdc.gov/niosh/docs/87-104/default.html,text/html,415,
https://www.cdc.gov/niosh/docs/hazardcontrol/hc24.html,blocked_or_forbidden,403,1,Centers for Disease Control and Prevention (CDC) / NIOSH,Controlling Cleaning-Solvent Vapors at Small Printers,KB-PHASE4-0221,https://www.cdc.gov/niosh/docs/hazardcontrol/hc24.html,text/html,415,
https://www.cdc.gov/niosh/docs/hazardcontrol/hc26.html,blocked_or_forbidden,403,1,Centers for Disease Control and Prevention (CDC) / NIOSH,Controlling Formaldehyde Exposures During Embalming,KB-PHASE4-0240,https://www.cdc.gov/niosh/docs/hazardcontrol/hc26.html,text/html,415,
https://www.cdc.gov/niosh/docs/mining/works/coversheet2222.html,blocked_or_forbidden,403,1,Centers for Disease Control and Prevention (CDC) / NIOSH,Emergency Decision-making Underground Coal Mine Escape,KB-PHASE4-0235,https://www.cdc.gov/niosh/docs/mining/works/coversheet2222.html,text/html,428,
https://www.cdc.gov/niosh/docs/wp-solutions/2025-100/pdfs/2025-100.pdf,open,200,1,Centers for Disease Control and Prevention (CDC) / NIOSH,Reducing Hearing Loss in Recycling Workers,KB-PHASE4-0264,https://www.cdc.gov/niosh/docs/wp-solutions/2025-100/pdfs/2025-100.pdf,application/pdf,65536,
https://www.cdc.gov/niosh/engcontrols/ecd/detail28.html,blocked_or_forbidden,403,1,Centers for Disease Control and Prevention (CDC) / NIOSH,Museums (Acids and Alkalis) - Engineering Controls Database,KB-PHASE4-0220,https://www.cdc.gov/niosh/engcontrols/ecd/detail28.html,text/html,416,
https://www.cdc.gov/niosh/ershdb/about.html,blocked_or_forbidden,403,1,Centers for Disease Control and Prevention (CDC) / NIOSH,NFPA 704 Signal | NIOSH Emergency Response Cards,KB-PHASE4-0271,https://www.cdc.gov/niosh/ershdb/about.html,text/html,400,
https://www.cdc.gov/niosh/ershdb/default.html,blocked_or_forbidden,403,1,Centers for Disease Control and Prevention (CDC) / NIOSH,Emergency Response Safety and Health Database (ERSH-DB) | NIOSH,KB-PHASE4-0273,https://www.cdc.gov/niosh/ershdb/default.html,text/html,402,
https://www.cdc.gov/niosh/ershdb/emergencyresponsecard_29750006.html,blocked_or_forbidden,403,1,Centers for Disease Control and Prevention (CDC) / NIOSH,Lewisite (L): Blister Agent | NIOSH Emergency Response Card,KB-PHASE4-0238,https://www.cdc.gov/niosh/ershdb/emergencyresponsecard_29750006.html,text/html,429,
https://www.cdc.gov/niosh/ershdb/emergencyresponsecard_29750007.html,blocked_or_forbidden,403,2,Centers for Disease Control and Prevention (CDC) / NIOSH,Mustard-Lewisite Mixture (HL): Blister Agent | NIOSH Emergency Response Card,KB-PHASE4-0239;KB-PHASE4-0276,https://www.cdc.gov/niosh/ershdb/emergencyresponsecard_29750007.html,text/html,429,
https://www.cdc.gov/niosh/ershdb/emergencyresponsecard_29750012.html,blocked_or_forbidden,403,1,Centers for Disease Control and Prevention (CDC) / NIOSH,Nitrogen Mustard HN-3: Blister Agent | NIOSH Emergency Response Card,KB-PHASE4-0232,https://www.cdc.gov/niosh/ershdb/emergencyresponsecard_29750012.html,text/html,429,
https://www.cdc.gov/niosh/ershdb/emergencyresponsecard_29750013.html,blocked_or_forbidden,403,1,Centers for Disease Control and Prevention (CDC) / NIOSH,"Ammonia Solution, Ammonia, Anhydrous | NIOSH Emergency Response Card",KB-PHASE4-0234,https://www.cdc.gov/niosh/ershdb/emergencyresponsecard_29750013.html,text/html,429,
https://www.cdc.gov/niosh/ershdb/emergencyresponsecard_29750021.html,blocked_or_forbidden,403,1,CDC/NIOSH,Mercury (Elemental): Lung Damaging Agent | NIOSH,KB-PHASE4-0294,https://www.cdc.gov/niosh/ershdb/emergencyresponsecard_29750021.html,text/html,429,
https://www.cdc.gov/niosh/ershdb/emergencyresponsecard_29750024.html,blocked_or_forbidden,403,1,Centers for Disease Control and Prevention (CDC) / NIOSH,Chlorine: Lung Damaging Agent | NIOSH Emergency Response Card,KB-PHASE4-0233,https://www.cdc.gov/niosh/ershdb/emergencyresponsecard_29750024.html,text/html,429,
https://www.cdc.gov/niosh/ershdb/emergencyresponsecard_29750025.html,blocked_or_forbidden,403,1,CDC/NIOSH,White Phosphorus: Systemic Agent | NIOSH,KB-PHASE4-0304,https://www.cdc.gov/niosh/ershdb/emergencyresponsecard_29750025.html,text/html,429,
https://www.cdc.gov/niosh/ershdb/emergencyresponsecard_29750027.html,blocked_or_forbidden,403,1,CDC/NIOSH,Sodium Azide: Systemic Agent | NIOSH,KB-PHASE4-0303,https://www.cdc.gov/niosh/ershdb/emergencyresponsecard_29750027.html,text/html,429,
https://www.cdc.gov/niosh/ershdb/emergencyresponsecard_29750030.html,blocked_or_forbidden,403,2,CDC/NIOSH;Centers for Disease Control and Prevention (CDC) / NIOSH,Hydrogen Fluoride/Hydrofluoric Acid: Systemic Agent | NIOSH,KB-PHASE4-0243;KB-PHASE4-0286,https://www.cdc.gov/niosh/ershdb/emergencyresponsecard_29750030.html,text/html,429,
https://www.cdc.gov/niosh/ershdb/emergencyresponsecard_29750031.html,blocked_or_forbidden,403,1,Centers for Disease Control and Prevention (CDC) / NIOSH,Ethylene Glycol: Systemic Agent | NIOSH Emergency Response Card,KB-PHASE4-0230,https://www.cdc.gov/niosh/ershdb/emergencyresponsecard_29750031.html,text/html,429,
https://www.cdc.gov/niosh/ershdb/emergencyresponsecard_29750035.html,blocked_or_forbidden,403,1,Centers for Disease Control and Prevention (CDC) / NIOSH,Phosphine: Lung Damaging Agent | NIOSH Emergency Response Card,KB-PHASE4-0231,https://www.cdc.gov/niosh/ershdb/emergencyresponsecard_29750035.html,text/html,429,
https://www.cdc.gov/niosh/exposure-banding/about/,blocked_or_forbidden,403,1,Centers for Disease Control and Prevention (CDC) / NIOSH,Occupational Exposure Banding | NIOSH,KB-PHASE4-0260,https://www.cdc.gov/niosh/exposure-banding/about/,text/html,410,
https://www.cdc.gov/niosh/hhe/,blocked_or_forbidden,403,1,Centers for Disease Control and Prevention (CDC) / NIOSH,NIOSH Health Hazard Evaluation (HHE) Program,KB-PHASE4-0262,https://www.cdc.gov/niosh/hhe/,text/html,383,
https://www.cdc.gov/niosh/hhe/reports/pdfs/1993-0802-2338.pdf,open,200,1,CDC/NIOSH,Health Hazard Evaluation Report HETA-93-802-2338 | NIOSH,KB-PHASE4-0317,https://www.cdc.gov/niosh/hhe/reports/pdfs/1993-0802-2338.pdf,application/pdf,65536,
https://www.cdc.gov/niosh/hhe/reports/pdfs/1999-0313-2802.pdf,open,200,1,CDC/NIOSH,NIOSH Criteria for Recommended Standard - Nitric Acid,KB-PHASE4-0308,https://www.cdc.gov/niosh/hhe/reports/pdfs/1999-0313-2802.pdf,application/pdf,65536,
https://www.cdc.gov/niosh/hhe/reports/pdfs/2017-0114-3357.pdf,open,200,1,CDC/NIOSH,"Evaluation of exposure to hydrogen peroxide, peracetic acid | NIOSH HHE",KB-PHASE4-0313,https://www.cdc.gov/niosh/hhe/reports/pdfs/2017-0114-3357.pdf,application/pdf,65536,
https://www.cdc.gov/niosh/hhe/reports/pdfs/74-7-270.pdf,open,200,1,CDC/NIOSH,Health hazard Evaluation Report - Potassium Hydroxide | NIOSH,KB-PHASE4-0311,https://www.cdc.gov/niosh/hhe/reports/pdfs/74-7-270.pdf,application/pdf,65536,
https://www.cdc.gov/niosh/hhe/reports/pdfs/83-63-1364.pdf,open,200,1,CDC/NIOSH,NIOSH Health Hazard Evaluation Report,KB-PHASE4-0284,https://www.cdc.gov/niosh/hhe/reports/pdfs/83-63-1364.pdf,application/pdf,65536,
https://www.cdc.gov/niosh/idlh/107131.html,blocked_or_forbidden,403,1,Centers for Disease Control and Prevention (CDC) / NIOSH,Acrylonitrile - IDLH | NIOSH,KB-PHASE4-0254,https://www.cdc.gov/niosh/idlh/107131.html,text/html,399,
https://www.cdc.gov/niosh/idlh/630080.html,blocked_or_forbidden,403,1,Centers for Disease Control and Prevention (CDC) / NIOSH,Carbon Monoxide - IDLH Documentation,KB-PHASE4-0245,https://www.cdc.gov/niosh/idlh/630080.html,text/html,399,
https://www.cdc.gov/niosh/idlh/67561.html,blocked_or_forbidden,403,1,Centers for Disease Control and Prevention (CDC) / NIOSH,Methyl Alcohol - IDLH Documentation,KB-PHASE4-0248,https://www.cdc.gov/niosh/idlh/67561.html,text/html,398,
https://www.cdc.gov/niosh/idlh/71432.html,blocked_or_forbidden,403,2,CDC/NIOSH;Centers for Disease Control and Prevention (CDC) / NIOSH,Benzene - IDLH | NIOSH,KB-PHASE4-0241;KB-PHASE4-0280,https://www.cdc.gov/niosh/idlh/71432.html,text/html,398,
https://www.cdc.gov/niosh/idlh/7439976.html,blocked_or_forbidden,403,1,CDC/NIOSH,Mercury compounds - IDLH | NIOSH,KB-PHASE4-0295,https://www.cdc.gov/niosh/idlh/7439976.html,text/html,400,
https://www.cdc.gov/niosh/idlh/7664417.html,blocked_or_forbidden,403,2,Centers for Disease Control and Prevention (CDC) / NIOSH;Centers for Disease Control and Prevention / NIOSH,Ammonia - IDLH Documentation,KB-PHASE4-0256;KB-CHEM2-0029,https://www.cdc.gov/niosh/idlh/7664417.html,text/html,400,
https://www.cdc.gov/niosh/idlh/7782505.html,blocked_or_forbidden,403,2,Centers for Disease Control and Prevention (CDC) / NIOSH;Centers for Disease Control and Prevention / NIOSH,Chlorine - IDLH | NIOSH,KB-PHASE4-0244;KB-CHEM2-0028,https://www.cdc.gov/niosh/idlh/7782505.html,text/html,400,
https://www.cdc.gov/niosh/idlh/7783064.html,blocked_or_forbidden,403,1,Centers for Disease Control and Prevention (CDC) / NIOSH,Hydrogen Sulfide - IDLH Documentation,KB-PHASE4-0246,https://www.cdc.gov/niosh/idlh/7783064.html,text/html,400,
https://www.cdc.gov/niosh/idlh/79016.html,blocked_or_forbidden,403,1,Centers for Disease Control and Prevention (CDC) / NIOSH,Trichloroethylene - IDLH Documentation,KB-PHASE4-0255,https://www.cdc.gov/niosh/idlh/79016.html,text/html,398,
https://www.cdc.gov/niosh/idlh/79061.html,blocked_or_forbidden,403,1,CDC/NIOSH,Acrylamide - IDLH | NIOSH,KB-PHASE4-0293,https://www.cdc.gov/niosh/idlh/79061.html,text/html,398,
https://www.cdc.gov/niosh/idlh/8030306.html,blocked_or_forbidden,403,1,Centers for Disease Control and Prevention (CDC) / NIOSH,Naphtha (coal tar) - IDLH | NIOSH,KB-PHASE4-0253,https://www.cdc.gov/niosh/idlh/8030306.html,text/html,400,
https://www.cdc.gov/niosh/idlh/cyanides.html,blocked_or_forbidden,403,2,CDC/NIOSH;Centers for Disease Control and Prevention / NIOSH,Cyanides - IDLH | NIOSH,KB-PHASE4-0288;KB-CHEM2-0022,https://www.cdc.gov/niosh/idlh/cyanides.html,text/html,401,
https://www.cdc.gov/niosh/idlh/default.html,blocked_or_forbidden,403,1,Centers for Disease Control and Prevention (CDC) / NIOSH,Immediately Dangerous to Life or Health (IDLH) Values | NIOSH,KB-PHASE4-0269,https://www.cdc.gov/niosh/idlh/default.html,text/html,400,
https://www.cdc.gov/niosh/idlh/intridl4.html,blocked_or_forbidden,403,2,CDC/NIOSH,Immediately Dangerous to Life or Health - Lithium Hydride | NIOSH,KB-PHASE4-0310;KB-PHASE4-0321,https://www.cdc.gov/niosh/idlh/intridl4.html,text/html,401,
https://www.cdc.gov/niosh/nano/about/index.html,blocked_or_forbidden,403,3,CDC/NIOSH,Nanotechnology | NIOSH | CDC,KB-PHASE4-0305;KB-PHASE4-0339;KB-PHASE4-0340,https://www.cdc.gov/niosh/nano/about/index.html,text/html,408,
https://www.cdc.gov/niosh/npg/default.html,blocked_or_forbidden,403,1,Centers for Disease Control and Prevention (CDC) / NIOSH,NIOSH Pocket Guide to Chemical Hazards,KB-PHASE4-0270,https://www.cdc.gov/niosh/npg/default.html,text/html,399,
https://www.cdc.gov/niosh/npg/firstaid.html,blocked_or_forbidden,403,1,Centers for Disease Control and Prevention (CDC) / NIOSH,First Aid Procedures for Chemical Hazards | NIOSH,KB-PHASE4-0227,https://www.cdc.gov/niosh/npg/firstaid.html,text/html,400,
https://www.cdc.gov/niosh/npg/nengapdxa.html,blocked_or_forbidden,403,1,Centers for Disease Control and Prevention (CDC) / NIOSH,Appendix A - NIOSH Potential Occupational Carcinogens,KB-PHASE4-0272,https://www.cdc.gov/niosh/npg/nengapdxa.html,text/html,401,
https://www.cdc.gov/niosh/npg/nengapdxc.html,blocked_or_forbidden,403,1,Centers for Disease Control and Prevention (CDC) / NIOSH,Asbestos - OSHA Standards and NIOSH Recommendations,KB-PHASE4-0268,https://www.cdc.gov/niosh/npg/nengapdxc.html,text/html,401,
https://www.cdc.gov/niosh/npg/npgd0004.html,blocked_or_forbidden,403,2,CDC/NIOSH;Centers for Disease Control and Prevention / NIOSH,NIOSH Pocket Guide - Acetone,KB-PHASE4-0328;KB-CHEM2-0011,https://www.cdc.gov/niosh/npg/npgd0004.html,text/html,400,
https://www.cdc.gov/niosh/npg/npgd0008.html,blocked_or_forbidden,403,2,CDC/NIOSH;Centers for Disease Control and Prevention / NIOSH,NIOSH Pocket Guide - Acetonitrile,KB-PHASE4-0327;KB-CHEM2-0033,https://www.cdc.gov/niosh/npg/npgd0008.html,text/html,400,
https://www.cdc.gov/niosh/npg/npgd0012.html,blocked_or_forbidden,403,1,CDC/NIOSH,NIOSH Pocket Guide to Chemical Hazards - Acrylamide,KB-PHASE4-0292,https://www.cdc.gov/niosh/npg/npgd0012.html,text/html,400,
https://www.cdc.gov/niosh/npg/npgd0028.html,blocked_or_forbidden,403,1,CDC/NIOSH,NIOSH Pocket Guide - Ammonia,KB-PHASE4-0343,https://www.cdc.gov/niosh/npg/npgd0028.html,text/html,400,
https://www.cdc.gov/niosh/npg/npgd0030.html,blocked_or_forbidden,403,1,CDC/NIOSH,NIOSH Pocket Guide - Argon,KB-PHASE4-0346,https://www.cdc.gov/niosh/npg/npgd0030.html,text/html,400,
https://www.cdc.gov/niosh/npg/npgd0038.html,blocked_or_forbidden,403,1,CDC/NIOSH,NIOSH Pocket Guide - Arsenic,KB-PHASE4-0323,https://www.cdc.gov/niosh/npg/npgd0038.html,text/html,400,
https://www.cdc.gov/niosh/npg/npgd0049.html,blocked_or_forbidden,403,1,CDC/NIOSH,NIOSH Pocket Guide to Chemical Hazards - Benzene,KB-PHASE4-0279,https://www.cdc.gov/niosh/npg/npgd0049.html,text/html,400,
https://www.cdc.gov/niosh/npg/npgd0087.html,blocked_or_forbidden,403,1,CDC/NIOSH,NIOSH Pocket Guide - Cadmium,KB-PHASE4-0322,https://www.cdc.gov/niosh/npg/npgd0087.html,text/html,400,
https://www.cdc.gov/niosh/npg/npgd0103.html,blocked_or_forbidden,403,1,CDC/NIOSH,NIOSH Pocket Guide - Carbon Tetrachloride,KB-PHASE4-0316,https://www.cdc.gov/niosh/npg/npgd0103.html,text/html,400,
https://www.cdc.gov/niosh/npg/npgd0105.html,blocked_or_forbidden,403,1,CDC/NIOSH,NIOSH Pocket Guide - Carbon monoxide,KB-PHASE4-0344,https://www.cdc.gov/niosh/npg/npgd0105.html,text/html,400,
https://www.cdc.gov/niosh/npg/npgd0107.html,blocked_or_forbidden,403,2,CDC/NIOSH;Centers for Disease Control and Prevention / NIOSH,NIOSH Pocket Guide - Chloroform,KB-PHASE4-0320;KB-CHEM2-0018,https://www.cdc.gov/niosh/npg/npgd0107.html,text/html,400,
https://www.cdc.gov/niosh/npg/npgd0141.html,blocked_or_forbidden,403,1,CDC/NIOSH,NIOSH Pocket Guide - Chromium(VI),KB-PHASE4-0324,https://www.cdc.gov/niosh/npg/npgd0141.html,text/html,400,
https://www.cdc.gov/niosh/npg/npgd0174.html,blocked_or_forbidden,403,1,Centers for Disease Control and Prevention (CDC) / NIOSH,Lead - NIOSH Pocket Guide,KB-PHASE4-0258,https://www.cdc.gov/niosh/npg/npgd0174.html,text/html,400,
https://www.cdc.gov/niosh/npg/npgd0223.html,blocked_or_forbidden,403,1,CDC/NIOSH,NIOSH Pocket Guide - Dimethylformamide,KB-PHASE4-0335,https://www.cdc.gov/niosh/npg/npgd0223.html,text/html,400,
https://www.cdc.gov/niosh/npg/npgd0237.html,blocked_or_forbidden,403,1,CDC/NIOSH,NIOSH Pocket Guide - Dioxane,KB-PHASE4-0338,https://www.cdc.gov/niosh/npg/npgd0237.html,text/html,400,
https://www.cdc.gov/niosh/npg/npgd0261.html,blocked_or_forbidden,403,1,CDC/NIOSH,NIOSH Pocket Guide - Ethyl acetate,KB-PHASE4-0329,https://www.cdc.gov/niosh/npg/npgd0261.html,text/html,400,
https://www.cdc.gov/niosh/npg/npgd0262.html,blocked_or_forbidden,403,2,CDC/NIOSH;Centers for Disease Control and Prevention / NIOSH,NIOSH Pocket Guide - 2-Ethoxyethanol,KB-PHASE4-0337;KB-CHEM2-0010,https://www.cdc.gov/niosh/npg/npgd0262.html,text/html,400,
https://www.cdc.gov/niosh/npg/npgd0267.html,blocked_or_forbidden,403,2,CDC/NIOSH;Centers for Disease Control and Prevention / NIOSH,NIOSH Pocket Guide - Ethylene oxide,KB-PHASE4-0326;KB-CHEM2-0013,https://www.cdc.gov/niosh/npg/npgd0267.html,text/html,400,
https://www.cdc.gov/niosh/npg/npgd0277.html,blocked_or_forbidden,403,2,Centers for Disease Control and Prevention (CDC) / NIOSH;Centers for Disease Control and Prevention / NIOSH,Ethylene Oxide - NIOSH Pocket Guide,KB-PHASE4-0257;KB-CHEM2-0012,https://www.cdc.gov/niosh/npg/npgd0277.html,text/html,400,
https://www.cdc.gov/niosh/npg/npgd0312.html,blocked_or_forbidden,403,2,CDC/NIOSH;Centers for Disease Control and Prevention / NIOSH,NIOSH Pocket Guide - n-Hexane,KB-PHASE4-0331;KB-CHEM2-0014,https://www.cdc.gov/niosh/npg/npgd0312.html,text/html,400,
https://www.cdc.gov/niosh/npg/npgd0322.html,blocked_or_forbidden,403,1,Centers for Disease Control and Prevention / NIOSH,NIOSH Pocket Guide to Chemical Hazards - 碘(Iodine),KB-CHEM2-0035,https://www.cdc.gov/niosh/npg/npgd0322.html,text/html,400,
https://www.cdc.gov/niosh/npg/npgd0333.html,blocked_or_forbidden,403,1,CDC/NIOSH,NIOSH Pocket Guide to Chemical Hazards - Hydrogen cyanide,KB-PHASE4-0287,https://www.cdc.gov/niosh/npg/npgd0333.html,text/html,400,
https://www.cdc.gov/niosh/npg/npgd0335.html,blocked_or_forbidden,403,1,Centers for Disease Control and Prevention / NIOSH,NIOSH Pocket Guide to Chemical Hazards - 过氧化氢(Hydrogen Peroxide),KB-CHEM2-0021,https://www.cdc.gov/niosh/npg/npgd0335.html,text/html,400,
https://www.cdc.gov/niosh/npg/npgd0336.html,blocked_or_forbidden,403,1,CDC/NIOSH,NIOSH Pocket Guide - Hydrogen sulfide,KB-PHASE4-0342,https://www.cdc.gov/niosh/npg/npgd0336.html,text/html,400,
https://www.cdc.gov/niosh/npg/npgd0359.html,blocked_or_forbidden,403,1,CDC/NIOSH,NIOSH Pocket Guide - Isopropyl alcohol,KB-PHASE4-0330,https://www.cdc.gov/niosh/npg/npgd0359.html,text/html,400,
https://www.cdc.gov/niosh/npg/npgd0388.html,blocked_or_forbidden,403,1,CDC/NIOSH,NIOSH Pocket Guide - Dichloromethane,KB-PHASE4-0332,https://www.cdc.gov/niosh/npg/npgd0388.html,text/html,400,
https://www.cdc.gov/niosh/npg/npgd0394.html,blocked_or_forbidden,403,1,CDC/NIOSH,NIOSH Pocket Guide - 2-Methoxyethanol,KB-PHASE4-0336,https://www.cdc.gov/niosh/npg/npgd0394.html,text/html,400,
https://www.cdc.gov/niosh/npg/npgd0397.html,blocked_or_forbidden,403,2,CDC/NIOSH;Centers for Disease Control and Prevention / NIOSH,NIOSH Pocket Guide - Methyl alcohol,KB-PHASE4-0283;KB-CHEM2-0009,https://www.cdc.gov/niosh/npg/npgd0397.html,text/html,400,
https://www.cdc.gov/niosh/npg/npgd0414.html,blocked_or_forbidden,403,2,CDC/NIOSH;Centers for Disease Control and Prevention (CDC) / NIOSH,Methylene Chloride - NIOSH Pocket Guide,KB-PHASE4-0249;KB-PHASE4-0334,https://www.cdc.gov/niosh/npg/npgd0414.html,text/html,400,
https://www.cdc.gov/niosh/npg/npgd0466.html,blocked_or_forbidden,403,1,CDC/NIOSH,NIOSH Pocket Guide - Nitrogen,KB-PHASE4-0345,https://www.cdc.gov/niosh/npg/npgd0466.html,text/html,400,
https://www.cdc.gov/niosh/npg/npgd0493.html,blocked_or_forbidden,403,1,Centers for Disease Control and Prevention / NIOSH,NIOSH Pocket Guide to Chemical Hazards - 苯酚(Phenol),KB-CHEM2-0020,https://www.cdc.gov/niosh/npg/npgd0493.html,text/html,400,
https://www.cdc.gov/niosh/npg/npgd0501.html,blocked_or_forbidden,403,1,CDC/NIOSH,NIOSH Pocket Guide - Phosphine,KB-PHASE4-0341,https://www.cdc.gov/niosh/npg/npgd0501.html,text/html,400,
https://www.cdc.gov/niosh/npg/npgd0503.html,blocked_or_forbidden,403,1,Centers for Disease Control and Prevention / NIOSH,NIOSH Pocket Guide to Chemical Hazards - 磷化氢(Phosphine),KB-CHEM2-0037,https://www.cdc.gov/niosh/npg/npgd0503.html,text/html,400,
https://www.cdc.gov/niosh/npg/npgd0539.html,blocked_or_forbidden,403,1,Centers for Disease Control and Prevention / NIOSH,NIOSH Pocket Guide to Chemical Hazards - 吡啶(Pyridine),KB-CHEM2-0031,https://www.cdc.gov/niosh/npg/npgd0539.html,text/html,400,
https://www.cdc.gov/niosh/npg/npgd0544.html,blocked_or_forbidden,403,1,Centers for Disease Control and Prevention / NIOSH,NIOSH Pocket Guide to Chemical Hazards - 硝酸银(Silver Nitrate),KB-CHEM2-0036,https://www.cdc.gov/niosh/npg/npgd0544.html,text/html,400,
https://www.cdc.gov/niosh/npg/npgd0554.html,blocked_or_forbidden,403,1,Centers for Disease Control and Prevention / NIOSH,NIOSH Pocket Guide to Chemical Hazards - 硅烷(Silane),KB-CHEM2-0038,https://www.cdc.gov/niosh/npg/npgd0554.html,text/html,400,
https://www.cdc.gov/niosh/npg/npgd0560.html,blocked_or_forbidden,403,1,CDC/NIOSH,NIOSH Pocket Guide to Chemical Hazards - Sodium azide,KB-PHASE4-0302,https://www.cdc.gov/niosh/npg/npgd0560.html,text/html,400,
https://www.cdc.gov/niosh/npg/npgd0589.html,blocked_or_forbidden,403,1,Centers for Disease Control and Prevention / NIOSH,NIOSH Pocket Guide to Chemical Hazards - 二甲基亚砜(DMSO),KB-CHEM2-0032,https://www.cdc.gov/niosh/npg/npgd0589.html,text/html,400,
https://www.cdc.gov/niosh/npg/npgd0602.html,blocked_or_forbidden,403,2,CDC/NIOSH;Centers for Disease Control and Prevention / NIOSH,NIOSH Pocket Guide - Tetrahydrofuran,KB-PHASE4-0319;KB-CHEM2-0030,https://www.cdc.gov/niosh/npg/npgd0602.html,text/html,400,
https://www.cdc.gov/niosh/npg/npgd0609.html,blocked_or_forbidden,403,1,Centers for Disease Control and Prevention (CDC) / NIOSH,Tetrachloroethylene - NIOSH Pocket Guide,KB-PHASE4-0250,https://www.cdc.gov/niosh/npg/npgd0609.html,text/html,400,
https://www.cdc.gov/niosh/npg/npgd0619.html,blocked_or_forbidden,403,3,CDC/NIOSH;Centers for Disease Control and Prevention (CDC) / NIOSH;Centers for Disease Control and Prevention / NIOSH,Toluene - NIOSH Pocket Guide,KB-PHASE4-0247;KB-PHASE4-0314;KB-CHEM2-0015,https://www.cdc.gov/niosh/npg/npgd0619.html,text/html,400,
https://www.cdc.gov/niosh/npg/npgd0626.html,blocked_or_forbidden,403,1,Centers for Disease Control and Prevention / NIOSH,NIOSH Pocket Guide to Chemical Hazards - 三氟乙酸(TFA),KB-CHEM2-0034,https://www.cdc.gov/niosh/npg/npgd0626.html,text/html,400,
https://www.cdc.gov/niosh/npg/npgd0629.html,blocked_or_forbidden,403,1,CDC/NIOSH,NIOSH Pocket Guide - Trichloroethylene,KB-PHASE4-0333,https://www.cdc.gov/niosh/npg/npgd0629.html,text/html,400,
https://www.cdc.gov/niosh/npg/npgd0658.html,blocked_or_forbidden,403,1,CDC/NIOSH,NIOSH Pocket Guide - Vinyl chloride,KB-PHASE4-0325,https://www.cdc.gov/niosh/npg/npgd0658.html,text/html,400,
https://www.cdc.gov/niosh/npg/npgd0667.html,blocked_or_forbidden,403,2,CDC/NIOSH;Centers for Disease Control and Prevention / NIOSH,NIOSH Pocket Guide - Xylene,KB-PHASE4-0315;KB-CHEM2-0016,https://www.cdc.gov/niosh/npg/npgd0667.html,text/html,400,
https://www.cdc.gov/niosh/pel88/1310-73.html,blocked_or_forbidden,403,1,CDC/NIOSH,1988 OSHA PEL Project - Sodium Hydroxide | NIOSH,KB-PHASE4-0290,https://www.cdc.gov/niosh/pel88/1310-73.html,text/html,405,
https://www.cdc.gov/niosh/skin-exposure/about/index.html,blocked_or_forbidden,403,3,Centers for Disease Control and Prevention (CDC) / NIOSH,Skin Exposures and Effects | NIOSH,KB-PHASE4-0210;KB-PHASE4-0274;KB-PHASE4-0277,https://www.cdc.gov/niosh/skin-exposure/about/index.html,text/html,421,
https://www.cdc.gov/niosh/topics/bbp/,blocked_or_forbidden,403,1,CDC / OSHA,CDC Bloodborne Pathogens Exposure Management; OSHA 29 CFR 1910.1030 Bloodborne Pathogens Standard,KB-GAP-8031,https://www.cdc.gov/niosh/topics/bbp/,text/html,394,
https://www.cdc.gov/niosh/topics/fentanyl/risk.html,blocked_or_forbidden,403,1,Centers for Disease Control and Prevention (CDC) / NIOSH,Fentanyl: Emergency Responders at Risk | NIOSH,KB-PHASE4-0267,https://www.cdc.gov/niosh/topics/fentanyl/risk.html,text/html,412,
https://www.cdc.gov/niosh/topics/hydrogen-peroxide/default.html,blocked_or_forbidden,403,1,CDC/NIOSH,Hydrogen Peroxide | NIOSH | CDC,KB-PHASE4-0291,https://www.cdc.gov/niosh/topics/hydrogen-peroxide/default.html,text/html,428,
https://www.cdc.gov/niosh/topics/nanotech/,blocked_or_forbidden,403,1,NIH / NIOSH,NIH Safe Nanomaterials Handling; NIOSH Nanotechnology Guidelines,KB-GAP-8019,https://www.cdc.gov/niosh/topics/nanotech/,text/html,399,
https://www.cdc.gov/niosh/topics/organsolv/,blocked_or_forbidden,403,2,CDC/NIOSH,Organic Solvents | NIOSH | CDC,KB-PHASE4-0299;KB-PHASE4-0318,https://www.cdc.gov/niosh/topics/organsolv/,text/html,400,
https://www.cdc.gov/niosh/topics/sulfuric-acid/default.html,blocked_or_forbidden,403,1,CDC/NIOSH,Sulfuric Acid | NIOSH | CDC,KB-PHASE4-0289,https://www.cdc.gov/niosh/topics/sulfuric-acid/default.html,text/html,424,
https://www.cdc.gov/safe-labs/php/about/index.html,blocked_or_forbidden,403,1,CDC,CDC Safe Labs About,WEB82-016-001,https://www.cdc.gov/safe-labs/php/about/index.html,text/html,415,
https://www.cdc.gov/safe-labs/php/biological-risk-assessment/index.html,blocked_or_forbidden,403,1,CDC,CDC Biological Risk Assessment,WEB82-017-001,https://www.cdc.gov/safe-labs/php/biological-risk-assessment/index.html,text/html,444,
https://www.cdc.gov/safe-labs/php/biorisk-management/index.html,blocked_or_forbidden,403,1,CDC,CDC Biorisk Management,WEB82-018-001,https://www.cdc.gov/safe-labs/php/biorisk-management/index.html,text/html,432,
https://www.cdc.gov/safe-labs/php/biosafety-town-hall/index.html,blocked_or_forbidden,403,1,CDC,CDC Biosafety Town Hall,WEB82-019-001,https://www.cdc.gov/safe-labs/php/biosafety-town-hall/index.html,text/html,437,
https://www.cdc.gov/safe-labs/php/echo-biosafety-2023/index.html,blocked_or_forbidden,403,1,CDC,CDC ECHO Biosafety 2023,WEB82-021-001,https://www.cdc.gov/safe-labs/php/echo-biosafety-2023/index.html,text/html,437,
https://www.cdc.gov/safe-labs/php/echo-biosafety/index.html,blocked_or_forbidden,403,1,CDC,CDC ECHO Biosafety,WEB82-020-001,https://www.cdc.gov/safe-labs/php/echo-biosafety/index.html,text/html,428,
https://www.cdc.gov/sharpssafety/resources.html,blocked_or_forbidden,403,1,Centers for Disease Control and Prevention,"Workbook for Designing, Implementing, and Evaluating a Sharps Injury Prevention Program",KB-PHASE4-0736,https://www.cdc.gov/sharpssafety/resources.html,text/html,400,
https://www.cdc.gov/training/quicklearns/biosafety/,blocked_or_forbidden,403,1,CDC (Centers for Disease Control and Prevention),Recognize the four Biosafety Levels,KB-RECO-0412,https://www.cdc.gov/training/quicklearns/biosafety/,text/html,408,
https://www.cernet.edu.cn/ke_yan_yu_fa_zhan/gai_kuang/xin_wen_gong_gao/202302/t20230221_2301697.shtml,network_error,200,6,中国教育和科研计算机网;教育部/北京大学医学部,高等学校实验室安全规范（教育部）,WEB-010-001;WEB-010-002;WEB-010-003;WEB-010-004;WEB-010-005,https://www.cernet.edu.cn/ke_yan_yu_fa_zhan/gai_kuang/xin_wen_gong_gao/202302/t20230221_2301697.shtml,text/html,0,"ConnectionError: HTTPSConnectionPool(host='www.cernet.edu.cn', port=443): Read timed out."
https://www.csb.gov/csb-releases-investigation-into-2010-texas-tech-laboratory-accident-case-study-identifies-systemic-deficiencies-in-university-safety-management-practices/,open,200,3,U.S. Chemical Safety and Hazard Investigation Board,CSB Texas Tech Laboratory Accident Investigation,KB-RECO-0239;KB-RECO-0297;KB-RECO-0298,https://www.csb.gov/csb-releases-investigation-into-2010-texas-tech-laboratory-accident-case-study-identifies-systemic-deficiencies-in-university-safety-management-practices/,text/html; charset=utf-8,60340,
https://www.csb.gov/csb-releases-new-video-on-laboratory-safety-at-academic-institutions/,open,200,1,U.S. Chemical Safety and Hazard Investigation Board,CSB Experimenting with Danger Video,KB-RECO-0241,https://www.csb.gov/csb-releases-new-video-on-laboratory-safety-at-academic-institutions/,text/html; charset=utf-8,54235,
https://www.csb.gov/statement-from-csb-chairperson-rafael-moure-eraso-on-high-school-laboratory-fire-in-new-york-city-/,open,200,1,U.S. Chemical Safety and Hazard Investigation Board,CSB High School Laboratory Fire Statement,KB-RECO-0301,https://www.csb.gov/statement-from-csb-chairperson-rafael-moure-eraso-on-high-school-laboratory-fire-in-new-york-city-/,text/html; charset=utf-8,45701,
https://www.csi.cuny.edu/sites/default/files/pdf/administration/finance/ehs/CSI_Chemical_Hygiene_Plan.pdf,open,200,1,City University of New York,CUNY Chemical Hygiene Plan - Signage Requirements,KB-PHASE4-0620,https://www.csi.cuny.edu/sites/default/files/pdf/administration/finance/ehs/CSI_Chemical_Hygiene_Plan.pdf,application/pdf,65536,
https://www.edu.cn/ke_yan_yu_fa_zhan/gai_kuang/xin_wen_gong_gao/202404/t20240422_2600021.shtml,network_error,200,1,教育部,高等学校实验室安全分级分类管理办法（试行）,KB-1035,https://www.cernet.edu.cn/ke_yan_yu_fa_zhan/gai_kuang/xin_wen_gong_gao/202404/t20240422_2600021.shtml,text/html,0,"ConnectionError: HTTPSConnectionPool(host='www.cernet.edu.cn', port=443): Read timed out."
https://www.ehs.ufl.edu/departments/research-safety-services/chemical-safety/cryogens/,open,200,1,University of Florida EHS,Cryogens,WEBX-014-001,https://www.ehs.ufl.edu/departments/research-safety-services/chemical-safety/cryogens/,text/html; charset=UTF-8,61595,
https://www.ehs.washington.edu/biological/biohazardous-waste,open,200,9,University of Washington Environmental Health & Safety,UW Biohazardous Waste,EXT-UW-BIO-WASTE-001-f9a4929816;EXT-UW-BIO-WASTE-002-e4f8c82664;EXT-UW-BIO-WASTE-003-f3919ba314;EXT-UW-BIO-WASTE-004-c2ee3247e1;EXT-UW-BIO-WASTE-005-aad67be638,https://www.ehs.washington.edu/biological/biohazardous-waste,text/html; charset=UTF-8,65536,
https://www.ehs.washington.edu/biological/biohazardous-waste/autoclave-safety,open,200,1,University of Washington EH&S,Autoclave Safety,WEBX-015-001,https://www.ehs.washington.edu/biological/biohazardous-waste/autoclave-safety,text/html; charset=UTF-8,65536,
https://www.ehs.washington.edu/biological/biological-safety-cabinets,open,200,1,University of Washington EH&S,Biological Safety Cabinets,WEBX-047-001,https://www.ehs.washington.edu/biological/biological-safety-cabinets,text/html; charset=UTF-8,65536,
https://www.ehs.washington.edu/chemical/chemical-safety,open,200,5,University of Washington Environmental Health & Safety,UW Chemical Safety,EXT-UW-CHEM-SAFETY-001-66c6c593ac;EXT-UW-CHEM-SAFETY-002-cc7910b1fd;EXT-UW-CHEM-SAFETY-003-cdfacdd126;EXT-UW-CHEM-SAFETY-004-fd3643c5ab;EXT-UW-CHEM-SAFETY-005-7e35b237cd,https://www.ehs.washington.edu/chemical/chemical-safety,text/html; charset=UTF-8,65536,
https://www.ehs.washington.edu/chemical/chemical-waste,open,200,13,University of Washington Environmental Health & Safety,UW Chemical Waste,EXT-UW-CHEM-WASTE-001-47a9c832f3;EXT-UW-CHEM-WASTE-002-0d4baad75f;EXT-UW-CHEM-WASTE-003-fe07cf2ea1;EXT-UW-CHEM-WASTE-004-7bcb74871e;EXT-UW-CHEM-WASTE-005-88afb889e5,https://www.ehs.washington.edu/chemical/chemical-waste,text/html; charset=UTF-8,65536,
https://www.ehs.washington.edu/research-lab/fume-hoods-use-inspection-and-maintenance,open,200,8,University of Washington Environmental Health & Safety,UW Fume Hoods Use Inspection and Maintenance,EXT-UW-FUME-HOODS-001-5b7ad450b1;EXT-UW-FUME-HOODS-002-b392af34b2;EXT-UW-FUME-HOODS-003-51585cd01d;EXT-UW-FUME-HOODS-004-ec004d6312;EXT-UW-FUME-HOODS-005-64d147c1c9,https://www.ehs.washington.edu/chemical/fume-hoods,text/html; charset=UTF-8,65536,
https://www.epa.gov/archive/epapages/newsroom_archive/newsreleases/98e2d95df6ec8dae85257505006cd37a.html,open,200,2,US EPA,New Rule Will Improve Environmental Performance of Academic Labs,KB-RECO-0406;KB-RECO-0407,https://www.epa.gov/archive/epapages/newsroom_archive/newsreleases/98e2d95df6ec8dae85257505006cd37a.html,text/html,13697,
https://www.epa.gov/assessing-and-managing-chemicals-under-tsca,open,200,1,U.S. Environmental Protection Agency,TSCA Overview,KB-PHASE4-0748,https://www.epa.gov/assessing-and-managing-chemicals-under-tsca,text/html; charset=UTF-8,63143,
https://www.epa.gov/e-manifest/state-only-hazardous-waste-subject-resource-conservation-and-recovery-act-manifests,open,200,1,US EPA,State-only Hazardous Waste Subject to RCRA Manifests,KB-RECO-0394,https://www.epa.gov/e-manifest/state-only-hazardous-waste-subject-resource-conservation-and-recovery-act-manifests,text/html; charset=UTF-8,65536,
https://www.epa.gov/hw/defining-hazardous-waste-listed-characteristic-and-mixed-radiological-wastes,open,200,2,U.S. Environmental Protection Agency,"Defining Hazardous Waste: Listed, Characteristic and Mixed Radiological Wastes",KB-PHASE4-0723;KB-PHASE4-0728,https://www.epa.gov/hw/defining-hazardous-waste-listed-characteristic-and-mixed-radiological-wastes,text/html; charset=UTF-8,65536,
https://www.epa.gov/hw/frequent-questions-about-hazardous-waste-identification,open,200,1,US EPA,Hazardous Waste Characteristics - Ignitability,KB-RECO-0397,https://www.epa.gov/hw/frequent-questions-about-hazardous-waste-identification,text/html; charset=UTF-8,65536,
https://www.epa.gov/hw/frequent-questions-about-universal-waste,open,200,3,U.S. Environmental Protection Agency,Frequent Questions About Universal Waste,KB-PHASE4-0725;KB-PHASE4-0730;KB-PHASE4-0809,https://www.epa.gov/hw/frequent-questions-about-universal-waste,text/html; charset=UTF-8,65536,
https://www.epa.gov/hw/hazardous-waste-transportation,open,200,1,U.S. Environmental Protection Agency,Hazardous Waste Transportation,KB-PHASE4-0727,https://www.epa.gov/hw/hazardous-waste-transportation,text/html; charset=UTF-8,65536,
https://www.epa.gov/hw/solar-panel-frequent-questions,open,200,1,U.S. Environmental Protection Agency,Solar Panel Frequent Questions,KB-PHASE4-0750,https://www.epa.gov/hw/solar-panel-frequent-questions,text/html; charset=UTF-8,65536,
https://www.epa.gov/hw/universal-waste,open,200,1,U.S. Environmental Protection Agency,Universal Waste,KB-PHASE4-0724,https://www.epa.gov/hw/universal-waste,text/html; charset=UTF-8,65536,
https://www.epa.gov/hwgenerators/fact-sheet-how-get-started-managing-hazardous-waste-laboratory-waste-under-alternative,open,200,1,EPA,Fact Sheet on How to Get Started Managing Hazardous Waste Laboratory Waste Under Subpart K,KB-RECO-0362,https://www.epa.gov/hwgenerators/fact-sheet-how-get-started-managing-hazardous-waste-laboratory-waste-under-alternative,text/html; charset=UTF-8,55269,
https://www.epa.gov/hwgenerators/frequent-questions-about-hazardous-waste-generation,open,200,5,EPA;U.S. Environmental Protection Agency,Frequent Questions About Hazardous Waste Generation,KB-RECO-0357;KB-PHASE4-0722;KB-PHASE4-0731;KB-PHASE4-0740;KB-PHASE4-0741,https://www.epa.gov/hwgenerators/frequent-questions-about-hazardous-waste-generation,text/html; charset=UTF-8,65536,
https://www.epa.gov/hwgenerators/frequent-questions-about-implementing-hazardous-waste-generator-improvements-final,open,200,4,EPA;U.S. Environmental Protection Agency,Frequent Questions About Implementing the Hazardous Waste Generator Improvements Final Rule,KB-RECO-0358;KB-RECO-0360;KB-PHASE4-0729;KB-PHASE4-0742,https://www.epa.gov/hwgenerators/frequent-questions-about-implementing-hazardous-waste-generator-improvements-final,text/html; charset=UTF-8,65536,
https://www.epa.gov/hwgenerators/hazardous-waste-generator-regulatory-summary,open,200,11,EPA;U.S. Environmental Protection Agency,Hazardous Waste Generator Regulatory Summary,KB-RECO-0356;KB-RECO-0361;KB-PHASE4-0415;KB-PHASE4-0416;KB-PHASE4-0421,https://www.epa.gov/hwgenerators/hazardous-waste-generator-regulatory-summary,text/html; charset=UTF-8,65536,
https://www.epa.gov/hwgenerators/hazardous-waste-manifest-system,open,200,1,U.S. Environmental Protection Agency,Hazardous Waste Manifest System,KB-PHASE4-0747,https://www.epa.gov/hwgenerators/hazardous-waste-manifest-system,text/html; charset=UTF-8,59936,
https://www.epa.gov/hwgenerators/information-importers-and-receiving-facilities-resource-conservation-and-recovery-act,open,200,1,U.S. Environmental Protection Agency,Information for Importers and Receiving Facilities of RCRA Hazardous Waste,KB-PHASE4-0746,https://www.epa.gov/hwgenerators/information-importers-and-receiving-facilities-resource-conservation-and-recovery-act,text/html; charset=UTF-8,65536,
https://www.epa.gov/hwgenerators/regulations-hazardous-waste-generated-academic-laboratories,open,200,2,EPA;U.S. Environmental Protection Agency,Regulations for Hazardous Waste Generated at Academic Laboratories,KB-RECO-0355;KB-PHASE4-0721,https://www.epa.gov/hwgenerators/regulations-hazardous-waste-generated-academic-laboratories,text/html; charset=UTF-8,59418,
https://www.epa.gov/hwgenerators/steps-complying-regulations-hazardous-waste,open,200,1,EPA,Steps in Complying with Regulations for Hazardous Waste,KB-RECO-0359,https://www.epa.gov/hwgenerators/steps-complying-regulations-hazardous-waste,text/html; charset=UTF-8,62178,
https://www.epa.gov/mercury/what-do-if-you-spill-more-mercury-amount-thermometer,open,200,2,EPA;U.S. Environmental Protection Agency,What to Do If You Spill More Mercury | US EPA,KB-PHASE4-0296;KB-CHEM2-0023,https://www.epa.gov/mercury/what-do-if-you-spill-more-mercury-amount-thermometer,text/html; charset=UTF-8,57671,
https://www.epa.gov/pcbs,open,200,1,EPA,EPA PCB Regulations 40 CFR 761; Stockholm Convention on POPs,KB-GAP-8023,https://www.epa.gov/pcbs,text/html; charset=UTF-8,65072,
https://www.epa.gov/radiation/frequent-questions-radioactive-waste,open,200,1,U.S. Environmental Protection Agency (EPA),Frequent Questions: Radioactive Waste,KB-RECO-0101,https://www.epa.gov/radiation/frequent-questions-radioactive-waste,text/html; charset=UTF-8,65536,
https://www.epa.gov/reviewing-new-chemicals-under-toxic-substances-control-act-tsca/control-nanoscale-materials-under,open,200,1,U.S. Environmental Protection Agency,Control of Nanoscale Materials under the Toxic Substances Control Act,KB-PHASE4-0732,https://www.epa.gov/reviewing-new-chemicals-under-toxic-substances-control-act-tsca/control-nanoscale-materials-under,text/html; charset=UTF-8,65536,
https://www.epa.gov/sites/default/files/2015-07/documents/cont05.pdf,open,200,3,U.S. Environmental Protection Agency,"Introduction to Containers (40 CFR Parts 264/265, Subpart I)",KB-PHASE4-0733;KB-PHASE4-0743;KB-PHASE4-0808,https://www.epa.gov/sites/default/files/2015-07/documents/cont05.pdf,application/pdf,64039,
https://www.epa.gov/sites/default/files/2016-01/documents/hw-char.pdf,open,200,6,US EPA,Hazardous Waste Characteristics - Toxicity,KB-RECO-0395;KB-RECO-0396;KB-RECO-0403;KB-RECO-0404;KB-RECO-0410,https://www.epa.gov/sites/default/files/2016-01/documents/hw-char.pdf,application/pdf,65536,
https://www.eppendorf.com/ae-en/lab-academy/life-science/cell-biology/how-to-clean-a-centrifuge-maintenance-tips/,open,200,1,Eppendorf,How to clean a centrifuge: maintenance tips,KB-PHASE4-0565,https://www.eppendorf.com/ae-en/lab-academy/life-science/cell-biology/how-to-clean-a-centrifuge-maintenance-tips/,text/html;charset=UTF-8,65536,
https://www.gov.cn/gongbao/content/2011/content_1825120.htm,open,200,5,国务院;国务院 / OSHA;国务院 / 应急管理部;国务院/应急管理部,危险化学品安全管理条例（国务院令第591号）,KB-1001;KB-1009;KB-MSDS-2020;KB-MSDS-2021;KB-GAP-8036,https://www.gov.cn/gongbao/content/2011/content_1825120.htm,text/html,72852,
https://www.hbmzu.edu.cn/sfzx/info/1017/1119.htm,open,200,1,湖北民族大学生物基础课实验教学示范中心,实验室化学废弃物收集处理管理规定（试行）,WEBX-037-001,https://www.hbmzu.edu.cn/sfzx/info/1017/1119.htm,text/html,28676,
https://www.hse.gov.uk/biosafety/,open,200,1,HSE UK,Infections and biological hazards at work,WEB82-026-001,https://www.hse.gov.uk/biosafety/,text/html,37660,
https://www.hse.gov.uk/biosafety/blood-borne-viruses/index.htm,open,200,1,HSE UK,HSE Biosafety Blood-borne Viruses,WEB82-024-001,https://www.hse.gov.uk/biosafety/blood-borne-viruses/index.htm,text/html,36853,
https://www.hse.gov.uk/biosafety/gmo/index.htm,open,200,1,HSE UK,HSE Biosafety GMO,WEB82-025-001,https://www.hse.gov.uk/biosafety/gmo/index.htm,text/html,37831,
https://www.hse.gov.uk/coshh/,open,200,1,HSE UK,HSE COSHH,WEB82-027-001,https://www.hse.gov.uk/coshh/,text/html,37143,
https://www.iaea.org/publications/8930/radiation-protection-and-safety-of-radiation-sources-international-basic-safety-standards,blocked_or_forbidden,403,1,International Atomic Energy Agency,IAEA Radiation Protection and Safety of Radiation Sources: International Basic Safety Standards,KB-PHASE4-0814,https://www.iaea.org/publications/8930/radiation-protection-and-safety-of-radiation-sources-international-basic-safety-standards,text/html; charset=UTF-8,6171,
https://www.iaea.org/topics/radioactive-waste,blocked_or_forbidden,403,1,International Atomic Energy Agency,IAEA Disposal of Radioactive Waste,KB-PHASE4-0815,https://www.iaea.org/topics/radioactive-waste,text/html; charset=UTF-8,5646,"ConnectionError: HTTPSConnectionPool(host='www.iaea.org', port=443): Read timed out."
https://www.iaea.org/topics/workers/radiation-safety-technical-services,blocked_or_forbidden,403,1,International Atomic Energy Agency (IAEA),Radiation Safety Technical Services - IAEA,KB-RECO-0103,https://www.iaea.org/topics/workers/radiation-safety-technical-services,text/html; charset=UTF-8,5915,
https://www.iisermohali.ac.in/research/x-ray-facility,open,200,3,IISER Mohali,X-ray Facility - Single Crystal X-ray Diffractometer,KB-PHASE4-0523;KB-PHASE4-0524;KB-PHASE4-0527,https://www.iisermohali.ac.in/research/x-ray-facility,text/html; charset=utf-8,39128,
https://www.ika.com/en/Products-LabEq/Rotary-Evaporators-pg35/,blocked_or_forbidden,403,1,IKA Works GmbH & Co. KG,RV 10 digital Safety Features,KB-RECO-0385,https://www.ika.com/en/Products-LabEq/Rotary-Evaporators-pg35/,text/html; charset=UTF-8,5890,
https://www.labconco.com/articles/safe-freeze-drying-truths,open,200,1,Labconco Corporation,The truth about freeze drying safely,KB-RECO-0386,https://www.labconco.com/articles/safe-freeze-drying-truths,text/html; charset=utf-8,71313,
https://www.labconco.com/download/installation-qualification-operation-qualific-39/39zKO2Vi6OXqU62QCAYuQp,open,200,1,Labconco Corporation,FreeZone Freeze Dryer IQ/OQ Protocol,KB-RECO-0387,https://www.labconco.com/download/installation-qualification-operation-qualific-39/39zKO2Vi6OXqU62QCAYuQp,application/octet-stream,72353,
https://www.labmanager.com/invisible-dangers-a-comprehensive-guide-to-mass-spectrometry-lab-safety-34929,open,202,5,Lab Manager,A Comprehensive Guide to Mass Spectrometry Lab Safety,KB-PHASE4-0529;KB-PHASE4-0530;KB-PHASE4-0532;KB-PHASE4-0535;KB-PHASE4-0536,https://www.labmanager.com/invisible-dangers-a-comprehensive-guide-to-mass-spectrometry-lab-safety-34929,text/html; charset=UTF-8,2192,
https://www.law.cornell.edu/cfr/text/21/1020.40,open,200,1,Legal Information Institute / e-CFR,21 CFR 1020.40 - Cabinet x-ray systems,KB-RECO-0178,https://www.law.cornell.edu/cfr/text/21/1020.40,text/html; charset=utf-8,54657,
https://www.law.cornell.edu/cfr/text/29/1910.106,open,200,6,OSHA,OSHA 29 CFR 1910.106 Flammable Liquid Storage,KB-PHASE4-0370;KB-PHASE4-0371;KB-PHASE4-0382;KB-PHASE4-0386;KB-PHASE4-0387,https://www.law.cornell.edu/cfr/text/29/1910.106,text/html; charset=utf-8,65536,
https://www.law.cornell.edu/cfr/text/29/1910.1200,open,200,1,OSHA,OSHA Hazard Communication Standard Appendix C & 29 CFR 1910.1200,KB-PHASE4-0402,https://www.law.cornell.edu/cfr/text/29/1910.1200,text/html; charset=utf-8,65536,
https://www.law.cornell.edu/regulations/california/Cal-Code-Regs-Tit-8-div-1-ch-4-subch-7-grp-16-art-109-app-A,open,200,1,Cornell University,Cornell Laboratory Safety Manual - Unattended Operations,KB-RECO-0266,https://www.law.cornell.edu/regulations/california/Cal-Code-Regs-Tit-8-div-1-ch-4-subch-7-grp-16-art-109-app-A,text/html; charset=utf-8,65536,
https://www.lifesci.dundee.ac.uk/services/healthandsafety/other-topics/nmr/nmr_home.html,open,200,1,Dundee University / Bruker BioSpin,Safety in NMR Facilities,KB-PHASE4-0493,https://login.microsoftonline.com:443/ae323139-093a-4d2a-81a6-5d334bcd9019/oauth2/authorize?client_id=00000003-0000-0ff1-ce00-000000000000&response_mode=form_post&ear_jwe_crypto=eyJhbGciOiJFQ0RILUVTIiwiZW5jIjoiQTI1NkdDTSIsImFwdiI6IkFBQUFDVVZoY2tOc2FXVnVkR2dBQUFCRlEwc3pNQUFBQUZQd3RCeFJra3BQUFdKRC9VSis4eFZYQ05uYjdhWm0wdStEbUFOY0p3bTA0YjI3SzBZWlJOcExmZHFPbHRCR3lUbWVPaVRmbG9iUWdTT1VBQTc3c1AwVEs4RUpKQjVLV09UR09CYnZqcGhvWDhJR05SaytSM2Q3S2JVbU5kTVdTZ0FBQUJnV1hSV3ZNZENCMkE0NnlTb1dvTEMySzZuUVJvdFBNMzQ9In0%3D&ear_jwk=eyJhbGciOiJFQ0RILUVTIiwiY3J2IjoiUC0zODQiLCJ4IjoiQUFBQU1GUHd0QnhSa2twUFBXSkQvVUorOHhWWENObmI3YVptMHUrRG1BTmNKd20wNGIyN0swWVpSTnBMZmRxT2x0Qkd5UT09IiwieSI6IkFBQUFNRG1lT2lUZmxvYlFnU09VQUE3N3NQMFRLOEVKSkI1S1dPVEdPQmJ2anBob1g4SUdOUmsrUjNkN0tiVW1OZE1XU2c9PSIsImt0eSI6IkVDIn0%3D&spa_client_id=08e18876-6177-487e-b8b5-cf950c1e598c&client_info=1&response_type=code%20id_token%20spa_rt&resource=00000003-0000-0ff1-ce00-000000000000&scope=openid&nonce=C396029C402BC07186506A57A57FDEFEE4D1349E9308BC39-DA9FEC58053CC1670BB2CBB9464C47B8D7108D28D6908C7F39EA178DB305D24C&redirect_uri=https%3A%2F%2Fdmail.sharepoint.com%2F_forms%2Fdefault.aspx&state=OD0wJjMyPUFBTWo0UUFBQUJRNzI4MlFkU1lLamZBU0pYSiUyRmI4aVo4VzV2aHRQaWpPMFdLanhIdkpLZFZEQWtQRDgzWWJteFYlMkZLc2ZnVGpaN2wzTWUxUHYlMkI2NUxhdlM2JTJGT0RQeUYzczhLckE4d3YlMkZ5MzhnY2E1cWNvMlpGS0VjdGQ4djFLb2N2ejROeU9NcTZqU3dxbzhmJTJCbjQ0UWdKVkVtdndjUkRPT3c0MGVEZk5Rc3hvZlBrMHZYczBaTnQ4MUw4dUZBcGlNZThOZmxER2wlMkJtaWtqcDJvQ3ZZbjVGSGlGMWoxczdNaWhZd1VVS0w4aHhGa2lNZ2tNZGt0ajZSUGlpMnFsZVJSZDVVREpxVEg3NXVuMGg5c1IlMkJVdUpmY3BJbkZ5Ym55T2F0aEhWMVlSOHB2TFMxVEpaTUMzRWRxJTJCazBBYWJVUEM2a3R5VnlVV1RyWXJaOGpBaW5Edld3N3NNNkw4Z20lMkJkUDBCendJRmlxbjk5RFgxMlE2NzVxYzB3a2g2TVgwWHclM0QlM0Q&claims=%7B%22id_token%22%3A%7B%22xms_cc%22%3A%7B%22values%22%3A%5B%22CP1%22%5D%7D%7D%7D&wsucxt=1&cobrandid=11bd8083-87e0-41b5-bb78-0bc43c8a8e8a&client-request-id=507e28a2-102a-2001-6b3c-1afd8f817caa,text/html; charset=utf-8,25474,
https://www.malvernpanalytical.com/en/products/product-range/zetasizer-range,open,200,4,Malvern Panalytical,Malvern DLS - Laser Safety,KB-RECO-0077;KB-RECO-0078;KB-RECO-0079;KB-RECO-0080,https://www.malvernpanalytical.com/en/products/product-range/zetasizer-range/zetasizer-advance-range,text/html; charset=utf-8,65536,
https://www.manualslib.com/manual/2416571/Bruker-Nmr-Avance-Neo-Systems.html,open,200,3,Bruker BioSpin,AVANCE NEO Systems User Manual - Magnet Safety,KB-PHASE4-0497;KB-PHASE4-0498;KB-PHASE4-0509,https://www.manualslib.com/manual/2416571/Bruker-Nmr-Avance-Neo-Systems.html,text/html; charset=UTF-8,65536,
https://www.mdpi.com/2076-3298/12/4/113,blocked_or_forbidden,403,2,MDPI Journal;MDPI Journal / ACGIH,Worker Safety in High-Field NMR Spectroscopy Laboratories,KB-PHASE4-0503;KB-PHASE4-0512,https://www.mdpi.com/2076-3298/12/4/113,text/html,398,
https://www.mee.gov.cn/,open,200,2,生态环境部;生态环境部 / CDC,GB 18597 危险废物贮存污染控制标准; Cyanide Waste Management,KB-GAP-8022;KB-GAP-8025,https://www.mee.gov.cn/,text/html,73004,
https://www.mee.gov.cn/ywgz/gtfwyhxpgl/wfhgql/,open,200,5,生态环境部,危险废物污染防治技术政策,KB-1003;KB-1010;KB-1022;KB-MSDS-2016;KB-MSDS-2018,https://www.mee.gov.cn/404/index.shtml,text/html,33717,
https://www.merck.com/products/safety-data-sheets/,open,200,19,IARC / 应急管理部化学品登记中心;应急管理部化学品登记中心,化学品安全数据说明书（SDS）-乙醇,KB-1002;KB-1004;KB-1005;KB-1023;KB-1024,https://www.merck.com/products/safety-data-sheets/,text/html; charset=UTF-8,71273,
https://www.metrohm.com/content/dam/metrohm/shared/documents/manuals/89/89308001EN.pdf,blocked_or_forbidden,403,2,Metrohm,930 Compact IC Flex Manual,KB-PHASE4-0558;KB-PHASE4-0559,https://www.metrohm.com/content/dam/metrohm/shared/documents/manuals/89/89308001EN.pdf,text/html; charset=UTF-8,5983,
https://www.metrohm.com/en/products/ion-chromatography/usp-monographs-using-ion-chromatography.html,blocked_or_forbidden,403,4,Metrohm AG,Metrohm Ion Chromatography Safety - Eluent Handling,KB-RECO-0069;KB-RECO-0070;KB-RECO-0071;KB-RECO-0072,https://www.metrohm.com/en/products/ion-chromatography/usp-monographs-using-ion-chromatography.html,text/html; charset=UTF-8,6044,
https://www.micromeritics.com/autochem/,open,200,4,Micromeritics Instrument Corporation,Micromeritics AutoChem III - Cryogenic Liquid Safety,KB-RECO-0073;KB-RECO-0074;KB-RECO-0075;KB-RECO-0076,https://micromeritics.com/products/autochem/,text/html; charset=UTF-8,71363,
https://www.muhn.edu.cn/kletme/info/1164/1522.htm,open,200,1,急救与创伤研究教育部重点实验室,生物安全操作规范,WEBX-029-001,https://www.muhn.edu.cn/kletme/info/1164/1522.htm,text/html,32682,
https://www.ncbi.nlm.nih.gov/books/NBK55868/,open,200,12,National Academy of Sciences / NCBI,"Management of Chemicals - Prudent Practices in the Laboratory, Section 5.B.1",KB-PHASE4-0073;KB-PHASE4-0074;KB-PHASE4-0075;KB-PHASE4-0076;KB-PHASE4-0077,https://www.ncbi.nlm.nih.gov/books/NBK55868/,text/html; charset=UTF-8,65536,
https://www.ncbi.nlm.nih.gov/books/NBK55872/,open,200,42,National Academies Press / NCBI Bookshelf;National Academy of Sciences / NCBI,"Working with Chemicals - Prudent Practices in the Laboratory, Section 6.B",KB-PHASE4-0083;KB-PHASE4-0084;KB-PHASE4-0085;KB-PHASE4-0086;KB-PHASE4-0087,https://www.ncbi.nlm.nih.gov/books/NBK55872/,text/html; charset=UTF-8,65536,
https://www.ncbi.nlm.nih.gov/books/NBK55873/,network_error,,47,Cornell EHS / National Academies Press;National Academies Press / NCBI Bookshelf;National Academies Press / OSHA;教育部 / National Academies Press,高等学校实验室安全规范（教育部2024）; Prudent Practices in the Laboratory,KB-SOP-3010;EXT-NCBI-PRUDENT-OVERVIEW-001-652025dea2;EXT-NCBI-PRUDENT-OVERVIEW-002-a96abf7871;EXT-NCBI-PRUDENT-OVERVIEW-003-c53c3efedd;EXT-NCBI-PRUDENT-OVERVIEW-004-2d303b5960,,,0,"ReadTimeout: HTTPSConnectionPool(host='www.ncbi.nlm.nih.gov', port=443): Read timed out. (read timeout=15)"
https://www.ncbi.nlm.nih.gov/books/NBK55878/,network_error,,7,National Academies Press / NCBI Bookshelf,Prudent Practices in the Laboratory - General Laboratory Safety,EXT-NCBI-PRUDENT-GENERAL-001-73840beb8a;EXT-NCBI-PRUDENT-GENERAL-002-21091728d9;EXT-NCBI-PRUDENT-GENERAL-003-1f17125990;EXT-NCBI-PRUDENT-GENERAL-004-27c598de07;EXT-NCBI-PRUDENT-GENERAL-006-b4447fc146,,,0,"ReadTimeout: HTTPSConnectionPool(host='www.ncbi.nlm.nih.gov', port=443): Read timed out. (read timeout=15)"
https://www.ncbi.nlm.nih.gov/books/NBK55882/,open,200,24,National Academies Press / NCBI Bookshelf;National Research Council / NIH / NCBI,Prudent Practices in the Laboratory - Laboratory Equipment,EXT-NCBI-PRUDENT-EQUIPMENT-001-f9597a235f;EXT-NCBI-PRUDENT-EQUIPMENT-002-7a82dcebeb;EXT-NCBI-PRUDENT-EQUIPMENT-003-11c7191160;EXT-NCBI-PRUDENT-EQUIPMENT-004-0825146706;EXT-NCBI-PRUDENT-EQUIPMENT-005-d5ee1b7b20,https://www.ncbi.nlm.nih.gov/books/NBK55882/,text/html; charset=UTF-8,65536,
https://www.ncbi.nlm.nih.gov/books/NBK55884/,open,200,107,National Academies Press / NCBI Bookshelf;National Academy of Sciences / NCBI;National Research Council / NIH / NCBI,Prudent Practices in the Laboratory - Working with Chemicals,EXT-NCBI-PRUDENT-CHEMICAL-001-70a4ae22b0;EXT-NCBI-PRUDENT-CHEMICAL-002-34c8c55e83;EXT-NCBI-PRUDENT-CHEMICAL-003-8bf6ef5acb;EXT-NCBI-PRUDENT-CHEMICAL-004-cd5febd440;EXT-NCBI-PRUDENT-CHEMICAL-005-0fff01e365,https://www.ncbi.nlm.nih.gov/books/NBK55884/,text/html; charset=UTF-8,65536,
https://www.ncbi.nlm.nih.gov/books/NBK55885/,open,200,6,National Academy of Sciences / NCBI,"Management of Waste - Prudent Practices in the Laboratory, Section 8.A",KB-PHASE4-0122;KB-PHASE4-0123;KB-PHASE4-0124;KB-PHASE4-0125;KB-PHASE4-0126,https://www.ncbi.nlm.nih.gov/books/NBK55885/,text/html; charset=UTF-8,65536,
https://www.nfpa.org/codes-and-standards/all-codes-and-standards/list-of-codes-and-standards/detail?code=45,open,200,1,National Fire Protection Association,NFPA 45: Fire Protection for Laboratories Using Chemicals,KB-PHASE4-0800,https://www.nfpa.org/codes-and-standards/nfpa-45-standard-development/45,text/html; charset=utf-8,65536,
https://www.nfpa.org/news-blogs-and-articles/blogs/2025/03/14/signs-and-symbols-in-nfpa-704-and-nfpa-170,open,200,10,NFPA;NFPA / OSHA,NFPA 704: Standard System for the Identification of the Hazards of Materials,KB-PHASE4-0405;KB-PHASE4-0406;KB-PHASE4-0407;KB-PHASE4-0408;KB-PHASE4-0409,https://www.nfpa.org/news-blogs-and-articles/blogs/2025/03/14/signs-and-symbols-in-nfpa-704-and-nfpa-170,text/html; charset=utf-8,65536,
https://www.nfpa.org/product/nfpa-70e-course-electrical-hazard-analysis/p0070eoleh,open,200,2,National Fire Protection Association (NFPA),"NFPA 70E, Standard for Electrical Safety in the Workplace",KB-RECO-0145;KB-RECO-0184,https://www.nfpa.org/product/nfpa-70e-online-course/p0070eol,text/html; charset=utf-8,65536,
https://www.nrc.gov/about-nrc/emerg-preparedness/about-emerg-preparedness/ppe.html,blocked_or_forbidden,403,1,U.S. Nuclear Regulatory Commission,Personal Protective Equipment (PPE) in Radiological Emergencies,KB-PHASE4-0757,https://www.nrc.gov/about-nrc/emerg-preparedness/about-emerg-preparedness/ppe.html,text/html,459,
https://www.nrc.gov/about-nrc/radiation/protects-you/protection-principles.html,blocked_or_forbidden,403,7,U.S. Nuclear Regulatory Commission,Radiation Protection Standards,KB-PHASE4-0754;KB-PHASE4-0755;KB-PHASE4-0756;KB-PHASE4-0760;KB-PHASE4-0810,https://www.nrc.gov/about-nrc/radiation/protects-you/protection-principles.html,text/html,452,
https://www.nrc.gov/about-nrc/regulatory/licensing.html,blocked_or_forbidden,403,1,U.S. Nuclear Regulatory Commission,NRC Licensing Requirements,KB-PHASE4-0812,https://www.nrc.gov/about-nrc/regulatory/licensing.html,text/html,416,
https://www.nrc.gov/docs/ML0133/ML013330106.pdf,blocked_or_forbidden,403,2,U.S. Nuclear Regulatory Commission (NRC),Consolidated Guidance: 10 CFR Part 20 - Standards for Protection Against Radiation,KB-RECO-0086;KB-RECO-0102,https://www.nrc.gov/docs/ML0133/ML013330106.pdf,text/html,404,
https://www.nrc.gov/docs/ML0809/ML080910098.pdf,blocked_or_forbidden,403,2,U.S. Nuclear Regulatory Commission (NRC),Supplemental Material for Radiation Safety - Isotope Information,KB-RECO-0091;KB-RECO-0092,https://www.nrc.gov/docs/ML0809/ML080910098.pdf,text/html,404,
https://www.nrc.gov/docs/ML0822/ML082280814.pdf,blocked_or_forbidden,403,1,U.S. Nuclear Regulatory Commission (NRC),Potential Radioactive Contaminants and Radiological Classifications,KB-RECO-0089,https://www.nrc.gov/docs/ML0822/ML082280814.pdf,text/html,404,
https://www.nrc.gov/docs/ML0827/ML082750235.pdf,blocked_or_forbidden,403,1,U.S. Nuclear Regulatory Commission (NRC),Item 19 Emergency Procedures for Radioactive Spills,KB-RECO-0106,https://www.nrc.gov/docs/ML0827/ML082750235.pdf,text/html,404,
https://www.nrc.gov/docs/ML1204/ML12044A227.pdf,blocked_or_forbidden,403,1,U.S. Nuclear Regulatory Commission (NRC),ALARA - As Low As Reasonably Achievable,KB-RECO-0084,https://www.nrc.gov/docs/ML1204/ML12044A227.pdf,text/html,404,
https://www.nrc.gov/docs/ML1306/ML13064A088.pdf,blocked_or_forbidden,403,1,U.S. Nuclear Regulatory Commission (NRC),Regulatory Guide 8.14 - Personnel Neutron Dosimeters,KB-RECO-0095,https://www.nrc.gov/docs/ML1306/ML13064A088.pdf,text/html,404,
https://www.nrc.gov/docs/ML1609/ML16090A100.pdf,blocked_or_forbidden,403,1,U.S. Nuclear Regulatory Commission (NRC),MD 10.131 Protection of NRC Employees Against Ionizing Radiation,KB-RECO-0177,https://www.nrc.gov/docs/ML1609/ML16090A100.pdf,text/html,404,
https://www.nrc.gov/docs/ML2014/ML20147A696.pdf,blocked_or_forbidden,403,3,U.S. Nuclear Regulatory Commission (NRC),Application for license for use of I-125,KB-RECO-0090;KB-RECO-0099;KB-RECO-0189,https://www.nrc.gov/docs/ML2014/ML20147A696.pdf,text/html,404,
https://www.nrc.gov/docs/ML2517/ML25175A081.pdf,blocked_or_forbidden,403,2,U.S. Nuclear Regulatory Commission (NRC),DRSS Emergency Procedures - Radioactive Spill Response,KB-RECO-0104;KB-RECO-0105,https://www.nrc.gov/docs/ML2517/ML25175A081.pdf,text/html,404,
https://www.nrc.gov/docs/ml1019/ML101900087.pdf,blocked_or_forbidden,403,2,U.S. Nuclear Regulatory Commission (NRC),Regulatory Guide 8.4 - Personnel Monitoring,KB-RECO-0094;KB-RECO-0096,https://www.nrc.gov/docs/ml1019/ML101900087.pdf,text/html,404,
https://www.nrc.gov/materials/miau/research-medical.html,blocked_or_forbidden,403,1,U.S. Nuclear Regulatory Commission (NRC),Radiation Safety in the Use of Radionuclides in Research,KB-RECO-0093,https://www.nrc.gov/materials/miau/research-medical.html,text/html,417,
https://www.nrc.gov/materials/toolboxes/llrw-waste,blocked_or_forbidden,403,1,U.S. Nuclear Regulatory Commission (NRC),Low Level Radioactive Waste Toolbox for Materials Users,KB-RECO-0097,https://www.nrc.gov/materials/toolboxes/llrw-waste,text/html,407,
https://www.nrc.gov/materials/transportation.html,blocked_or_forbidden,403,1,U.S. Nuclear Regulatory Commission,Transportation of Radioactive Material,KB-PHASE4-0758,https://www.nrc.gov/materials/transportation.html,text/html,402,
https://www.nrc.gov/reading-rm/doc-collections/cfr/part020/,blocked_or_forbidden,403,7,U.S. Nuclear Regulatory Commission (NRC),10 CFR Part 20 - Standards for Protection Against Radiation,KB-RECO-0085;KB-RECO-0087;KB-RECO-0100;KB-RECO-0176;KB-RECO-0179,https://www.nrc.gov/reading-rm/doc-collections/cfr/part020/,text/html,428,
https://www.nrc.gov/reading-rm/doc-collections/cfr/part030/full-text.html,blocked_or_forbidden,403,1,U.S. Nuclear Regulatory Commission (NRC),10 CFR Part 30 - Rules of General Applicability,KB-RECO-0175,https://www.nrc.gov/reading-rm/doc-collections/cfr/part030/full-text.html,text/html,450,
https://www.nrc.gov/reading-rm/doc-collections/cfr/part061/full-text.html,blocked_or_forbidden,403,1,U.S. Nuclear Regulatory Commission (NRC),PART 61 - Licensing Requirements for Land Disposal of Radioactive Waste,KB-RECO-0098,https://www.nrc.gov/reading-rm/doc-collections/cfr/part061/full-text.html,text/html,450,
https://www.nrc.gov/reading-rm/doc-collections/fact-sheets/tritium-radiation-fs,blocked_or_forbidden,403,1,U.S. Nuclear Regulatory Commission (NRC),"Backgrounder on Tritium, Radiation Protection Limits, and Drinking Water Standards",KB-RECO-0088,https://www.nrc.gov/reading-rm/doc-collections/fact-sheets/tritium-radiation-fs,text/html,456,
https://www.nrc.gov/waste/low-level-waste.html,blocked_or_forbidden,403,1,U.S. Nuclear Regulatory Commission,Low-Level Waste Disposal Standards,KB-PHASE4-0759,https://www.nrc.gov/waste/low-level-waste.html,text/html,407,
https://www.osha.gov/1-bromopropane,blocked_or_forbidden,403,1,U.S. Occupational Safety and Health Administration (OSHA),1-Bromopropane - Safety and Health Topics,KB-PHASE4-0066,https://www.osha.gov/1-bromopropane,text/html,919,
https://www.osha.gov/SLTC/sulfuricacid/,blocked_or_forbidden,403,1,U.S. Occupational Safety and Health Administration,OSHA Sulfuric Acid,KB-CHEM2-0001,https://www.osha.gov/SLTC/sulfuricacid/,text/html,919,
https://www.osha.gov/arsenic,blocked_or_forbidden,403,1,U.S. Occupational Safety and Health Administration (OSHA),Arsenic - Safety and Health Topics,KB-PHASE4-0063,https://www.osha.gov/arsenic,text/html,919,
https://www.osha.gov/asbestos,blocked_or_forbidden,403,1,U.S. Occupational Safety and Health Administration (OSHA),Asbestos - Safety and Health Topics,KB-PHASE4-0064,https://www.osha.gov/asbestos,text/html,919,
https://www.osha.gov/benzene,blocked_or_forbidden,403,1,U.S. Occupational Safety and Health Administration (OSHA),Benzene - Safety and Health Topics,KB-PHASE4-0065,https://www.osha.gov/benzene,text/html,919,
https://www.osha.gov/beryllium/faqs,blocked_or_forbidden,403,1,U.S. Occupational Safety and Health Administration (OSHA),Beryllium - Frequently Asked Questions,KB-PHASE4-0008,https://www.osha.gov/beryllium/faqs,text/html,919,
https://www.osha.gov/chemical-executive-order,blocked_or_forbidden,403,1,U.S. Occupational Safety and Health Administration (OSHA),Executive Order 13650: Improving Chemical Facility Safety and Security,KB-PHASE4-0069,https://www.osha.gov/chemical-executive-order,text/html,919,
https://www.osha.gov/chemical-hazards,blocked_or_forbidden,403,1,U.S. Occupational Safety and Health Administration (OSHA),Chemical Hazards and Toxic Substances - Overview,KB-PHASE4-0019,https://www.osha.gov/chemical-hazards,text/html,919,
https://www.osha.gov/chemical-hazards/controlling-exposure,blocked_or_forbidden,403,1,U.S. Occupational Safety and Health Administration (OSHA),Chemical Hazards and Toxic Substances - Controlling Exposure,KB-PHASE4-0072,https://www.osha.gov/chemical-hazards/controlling-exposure,text/html,919,
https://www.osha.gov/chemical-hazards/resources,blocked_or_forbidden,403,1,U.S. Occupational Safety and Health Administration (OSHA),Chemical Hazards - Additional Resources,KB-PHASE4-0068,https://www.osha.gov/chemical-hazards/resources,text/html,919,
https://www.osha.gov/chemical-reactivity,blocked_or_forbidden,403,1,U.S. Occupational Safety and Health Administration (OSHA),Chemical Reactivity Hazards - Overview,KB-PHASE4-0001,https://www.osha.gov/chemical-reactivity,text/html,919,
https://www.osha.gov/chemical-reactivity/control-prevention,blocked_or_forbidden,403,1,U.S. Occupational Safety and Health Administration (OSHA),Chemical Reactivity Hazards - Control and Prevention,KB-PHASE4-0003,https://www.osha.gov/chemical-reactivity/control-prevention,text/html,919,
https://www.osha.gov/chemical-reactivity/hazards,blocked_or_forbidden,403,1,U.S. Occupational Safety and Health Administration (OSHA),Chemical Reactivity Hazards - Hazards Recognition,KB-PHASE4-0002,https://www.osha.gov/chemical-reactivity/hazards,text/html,919,
https://www.osha.gov/chemicaldata/116,blocked_or_forbidden,403,1,U.S. Occupational Safety and Health Administration,OSHA Chemical Sampling Information - 铬酸(Chromic Acid),KB-CHEM2-0024,https://www.osha.gov/chemicaldata/116,text/html,919,
https://www.osha.gov/chemicaldata/168,blocked_or_forbidden,403,1,U.S. Occupational Safety and Health Administration,OSHA Chemical Sampling Information - 二氯甲烷(Dichloromethane),KB-CHEM2-0017,https://www.osha.gov/chemicaldata/168,text/html,919,
https://www.osha.gov/chemicaldata/192,blocked_or_forbidden,403,1,U.S. Occupational Safety and Health Administration,OSHA Chemical Sampling Information - 盐酸(Hydrochloric Acid),KB-CHEM2-0002,https://www.osha.gov/chemicaldata/192,text/html,919,
https://www.osha.gov/chemicaldata/196,blocked_or_forbidden,403,1,U.S. Occupational Safety and Health Administration,OSHA Chemical Sampling Information - 氢氟酸(Hydrofluoric Acid),KB-CHEM2-0004,https://www.osha.gov/chemicaldata/196,text/html,919,
https://www.osha.gov/chemicaldata/252,blocked_or_forbidden,403,1,U.S. Occupational Safety and Health Administration,OSHA Chemical Sampling Information - 氢气(Hydrogen),KB-CHEM2-0025,https://www.osha.gov/chemicaldata/252,text/html,919,
https://www.osha.gov/chemicaldata/33,blocked_or_forbidden,403,1,U.S. Occupational Safety and Health Administration,OSHA Chemical Sampling Information - 氨水(Ammonium Hydroxide),KB-CHEM2-0008,https://www.osha.gov/chemicaldata/33,text/html,919,
https://www.osha.gov/chemicaldata/386,blocked_or_forbidden,403,1,U.S. Occupational Safety and Health Administration,OSHA Chemical Sampling Information - 硝酸(Nitric Acid),KB-CHEM2-0003,https://www.osha.gov/chemicaldata/386,text/html,919,
https://www.osha.gov/chemicaldata/420,blocked_or_forbidden,403,1,U.S. Occupational Safety and Health Administration,OSHA Chemical Sampling Information - 氧气(Oxygen),KB-CHEM2-0026,https://www.osha.gov/chemicaldata/420,text/html,919,
https://www.osha.gov/chemicaldata/443,blocked_or_forbidden,403,1,U.S. Occupational Safety and Health Administration,OSHA Chemical Sampling Information - 高氯酸(Perchloric Acid),KB-CHEM2-0005,https://www.osha.gov/chemicaldata/443,text/html,919,
https://www.osha.gov/chemicaldata/446,blocked_or_forbidden,403,1,U.S. Occupational Safety and Health Administration,OSHA Chemical Sampling Information - 氢氧化钾(Potassium Hydroxide),KB-CHEM2-0007,https://www.osha.gov/chemicaldata/446,text/html,919,
https://www.osha.gov/chemicaldata/528,blocked_or_forbidden,403,1,U.S. Occupational Safety and Health Administration,OSHA Chemical Sampling Information - 氢氧化钠(Sodium Hydroxide),KB-CHEM2-0006,https://www.osha.gov/chemicaldata/528,text/html,919,
https://www.osha.gov/coal-tar-pitch-volatiles/solutions,blocked_or_forbidden,403,1,U.S. Occupational Safety and Health Administration (OSHA),Coal Tar Pitch Volatiles - Possible Solutions,KB-PHASE4-0027,https://www.osha.gov/coal-tar-pitch-volatiles/solutions,text/html,919,
https://www.osha.gov/consultation,blocked_or_forbidden,403,1,OSHA,OSHA On-site Consultation Program,KB-PHASE4-0714,https://www.osha.gov/consultation,text/html,919,
https://www.osha.gov/diacetyl,blocked_or_forbidden,403,1,U.S. Occupational Safety and Health Administration (OSHA),Diacetyl - Safety and Health Topics,KB-PHASE4-0062,https://www.osha.gov/diacetyl,text/html,919,
https://www.osha.gov/enforcement/directives/cpl-02-02-045,blocked_or_forbidden,403,1,Occupational Safety and Health Administration (OSHA),Process Safety Management - Mechanical Integrity,KB-RECO-0164,https://www.osha.gov/enforcement/directives/cpl-02-02-045,text/html,919,
https://www.osha.gov/enforcement/directives/cpl-03-00-021,blocked_or_forbidden,403,1,U.S. Occupational Safety and Health Administration (OSHA),PSM Covered Chemical Facilities National Emphasis Program (CPL 03-00-021),KB-PHASE4-0054,https://www.osha.gov/enforcement/directives/cpl-03-00-021,text/html,919,
https://www.osha.gov/ethylene-oxide,blocked_or_forbidden,403,1,U.S. Occupational Safety and Health Administration (OSHA),Ethylene Oxide - Safety and Health Topics,KB-PHASE4-0060,https://www.osha.gov/ethylene-oxide,text/html,919,
https://www.osha.gov/etools/ammonia-refrigeration,blocked_or_forbidden,403,1,U.S. Occupational Safety and Health Administration (OSHA),eTools : Ammonia Refrigeration,KB-PHASE4-0017,https://www.osha.gov/etools/ammonia-refrigeration,text/html,919,
https://www.osha.gov/etools/ammonia-refrigeration/emergency-response,blocked_or_forbidden,403,1,U.S. Occupational Safety and Health Administration (OSHA),Ammonia Refrigeration - Emergency Response,KB-PHASE4-0018,https://www.osha.gov/etools/ammonia-refrigeration/emergency-response,text/html,919,
https://www.osha.gov/etools/ammonia-refrigeration/general-safety,blocked_or_forbidden,403,1,U.S. Occupational Safety and Health Administration (OSHA),Ammonia Refrigeration - General Safety,KB-PHASE4-0047,https://www.osha.gov/etools/ammonia-refrigeration/general-safety,text/html,919,
https://www.osha.gov/etools/ammonia-refrigeration/receiving-storage,blocked_or_forbidden,403,1,U.S. Occupational Safety and Health Administration (OSHA),Ammonia Refrigeration - Receiving and Storage,KB-PHASE4-0048,https://www.osha.gov/etools/ammonia-refrigeration/receiving-storage,text/html,919,
https://www.osha.gov/etools/construction/electrical-incidents,blocked_or_forbidden,403,1,Occupational Safety and Health Administration (OSHA),OSHA Electrical Safety eTool - First Aid,KB-RECO-0185,https://www.osha.gov/etools/construction/electrical-incidents,text/html,919,
https://www.osha.gov/etools/construction/electrical-incidents/ground-fault-circuit-interrupters,blocked_or_forbidden,403,2,Occupational Safety and Health Administration (OSHA),Electrical Incidents - Ground-Fault Circuit Interrupters,KB-RECO-0142;KB-RECO-0144,https://www.osha.gov/etools/construction/electrical-incidents/ground-fault-circuit-interrupters,text/html,919,
https://www.osha.gov/etools/construction/electrical-incidents/power-tools,blocked_or_forbidden,403,2,Occupational Safety and Health Administration (OSHA),eTool: Construction - Electrical Incidents - Power Tools,KB-RECO-0147;KB-RECO-0157,https://www.osha.gov/etools/construction/electrical-incidents/power-tools,text/html,919,
https://www.osha.gov/etools/hospitals/surgical-suite/laser-hazards,blocked_or_forbidden,403,4,Occupational Safety and Health Administration (OSHA),eTool: Hospitals - Surgical Suite - Laser Hazards,KB-RECO-0114;KB-RECO-0115;KB-RECO-0128;KB-RECO-0135,https://www.osha.gov/etools/hospitals/surgical-suite/laser-hazards,text/html,919,
https://www.osha.gov/etools/lockout-tagout,blocked_or_forbidden,403,2,Occupational Safety and Health Administration (OSHA),OSHA Lockout/Tagout eTool - Energy Sources,KB-RECO-0151;KB-RECO-0171,https://www.osha.gov/etools/lockout-tagout,text/html,919,
https://www.osha.gov/etools/machine-guarding/introduction/general-requirements,blocked_or_forbidden,403,2,Occupational Safety and Health Administration (OSHA),Machine Guarding - General Requirements,KB-RECO-0160;KB-RECO-0172,https://www.osha.gov/etools/machine-guarding/introduction/general-requirements,text/html,919,
https://www.osha.gov/etools/shipyard-equipment/lasers,blocked_or_forbidden,403,4,Occupational Safety and Health Administration,Laser Hazards - OSHA Technical Manual,KB-PHASE4-0762;KB-PHASE4-0763;KB-PHASE4-0764;KB-PHASE4-0765,https://www.osha.gov/etools/shipyard-equipment/lasers,text/html,919,
https://www.osha.gov/formaldehyde,blocked_or_forbidden,403,2,U.S. Occupational Safety and Health Administration;U.S. Occupational Safety and Health Administration (OSHA),Formaldehyde - Safety and Health Topics,KB-PHASE4-0059;KB-CHEM2-0019,https://www.osha.gov/formaldehyde,text/html,919,
https://www.osha.gov/green-jobs/biofuels/chemical,blocked_or_forbidden,403,1,U.S. Occupational Safety and Health Administration (OSHA),Green Job Hazards - Biofuels: Chemical Reactivity Hazards,KB-PHASE4-0032,https://www.osha.gov/green-jobs/biofuels/chemical,text/html,919,
https://www.osha.gov/green-jobs/solar/electrical,blocked_or_forbidden,403,1,Occupational Safety and Health Administration (OSHA),Electrical - Green Job Hazards,KB-RECO-0143,https://www.osha.gov/green-jobs/solar/electrical,text/html,919,
https://www.osha.gov/hazcom/appendix-c,blocked_or_forbidden,403,7,OSHA,OSHA Hazard Communication Standard - Appendix C,KB-PHASE4-0390;KB-PHASE4-0391;KB-PHASE4-0396;KB-PHASE4-0397;KB-PHASE4-0398,https://www.osha.gov/hazcom/appendix-c,text/html,919,
https://www.osha.gov/hazcom/faq,blocked_or_forbidden,403,2,OSHA,OSHA Hazard Communication Standard - GHS Labeling,KB-PHASE4-0613;KB-PHASE4-0701,https://www.osha.gov/hazcom/faq,text/html,919,
https://www.osha.gov/hazcom/ghd053107,blocked_or_forbidden,403,1,U.S. Occupational Safety and Health Administration (OSHA),Guidance for Hazard Determination,KB-PHASE4-0033,https://www.osha.gov/hazcom/ghd053107,text/html,919,
https://www.osha.gov/hexavalent-chromium,blocked_or_forbidden,403,1,U.S. Occupational Safety and Health Administration (OSHA),Hexavalent Chromium - Safety and Health Topics,KB-PHASE4-0058,https://www.osha.gov/hexavalent-chromium,text/html,919,
https://www.osha.gov/hydrogen-sulfide,blocked_or_forbidden,403,1,U.S. Occupational Safety and Health Administration (OSHA),Hydrogen Sulfide - Safety and Health Topics,KB-PHASE4-0057,https://www.osha.gov/hydrogen-sulfide,text/html,919,
https://www.osha.gov/isocyanates,blocked_or_forbidden,403,1,U.S. Occupational Safety and Health Administration (OSHA),Isocyanates - Safety and Health Topics,KB-PHASE4-0061,https://www.osha.gov/isocyanates,text/html,919,
https://www.osha.gov/laboratories,blocked_or_forbidden,403,1,U.S. Occupational Safety and Health Administration (OSHA),Laboratories - Overview,KB-PHASE4-0006,https://www.osha.gov/laboratories,text/html,919,
https://www.osha.gov/laser-hazards/hazards,blocked_or_forbidden,403,23,OSHA / AORN Alliance;OSHA / Laser Institute of America (LIA);Occupational Safety and Health Administration (OSHA),Laser Hazards - Hazard Recognition,KB-RECO-0112;KB-RECO-0113;KB-RECO-0116;KB-RECO-0117;KB-RECO-0118,https://www.osha.gov/laser-hazards/hazards,text/html,919,
https://www.osha.gov/laser-hazards/standards,blocked_or_forbidden,403,3,Occupational Safety and Health Administration (OSHA);U.S. Food and Drug Administration (FDA) / OSHA,Laser Hazards - Standards,KB-RECO-0119;KB-RECO-0127;KB-RECO-0131,https://www.osha.gov/laser-hazards/standards,text/html,919,
https://www.osha.gov/laws-regs/federalregister/1992-08-10,blocked_or_forbidden,403,1,U.S. Occupational Safety and Health Administration (OSHA),"Occupational Exposure to 4,4' Methylenedianiline (MDA) Final Rule",KB-PHASE4-0025,https://www.osha.gov/laws-regs/federalregister/1992-08-10,text/html,919,
https://www.osha.gov/laws-regs/federalregister/1996-11-04,blocked_or_forbidden,403,1,U.S. Occupational Safety and Health Administration (OSHA),"Occupational Exposure to 1,3-Butadiene Final Rule",KB-PHASE4-0024,https://www.osha.gov/laws-regs/federalregister/1996-11-04,text/html,919,
https://www.osha.gov/laws-regs/federalregister/1997-01-10,blocked_or_forbidden,403,1,U.S. Occupational Safety and Health Administration (OSHA),Occupational Exposure to Methylene Chloride Final Rule,KB-PHASE4-0023,https://www.osha.gov/laws-regs/federalregister/1997-01-10,text/html,919,
https://www.osha.gov/laws-regs/federalregister/2006-09-12-0,blocked_or_forbidden,403,2,U.S. Occupational Safety and Health Administration,OSHA Hazard Communication Standard - GHS Labeling,KB-RECO-0284;KB-RECO-0285,https://www.osha.gov/laws-regs/federalregister/2006-09-12-0,text/html,919,
https://www.osha.gov/laws-regs/federalregister/2022-06-28,blocked_or_forbidden,403,1,U.S. Occupational Safety and Health Administration (OSHA),Advance Notice of Proposed Rule Making - Blood Lead Level for Medical Removal,KB-PHASE4-0022,https://www.osha.gov/laws-regs/federalregister/2022-06-28,text/html,919,
https://www.osha.gov/laws-regs/federalregister/2022-08-30,blocked_or_forbidden,403,1,U.S. Occupational Safety and Health Administration (OSHA),Process Safety Management (PSM); Stakeholder Meeting Notice,KB-PHASE4-0071,https://www.osha.gov/laws-regs/federalregister/2022-08-30,text/html,919,
https://www.osha.gov/laws-regs/federalregister/2023-07-13,blocked_or_forbidden,403,1,U.S. Occupational Safety and Health Administration (OSHA),Lowering Miners' Exposure to Respirable Crystalline Silica Proposed Rule,KB-PHASE4-0026,https://www.osha.gov/laws-regs/federalregister/2023-07-13,text/html,919,
https://www.osha.gov/laws-regs/interlinking/standards/1910.1200,blocked_or_forbidden,403,4,OSHA,Hazard Communication Standard - 1910.1200,KB-RECO-0311;KB-RECO-0312;KB-RECO-0313;KB-RECO-0314,https://www.osha.gov/laws-regs/interlinking/standards/1910.1200,text/html,919,
https://www.osha.gov/laws-regs/interlinking/standards/1910.1200/standard_interpretations,blocked_or_forbidden,403,2,OSHA;U.S. Occupational Safety and Health Administration (OSHA),Coverage of lithium-ion batteries under the Hazard Communication standard,KB-PHASE4-0034;KB-PHASE4-0401,https://www.osha.gov/laws-regs/interlinking/standards/1910.1200/standard_interpretations,text/html,919,
https://www.osha.gov/laws-regs/regulations/standardnumber/1904/1904.39,blocked_or_forbidden,403,1,Occupational Safety and Health Administration,29 CFR 1904 - Recording and Reporting Occupational Injuries and Illnesses,KB-PHASE4-0806,https://www.osha.gov/laws-regs/regulations/standardnumber/1904/1904.39,text/html,919,
https://www.osha.gov/laws-regs/regulations/standardnumber/1910/1910.1000,blocked_or_forbidden,403,1,U.S. Occupational Safety and Health Administration (OSHA),1910.1000 - Air contaminants,KB-PHASE4-0009,https://www.osha.gov/laws-regs/regulations/standardnumber/1910/1910.1000,text/html,919,
https://www.osha.gov/laws-regs/regulations/standardnumber/1910/1910.101,blocked_or_forbidden,403,2,OSHA;Occupational Safety and Health Administration,1910.101 - Compressed gases (general requirements),KB-RECO-0315;KB-PHASE4-0774,https://www.osha.gov/laws-regs/regulations/standardnumber/1910/1910.101,text/html,919,
https://www.osha.gov/laws-regs/regulations/standardnumber/1910/1910.1030,blocked_or_forbidden,403,4,OSHA;Occupational Safety and Health Administration,1910.1030 - Bloodborne pathogens,KB-RECO-0363;KB-RECO-0364;KB-PHASE4-0737;KB-PHASE4-0796,https://www.osha.gov/laws-regs/regulations/standardnumber/1910/1910.1030,text/html,919,
https://www.osha.gov/laws-regs/regulations/standardnumber/1910/1910.1048,blocked_or_forbidden,403,1,OSHA,1910.1048 - Occupational exposure to formaldehyde,KB-RECO-0365,https://www.osha.gov/laws-regs/regulations/standardnumber/1910/1910.1048,text/html,919,
https://www.osha.gov/laws-regs/regulations/standardnumber/1910/1910.106,blocked_or_forbidden,403,2,OSHA;U.S. Occupational Safety and Health Administration (OSHA),1910.106 - Flammable liquids,KB-RECO-0316;KB-PHASE4-0016,https://www.osha.gov/laws-regs/regulations/standardnumber/1910/1910.106,text/html,919,
https://www.osha.gov/laws-regs/regulations/standardnumber/1910/1910.119,blocked_or_forbidden,403,1,U.S. Occupational Safety and Health Administration (OSHA),1910.119 - Process safety management of highly hazardous chemicals,KB-PHASE4-0014,https://www.osha.gov/laws-regs/regulations/standardnumber/1910/1910.119,text/html,919,
https://www.osha.gov/laws-regs/regulations/standardnumber/1910/1910.120,blocked_or_forbidden,403,3,OSHA;Occupational Safety and Health Administration,OSHA 29 CFR 1910.120 HAZWOPER; EPA Levels of Protection,KB-GAP-8018;KB-RECO-0317;KB-PHASE4-0805,https://www.osha.gov/laws-regs/regulations/standardnumber/1910/1910.120,text/html,919,
https://www.osha.gov/laws-regs/regulations/standardnumber/1910/1910.1200,blocked_or_forbidden,403,7,OSHA;Occupational Safety and Health Administration;U.S. Occupational Safety and Health Administration (OSHA),1910.1200 - Hazard Communication,KB-PHASE4-0010;KB-PHASE4-0614;KB-PHASE4-0618;KB-PHASE4-0777;KB-PHASE4-0782,https://www.osha.gov/laws-regs/regulations/standardnumber/1910/1910.1200,text/html,919,
https://www.osha.gov/laws-regs/regulations/standardnumber/1910/1910.132,blocked_or_forbidden,403,2,OSHA;Occupational Safety and Health Administration,1910.132 - General Requirements - Personal Protective Equipment,KB-RECO-0318;KB-PHASE4-0797,https://www.osha.gov/laws-regs/regulations/standardnumber/1910/1910.132,text/html,919,
https://www.osha.gov/laws-regs/regulations/standardnumber/1910/1910.133,blocked_or_forbidden,403,2,Occupational Safety and Health Administration,Vacuum System Safety,KB-PHASE4-0775;KB-PHASE4-0798,https://www.osha.gov/laws-regs/regulations/standardnumber/1910/1910.133,text/html,919,
https://www.osha.gov/laws-regs/regulations/standardnumber/1910/1910.134,blocked_or_forbidden,403,3,OSHA;OSHA (Occupational Safety and Health Administration);Occupational Safety and Health Administration,1910.134 - Respiratory protection,KB-RECO-0366;KB-RECO-0425;KB-PHASE4-0787,https://www.osha.gov/laws-regs/regulations/standardnumber/1910/1910.134,text/html,919,
https://www.osha.gov/laws-regs/regulations/standardnumber/1910/1910.1450,blocked_or_forbidden,403,133,OSHA;Occupational Safety and Health Administration;U.S. Occupational Safety and Health Administration (OSHA),OSHA 29 CFR 1910.1450 Occupational Exposure to Hazardous Chemicals in Laboratories,EXT-OSHA-1910-1450-001-a77d791b29;EXT-OSHA-1910-1450-002-8f108ed433;EXT-OSHA-1910-1450-003-8d73f7cb43;EXT-OSHA-1910-1450-004-c17b4f3b08;EXT-OSHA-1910-1450-005-31106c72ac,https://www.osha.gov/laws-regs/regulations/standardnumber/1910/1910.1450,text/html,919,
https://www.osha.gov/laws-regs/regulations/standardnumber/1910/1910.1450AppA,blocked_or_forbidden,403,2,OSHA,OSHA Laboratory Standard 1910.1450 Appendix A,KB-PHASE4-0576;KB-PHASE4-0587,https://www.osha.gov/laws-regs/regulations/standardnumber/1910/1910.1450AppA,text/html,919,
https://www.osha.gov/laws-regs/regulations/standardnumber/1910/1910.146,blocked_or_forbidden,403,1,Occupational Safety and Health Administration,1910.146 - Permit-Required Confined Spaces,KB-PHASE4-0816,https://www.osha.gov/laws-regs/regulations/standardnumber/1910/1910.146,text/html,919,
https://www.osha.gov/laws-regs/regulations/standardnumber/1910/1910.147,blocked_or_forbidden,403,3,Occupational Safety and Health Administration,Lockout/Tagout Standard,KB-PHASE4-0771;KB-PHASE4-0785;KB-PHASE4-0786,https://www.osha.gov/laws-regs/regulations/standardnumber/1910/1910.147,text/html,919,
https://www.osha.gov/laws-regs/regulations/standardnumber/1910/1910.151,blocked_or_forbidden,403,1,Occupational Safety and Health Administration,1910.151 - Medical services and first aid,KB-PHASE4-0802,https://www.osha.gov/laws-regs/regulations/standardnumber/1910/1910.151,text/html,919,
https://www.osha.gov/laws-regs/regulations/standardnumber/1910/1910.157,blocked_or_forbidden,403,2,Occupational Safety and Health Administration;Occupational Safety and Health Administration (OSHA),OSHA Fire Safety - Portable Fire Extinguishers,KB-RECO-0192;KB-PHASE4-0801,https://www.osha.gov/laws-regs/regulations/standardnumber/1910/1910.157,text/html,919,
https://www.osha.gov/laws-regs/regulations/standardnumber/1910/1910.212,blocked_or_forbidden,403,2,Occupational Safety and Health Administration,Machine Guarding General Requirements,KB-PHASE4-0772;KB-PHASE4-0773,https://www.osha.gov/laws-regs/regulations/standardnumber/1910/1910.212,text/html,919,
https://www.osha.gov/laws-regs/regulations/standardnumber/1910/1910.269_2,blocked_or_forbidden,403,2,Occupational Safety and Health Administration (OSHA),29 CFR 1910.269 - Testing and test facilities,KB-RECO-0148;KB-RECO-0149,https://www.osha.gov/laws-regs/regulations/standardnumber/1910/1910.269_2,text/html,919,
https://www.osha.gov/laws-regs/regulations/standardnumber/1910/1910.301,blocked_or_forbidden,403,1,OSHA,1910.301 - Introduction to Electrical Standards,KB-RECO-0322,https://www.osha.gov/laws-regs/regulations/standardnumber/1910/1910.301,text/html,919,
https://www.osha.gov/laws-regs/regulations/standardnumber/1910/1910.304,blocked_or_forbidden,403,2,Occupational Safety and Health Administration,Electrical Safety Requirements,KB-PHASE4-0766;KB-PHASE4-0767,https://www.osha.gov/laws-regs/regulations/standardnumber/1910/1910.304,text/html,919,
https://www.osha.gov/laws-regs/regulations/standardnumber/1910/1910.305,blocked_or_forbidden,403,1,OSHA,"1910.305 - Wiring methods, components, and equipment",KB-RECO-0321,https://www.osha.gov/laws-regs/regulations/standardnumber/1910/1910.305,text/html,919,
https://www.osha.gov/laws-regs/regulations/standardnumber/1910/1910.331,blocked_or_forbidden,403,1,Occupational Safety and Health Administration,Electrical Safety Related Work Practices,KB-PHASE4-0770,https://www.osha.gov/laws-regs/regulations/standardnumber/1910/1910.331,text/html,919,
https://www.osha.gov/laws-regs/regulations/standardnumber/1910/1910.332,blocked_or_forbidden,403,1,OSHA,1910.332 - Training,KB-RECO-0320,https://www.osha.gov/laws-regs/regulations/standardnumber/1910/1910.332,text/html,919,
https://www.osha.gov/laws-regs/regulations/standardnumber/1910/1910.333,blocked_or_forbidden,403,3,OSHA;Occupational Safety and Health Administration,1910.333 - Selection and use of work practices,KB-RECO-0319;KB-PHASE4-0768;KB-PHASE4-0769,https://www.osha.gov/laws-regs/regulations/standardnumber/1910/1910.333,text/html,919,
https://www.osha.gov/laws-regs/regulations/standardnumber/1910/1910.38,blocked_or_forbidden,403,1,Occupational Safety and Health Administration,1910.38 - Emergency Action Plans,KB-PHASE4-0799,https://www.osha.gov/laws-regs/regulations/standardnumber/1910/1910.38,text/html,919,
https://www.osha.gov/laws-regs/regulations/standardnumber/1910/1910.95,blocked_or_forbidden,403,2,Occupational Safety and Health Administration,Occupational Noise Exposure,KB-PHASE4-0776;KB-PHASE4-0804,https://www.osha.gov/laws-regs/regulations/standardnumber/1910/1910.95,text/html,919,
https://www.osha.gov/laws-regs/regulations/standardnumber/1915/1915.172,blocked_or_forbidden,403,1,Occupational Safety and Health Administration (OSHA),29 CFR 1915.172 - Portable air receivers,KB-RECO-0165,https://www.osha.gov/laws-regs/regulations/standardnumber/1915/1915.172,text/html,919,
https://www.osha.gov/laws-regs/regulations/standardnumber/1915/1915.507,blocked_or_forbidden,403,1,U.S. Occupational Safety and Health Administration,OSHA Hazard Communication Standard 29 CFR 1910.1200,KB-RECO-0212,https://www.osha.gov/laws-regs/regulations/standardnumber/1915/1915.507,text/html,919,
https://www.osha.gov/laws-regs/standardinterpretations/1987-06-03,blocked_or_forbidden,403,1,Occupational Safety and Health Administration (OSHA),OSHA Hazard Information Bulletins - Hazard of Laser Surgery Smoke,KB-RECO-0137,https://www.osha.gov/laws-regs/standardinterpretations/1987-06-03,text/html,919,
https://www.osha.gov/laws-regs/standardinterpretations/1993-04-20-0,blocked_or_forbidden,403,1,Occupational Safety and Health Administration (OSHA),OSHA Interpretation - Machine Guarding for Centrifuges,KB-RECO-0161,https://www.osha.gov/laws-regs/standardinterpretations/1993-04-20-0,text/html,919,
https://www.osha.gov/laws-regs/standardinterpretations/1993-08-11,blocked_or_forbidden,403,1,OSHA,OSHA Permit-Required Confined Space Standard 1910.146,KB-PHASE4-0589,https://www.osha.gov/laws-regs/standardinterpretations/1993-08-11,text/html,919,
https://www.osha.gov/laws-regs/standardinterpretations/1994-03-16,blocked_or_forbidden,403,1,U.S. Occupational Safety and Health Administration (OSHA),Highly Hazardous Chemicals as it applies to flammable liquid from a stationary tank,KB-PHASE4-0037,https://www.osha.gov/laws-regs/standardinterpretations/1994-03-16,text/html,919,
https://www.osha.gov/laws-regs/standardinterpretations/1995-01-18-0,blocked_or_forbidden,403,2,OSHA (Occupational Safety and Health Administration),Peroxide Forming Chemicals Safety,KB-RECO-0401;KB-RECO-0402,https://www.osha.gov/laws-regs/standardinterpretations/1995-01-18-0,text/html,919,
https://www.osha.gov/laws-regs/standardinterpretations/1999-07-09,blocked_or_forbidden,403,1,U.S. Occupational Safety and Health Administration (OSHA),Applicability of the PSM standard to a flammable liquid manufacturing process,KB-PHASE4-0036,https://www.osha.gov/laws-regs/standardinterpretations/1999-07-09,text/html,919,
https://www.osha.gov/laws-regs/standardinterpretations/2001-03-23-0,blocked_or_forbidden,403,1,U.S. Occupational Safety and Health Administration (OSHA),Storage of flammable liquids and corrosives in the same cabinet,KB-PHASE4-0029,https://www.osha.gov/laws-regs/standardinterpretations/2001-03-23-0,text/html,919,
https://www.osha.gov/laws-regs/standardinterpretations/2003-12-10,blocked_or_forbidden,403,1,U.S. Occupational Safety and Health Administration (OSHA),Fixed industrial stair requirements for access to secondary containment structures surrounding bulk chemical storage tanks,KB-PHASE4-0040,https://www.osha.gov/laws-regs/standardinterpretations/2003-12-10,text/html,919,
https://www.osha.gov/laws-regs/standardinterpretations/2007-02-27,blocked_or_forbidden,403,1,U.S. Occupational Safety and Health Administration (OSHA),Requirement to provide accessible quick drenching and flushing facilities where there is exposure to corrosive materials,KB-PHASE4-0012,https://www.osha.gov/laws-regs/standardinterpretations/2007-02-27,text/html,919,
https://www.osha.gov/laws-regs/standardinterpretations/2009-06-01,blocked_or_forbidden,403,5,OSHA;OSHA (Occupational Safety and Health Administration);OSHA / ANSI,OSHA Requirements for Eyewash and Shower Facilities,KB-RECO-0417;KB-RECO-0427;KB-PHASE4-0621;KB-PHASE4-0685;KB-PHASE4-0698,https://www.osha.gov/laws-regs/standardinterpretations/2009-06-01,text/html,919,
https://www.osha.gov/laws-regs/standardinterpretations/2010-04-12,blocked_or_forbidden,403,1,Occupational Safety and Health Administration (OSHA),OSHA Interpretation - Extension Cord Repair,KB-RECO-0156,https://www.osha.gov/laws-regs/standardinterpretations/2010-04-12,text/html,919,
https://www.osha.gov/laws-regs/standardinterpretations/2010-08-27,blocked_or_forbidden,403,1,U.S. Occupational Safety and Health Administration (OSHA),Clearing Piping Systems with Natural Gas,KB-PHASE4-0055,https://www.osha.gov/laws-regs/standardinterpretations/2010-08-27,text/html,919,
https://www.osha.gov/laws-regs/standardinterpretations/2010-11-30,blocked_or_forbidden,403,1,OSHA,OSHA Lockout/Tagout Standard 1910.147,KB-PHASE4-0590,https://www.osha.gov/laws-regs/standardinterpretations/2010-11-30,text/html,919,
https://www.osha.gov/laws-regs/standardinterpretations/2010-12-20-0,blocked_or_forbidden,403,1,OSHA (Occupational Safety and Health Administration),Hazardous Waste Container Management,KB-RECO-0405,https://www.osha.gov/laws-regs/standardinterpretations/2010-12-20-0,text/html,919,
https://www.osha.gov/laws-regs/standardinterpretations/2014-05-12,blocked_or_forbidden,403,1,U.S. Occupational Safety and Health Administration (OSHA),CPSC versus HCS 2012 labeling requirements,KB-PHASE4-0039,https://www.osha.gov/laws-regs/standardinterpretations/2014-05-12,text/html,919,
https://www.osha.gov/laws-regs/standardinterpretations/2015-08-05,blocked_or_forbidden,403,2,Occupational Safety and Health Administration (OSHA),Lockout of tagout requirements for electrical hazards,KB-RECO-0146;KB-RECO-0152,https://www.osha.gov/laws-regs/standardinterpretations/2015-08-05,text/html,919,
https://www.osha.gov/laws-regs/standardinterpretations/2015-09-03-0,blocked_or_forbidden,403,1,OSHA,OSHA Interpretation - Labeling of Secondary Containers,KB-PHASE4-0623,https://www.osha.gov/laws-regs/standardinterpretations/2015-09-03-0,text/html,919,
https://www.osha.gov/laws-regs/standardinterpretations/2017-03-23-2,blocked_or_forbidden,403,1,U.S. Occupational Safety and Health Administration (OSHA),"Hazard Communication Standard's (HCS 2012) June 1, 2016 effective date",KB-PHASE4-0046,https://www.osha.gov/laws-regs/standardinterpretations/2017-03-23-2,text/html,919,
https://www.osha.gov/laws-regs/standardinterpretations/2017-05-05,blocked_or_forbidden,403,1,U.S. Occupational Safety and Health Administration (OSHA),Labeling outer containers of chemical cleaning products while in storage,KB-PHASE4-0030,https://www.osha.gov/laws-regs/standardinterpretations/2017-05-05,text/html,919,
https://www.osha.gov/laws-regs/standardinterpretations/2020-10-28,blocked_or_forbidden,403,1,U.S. Occupational Safety and Health Administration (OSHA),Clarification to the disclosure of chemical ingredients in SDS sections 3 and 8,KB-PHASE4-0035,https://www.osha.gov/laws-regs/standardinterpretations/2020-10-28,text/html,919,
https://www.osha.gov/laws-regs/standardinterpretations/2021-03-30,blocked_or_forbidden,403,1,U.S. Occupational Safety and Health Administration (OSHA),HCS listing of occupational exposure limits (OELs) in section 8 on a safety data sheet,KB-PHASE4-0049,https://www.osha.gov/laws-regs/standardinterpretations/2021-03-30,text/html,919,
https://www.osha.gov/laws-regs/standardinterpretations/2021-04-23,blocked_or_forbidden,403,1,U.S. Occupational Safety and Health Administration (OSHA),Classifying cloth-like wipes saturated with a hazardous solution under OSHA's Hazard Communication standard,KB-PHASE4-0038,https://www.osha.gov/laws-regs/standardinterpretations/2021-04-23,text/html,919,
https://www.osha.gov/machine-guarding/standards,blocked_or_forbidden,403,1,Occupational Safety and Health Administration (OSHA),OSHA Standards - 29 CFR 1910.219,KB-RECO-0162,https://www.osha.gov/machine-guarding/standards,text/html,919,
https://www.osha.gov/memos/2014-02-10/fertilizer-industry,blocked_or_forbidden,403,1,U.S. Occupational Safety and Health Administration (OSHA),Fertilizer Industry Guidance on Storage and Use of Ammonium Nitrate,KB-PHASE4-0013,https://www.osha.gov/memos/2014-02-10/fertilizer-industry,text/html,919,
https://www.osha.gov/metalworking-fluids/manual,blocked_or_forbidden,403,1,U.S. Occupational Safety and Health Administration (OSHA),Metalworking Fluids: Safety and Health Best Practices Manual,KB-PHASE4-0028,https://www.osha.gov/metalworking-fluids/manual,text/html,919,
https://www.osha.gov/ords/imis/accidentsearch.accident_detail?id=201060068,blocked_or_forbidden,403,1,U.S. Occupational Safety and Health Administration,OSHA Accident Report UCSD Laser Eye Injury,KB-RECO-0300,https://www.osha.gov/ords/imis/accidentsearch.accident_detail?id=201060068,text/html,919,
https://www.osha.gov/ords/imis/accidentsearch.accident_detail?id=202541223,blocked_or_forbidden,403,1,U.S. Occupational Safety and Health Administration,OSHA Accident Report UCLA Laboratory Fire,KB-RECO-0299,https://www.osha.gov/ords/imis/accidentsearch.accident_detail?id=202541223,text/html,919,
https://www.osha.gov/otm/section-6-health-care-facilities/chapter-1,blocked_or_forbidden,403,3,Occupational Safety and Health Administration (OSHA),Hospital Investigations: Health Hazards - Ionizing Radiation,KB-RECO-0107;KB-RECO-0108;KB-RECO-0109,https://www.osha.gov/otm/section-6-health-care-facilities/chapter-1,text/html,919,
https://www.osha.gov/poultry-processing/hazards-solutions,blocked_or_forbidden,403,1,Occupational Safety and Health Administration (OSHA),OSHA Poultry Processing - Dry Ice Hazards,KB-RECO-0170,https://www.osha.gov/poultry-processing/hazards-solutions,text/html,919,
https://www.osha.gov/process-safety-management,blocked_or_forbidden,403,1,U.S. Occupational Safety and Health Administration (OSHA),Process Safety Management - Overview,KB-PHASE4-0015,https://www.osha.gov/process-safety-management,text/html,919,
https://www.osha.gov/publications/3136-08R-2003-English,blocked_or_forbidden,403,1,U.S. Occupational Safety and Health Administration (OSHA),OSHA Guide: Cadmium (OSHA 3136),KB-PHASE4-0021,https://www.osha.gov/publications/3136-08R-2003-English,text/html,919,
https://www.osha.gov/publications/bytopic/battery-manufacturing,blocked_or_forbidden,403,1,Occupational Safety and Health Administration (OSHA),Preventing Fire and/or Explosion Injury from Small Lithium Battery Devices,KB-RECO-0155,https://www.osha.gov/publications/bytopic/battery-manufacturing,text/html,919,
https://www.osha.gov/publications/hib19890523,blocked_or_forbidden,403,1,U.S. Occupational Safety and Health Administration (OSHA),The Use of Open Containers in Transporting Corrosive Chemicals (HIB),KB-PHASE4-0070,https://www.osha.gov/publications/hib19890523,text/html,919,
https://www.osha.gov/publications/hib19931119,blocked_or_forbidden,403,1,U.S. Occupational Safety and Health Administration (OSHA),OSHA Hazard Information Bulletin: Use of Hydrofluoric Acid in the Petroleum Refining Alkylation Process,KB-PHASE4-0011,https://www.osha.gov/publications/hib19931119,text/html,919,
https://www.osha.gov/publications/hib19960703,blocked_or_forbidden,403,1,U.S. Occupational Safety and Health Administration (OSHA),"Water-Reactive Chemicals, Hazardous Materials Not Covered Under 29 CFR 1910.119",KB-PHASE4-0004,https://www.osha.gov/publications/hib19960703,text/html,919,
https://www.osha.gov/safer-chemicals,blocked_or_forbidden,403,1,U.S. Occupational Safety and Health Administration (OSHA),Transitioning to Safer Chemicals: A Toolkit for Employers and Workers,KB-PHASE4-0067,https://www.osha.gov/safer-chemicals,text/html,919,
https://www.osha.gov/shms/chapter-8,blocked_or_forbidden,403,2,OSHA (Occupational Safety and Health Administration),OSHA Field Safety and Health Management System - Appendix C: Chemical Resistant Glove Selection,KB-RECO-0421;KB-RECO-0424,https://www.osha.gov/shms/chapter-8,text/html,919,
https://www.osha.gov/sites/default/files/2019-03/fireprotection.pdf,blocked_or_forbidden,403,1,OSHA (Occupational Safety and Health Administration),Fire Protection and Prevention,KB-RECO-0419,https://www.osha.gov/sites/default/files/2019-03/fireprotection.pdf,text/html,919,
https://www.osha.gov/sites/default/files/Job_Hazard_Analysis_Worksheet.pdf,blocked_or_forbidden,403,1,U.S. Occupational Safety and Health Administration,OSHA Job Hazard Analysis Worksheet,KB-RECO-0247,https://www.osha.gov/sites/default/files/Job_Hazard_Analysis_Worksheet.pdf,text/html,919,
https://www.osha.gov/sites/default/files/activities_jha_training.pptx,blocked_or_forbidden,403,1,U.S. Occupational Safety and Health Administration,OSHA Job Hazard Analysis Training,KB-RECO-0218,https://www.osha.gov/sites/default/files/activities_jha_training.pptx,text/html,919,
https://www.osha.gov/sites/default/files/enforcement/directives/CPL_02-01-065.pdf,blocked_or_forbidden,403,1,U.S. Occupational Safety and Health Administration (OSHA),CPL 02-01-065 Process Safety Management of Highly Hazardous Chemicals,KB-PHASE4-0041,https://www.osha.gov/sites/default/files/enforcement/directives/CPL_02-01-065.pdf,text/html,919,
https://www.osha.gov/sites/default/files/enforcement/directives/PUB_8-1_5.pdf,blocked_or_forbidden,403,1,Occupational Safety and Health Administration (OSHA),Guidelines for Pressure Vessel Safety Assessment,KB-RECO-0163,https://www.osha.gov/sites/default/files/enforcement/directives/PUB_8-1_5.pdf,text/html,919,
https://www.osha.gov/sites/default/files/publications/FORMALDEHYDE-FACTSHEET.pdf,blocked_or_forbidden,403,2,OSHA (Occupational Safety and Health Administration),OSHA Formaldehyde Standard 29 CFR 1910.1048,KB-RECO-0426;KB-RECO-0428,https://www.osha.gov/sites/default/files/publications/FORMALDEHYDE-FACTSHEET.pdf,text/html,919,
https://www.osha.gov/sites/default/files/publications/OSHA3071.pdf,blocked_or_forbidden,403,2,U.S. Occupational Safety and Health Administration,OSHA Job Hazard Analysis Publication 3071,KB-RECO-0244;KB-RECO-0250,https://www.osha.gov/sites/default/files/publications/OSHA3071.pdf,text/html,919,
https://www.osha.gov/sites/default/files/publications/OSHA3088.pdf,blocked_or_forbidden,403,5,OSHA;OSHA / Cornell University EHS,OSHA - How to Plan for Workplace Emergencies and Evacuations,KB-PHASE4-0583;KB-PHASE4-0604;KB-PHASE4-0654;KB-PHASE4-0696;KB-PHASE4-0707,https://www.osha.gov/sites/default/files/publications/OSHA3088.pdf,text/html,919,
https://www.osha.gov/sites/default/files/publications/OSHA3151.pdf,blocked_or_forbidden,403,2,Occupational Safety and Health Administration (OSHA),Personal Protective Equipment (OSHA 3151),KB-RECO-0124;KB-RECO-0125,https://www.osha.gov/sites/default/files/publications/OSHA3151.pdf,text/html,919,
https://www.osha.gov/sites/default/files/publications/OSHA3172.pdf,blocked_or_forbidden,403,1,U.S. Occupational Safety and Health Administration (OSHA),Training Marine Oil Spill Response Workers Under OSHA's HAZWOPER Standard (OSHA 3172),KB-PHASE4-0020,https://www.osha.gov/sites/default/files/publications/OSHA3172.pdf,text/html,919,
https://www.osha.gov/sites/default/files/publications/OSHA3404LABORATORY-SAFETY-GUIDANCE.pdf,blocked_or_forbidden,403,29,OSHA;OSHA / NIOSH;Occupational Safety and Health Administration (OSHA);U.S. Occupational Safety and Health Administration;U.S. Occupational Safety and Health Administration (OSHA),OSHA Laboratory Safety Guidance,KB-RECO-0110;KB-RECO-0111;KB-RECO-0141;KB-RECO-0150;KB-RECO-0166,https://www.osha.gov/sites/default/files/publications/OSHA3404LABORATORY-SAFETY-GUIDANCE.pdf,text/html,919,
https://www.osha.gov/sites/default/files/publications/OSHA3678.pdf,blocked_or_forbidden,403,4,OSHA,OSHA Hazard Communication Standard Pictograms,KB-PHASE4-0392;KB-PHASE4-0393;KB-PHASE4-0394;KB-PHASE4-0395,https://www.osha.gov/sites/default/files/publications/OSHA3678.pdf,text/html,919,
https://www.osha.gov/sites/default/files/publications/OSHA3780.pdf,blocked_or_forbidden,403,1,U.S. Occupational Safety and Health Administration,OSHA Temporary Worker Initiative,KB-RECO-0257,https://www.osha.gov/sites/default/files/publications/OSHA3780.pdf,text/html,919,
https://www.osha.gov/sites/default/files/publications/OSHA3908.pdf,blocked_or_forbidden,403,1,U.S. Occupational Safety and Health Administration (OSHA),Process Safety Management for Small Businesses (OSHA 3908),KB-PHASE4-0031,https://www.osha.gov/sites/default/files/publications/OSHA3908.pdf,text/html,919,
https://www.osha.gov/sites/default/files/publications/OSHA3909.pdf,blocked_or_forbidden,403,1,U.S. Occupational Safety and Health Administration (OSHA),Process Safety Management for Storage Facilities (OSHA 3909),KB-PHASE4-0053,https://www.osha.gov/sites/default/files/publications/OSHA3909.pdf,text/html,919,
https://www.osha.gov/sites/default/files/publications/OSHA3912.pdf,blocked_or_forbidden,403,1,U.S. Occupational Safety and Health Administration (OSHA),Process Safety Management for Explosives and Pyrotechnics Manufacturing (OSHA 3912),KB-PHASE4-0052,https://www.osha.gov/sites/default/files/publications/OSHA3912.pdf,text/html,919,
https://www.osha.gov/sites/default/files/publications/OSHA3918.pdf,blocked_or_forbidden,403,1,U.S. Occupational Safety and Health Administration (OSHA),Process Safety Management for Petroleum Refineries (OSHA 3918),KB-PHASE4-0051,https://www.osha.gov/sites/default/files/publications/OSHA3918.pdf,text/html,919,
https://www.osha.gov/sites/default/files/publications/OSHA4480.pdf,blocked_or_forbidden,403,2,Occupational Safety and Health Administration (OSHA),Lithium-ion Battery Safety Fact Sheet (OSHA FS-4480),KB-RECO-0153;KB-RECO-0154,https://www.osha.gov/sites/default/files/publications/OSHA4480.pdf,text/html,919,
https://www.osha.gov/sites/default/files/publications/OSHAFACTSHEET-LABORATORY-SAFETY-CHEMICAL-HYGIENE-PLAN.pdf,blocked_or_forbidden,403,4,OSHA;OSHA (Occupational Safety and Health Administration),Laboratory Safety Chemical Hygiene Plan,KB-RECO-0420;KB-PHASE4-0569;KB-PHASE4-0584;KB-PHASE4-0681,https://www.osha.gov/sites/default/files/publications/OSHAFACTSHEET-LABORATORY-SAFETY-CHEMICAL-HYGIENE-PLAN.pdf,text/html,919,
https://www.osha.gov/sites/default/files/publications/OSHAFACTSHEET-LABORATORY-SAFETY-OSHA-LAB-STANDARD.pdf,blocked_or_forbidden,403,3,U.S. Occupational Safety and Health Administration,OSHA Laboratory Standard Fact Sheet,KB-RECO-0209;KB-RECO-0213;KB-RECO-0227,https://www.osha.gov/sites/default/files/publications/OSHAFACTSHEET-LABORATORY-SAFETY-OSHA-LAB-STANDARD.pdf,text/html,919,
https://www.osha.gov/sites/default/files/publications/OSHAfactsheet-laboratory-safety-chemical-hygiene-plan.pdf,blocked_or_forbidden,403,1,U.S. Occupational Safety and Health Administration (OSHA),Laboratory Safety - Chemical Hygiene Plan (OSHA Fact Sheet),KB-PHASE4-0043,https://www.osha.gov/sites/default/files/publications/OSHAfactsheet-laboratory-safety-chemical-hygiene-plan.pdf,text/html,919,
https://www.osha.gov/sites/default/files/publications/OSHAfactsheet-metrics-in-psm.pdf,blocked_or_forbidden,403,1,U.S. Occupational Safety and Health Administration (OSHA),The Use of Metrics in Process Safety Management (PSM) Facilities,KB-PHASE4-0056,https://www.osha.gov/sites/default/files/publications/OSHAfactsheet-metrics-in-psm.pdf,text/html,919,
https://www.osha.gov/sites/default/files/publications/OSHAquickfacts-lab-safety-chemical-fume-hoods.pdf,blocked_or_forbidden,403,1,U.S. Occupational Safety and Health Administration (OSHA),Laboratory Safety - Chemical Fume Hoods (OSHA QuickFacts 3407),KB-PHASE4-0044,https://www.osha.gov/sites/default/files/publications/OSHAquickfacts-lab-safety-chemical-fume-hoods.pdf,text/html,919,
https://www.osha.gov/sites/default/files/publications/OSHAquickfacts-lab-safety-labeling-chemical-transfer.pdf,blocked_or_forbidden,403,1,U.S. Occupational Safety and Health Administration (OSHA),Laboratory Safety - Labeling and Transfer of Chemicals (OSHA QuickFacts),KB-PHASE4-0045,https://www.osha.gov/sites/default/files/publications/OSHAquickfacts-lab-safety-labeling-chemical-transfer.pdf,text/html,919,
https://www.osha.gov/sites/default/files/publications/highly-hazardous-chemicals-factsheet.pdf,blocked_or_forbidden,403,1,U.S. Occupational Safety and Health Administration (OSHA),PSM of Highly Hazardous Chemicals Fact Sheet,KB-PHASE4-0050,https://www.osha.gov/sites/default/files/publications/highly-hazardous-chemicals-factsheet.pdf,text/html,919,
https://www.osha.gov/toluene/occupational-exposure-limits,blocked_or_forbidden,403,1,U.S. Occupational Safety and Health Administration (OSHA),Toluene - Occupational Exposure Limits,KB-PHASE4-0007,https://www.osha.gov/toluene/occupational-exposure-limits,text/html,919,
https://www.osha.gov/training/library/personal-protective-equipment/assessment,blocked_or_forbidden,403,2,OSHA (Occupational Safety and Health Administration),Personal Protective Equipment - Chemical and Liquid-Resistant Gloves,KB-RECO-0422;KB-RECO-0423,https://www.osha.gov/training/library/personal-protective-equipment/assessment,text/html,919,
https://www.osha.gov/workers/employer-responsibilities,blocked_or_forbidden,403,9,U.S. Occupational Safety and Health Administration,OSHA Employer Responsibilities,KB-RECO-0220;KB-RECO-0223;KB-RECO-0226;KB-RECO-0235;KB-RECO-0238,https://www.osha.gov/workers/employer-responsibilities,text/html,919,
https://www.osha.gov/young-workers/employer-responsibilities,blocked_or_forbidden,403,1,U.S. Occupational Safety and Health Administration,OSHA Young Workers Employer Responsibilities,KB-RECO-0259,https://www.osha.gov/young-workers/employer-responsibilities,text/html,919,
https://www.perkinelmer.com/Nexion-5000-Other-resources,open,200,1,PerkinElmer Inc.,NexION 5000 ICP-MS Preparing Your Lab - PerkinElmer,KB-PHASE4-0458,https://www.perkinelmer.com/Nexion-5000-Other-resources,text/html; charset=UTF-8,65536,
https://www.perkinelmer.com/category/atomic-absorption-spectroscopy-aas/aas-software,open,200,1,PerkinElmer Inc.,Syngistix for AA Software - PerkinElmer,KB-PHASE4-0484,https://www.perkinelmer.com/category/atomic-absorption-spectroscopy-aas/aas-software,text/html; charset=UTF-8,65536,
https://www.perkinelmer.com/category/burner-systems,open,200,1,PerkinElmer Inc.,Nitrous Oxide Burner Head Safety - PerkinElmer,KB-PHASE4-0467,https://shop.perkinelmer.com/category/consumables-and-accessories,text/html; charset=utf-8,70426,
https://www.perkinelmer.com/library/bro-pinaacle-900-series-aa-spectrometers.html,open,200,2,PerkinElmer Inc.,PinAAcle 900 Series AA Spectrometers Brochure,KB-PHASE4-0464;KB-PHASE4-0470,https://www.perkinelmer.com/library/bro-pinaacle-900-series-aa-spectrometers.html,text/html; charset=UTF-8,65536,
https://www.perkinelmer.com/library/tch-universal-cell-technology-for-the-next-generation-of-analysis.html,open,200,1,PerkinElmer Inc.,NexION ICP-MS Series Universal Cell Technology,KB-PHASE4-0482,https://www.perkinelmer.com/library/tch-universal-cell-technology-for-the-next-generation-of-analysis.html,text/html; charset=UTF-8,65536,
https://www.perkinelmer.com/product/pinaacle-500-flame-atomic-absorption-spectrometer-pinaacle500,open,200,1,PerkinElmer Inc.,PinAAcle 500 Flame Atomic Absorption Spectrometer,KB-PHASE4-0465,https://shop.perkinelmer.com/product/N3180018,text/html; charset=utf-8,68435,
https://www.renishaw.com/resourcecentre/download/declaration-of-conformity-invia-raman-spectrometer--130961,open,200,1,Renishaw,EU Declaration of Conformity - inVia Raman,KB-PHASE4-0554,https://www.renishaw.com/resourcecentre/download/declaration-of-conformity-invia-raman-spectrometer--130961,application/pdf,56026,
https://www.safety.admin.cam.ac.uk/subjects/radiation/non-ionising-radiation/electromagnetic-fields,blocked_or_forbidden,403,2,University of Cambridge Safety Office,Electromagnetic Fields Safety Guidelines,KB-PHASE4-0494;KB-PHASE4-0506,https://www.safety.admin.cam.ac.uk/subjects/radiation/non-ionising-radiation/electromagnetic-fields,text/html; charset=UTF-8,66510,
https://www.selectagents.gov/,open,200,1,Centers for Disease Control and Prevention / USDA APHIS,Select Agent Regulations,KB-PHASE4-0792,https://www.selectagents.gov/,text/html,65908,
https://www.shimadzu.com.sg/an/products/elemental-analysis/atomic-absorption-spectroscopy/aa-7000/index.html,open,200,2,Shimadzu Corporation,Shimadzu AA-7000 Atomic Absorption Spectrophotometer,KB-PHASE4-0462;KB-PHASE4-0466,https://www.shimadzu.com.sg/an/products/elemental-analysis/atomic-absorption-spectroscopy/aa-7000/index.html,text/html,50120,
https://www.shimadzu.com/an/gc/safety_function.html,open,200,4,Shimadzu Corporation,Shimadzu Gas Chromatographs Safety Features - Detector Gas Control,KB-RECO-0005;KB-RECO-0006;KB-PHASE4-0425;KB-PHASE4-0471,https://www.shimadzu.com/an/gc/safety_function.html,text/html,33189,
https://www.shimadzu.com/an/products/liquid-chromatography/hplcuhplc/index.html,open,200,1,Shimadzu Corporation,Shimadzu Nexera HPLC/UHPLC Systems,KB-PHASE4-0485,https://www.shimadzu.com/an/products/liquid-chromatography/hplcuhplc/index.html,text/html,45991,
https://www.shimadzu.com/an/service-support/technical-support/handling-precautions/gas-chromatography/index.html,open,200,1,Shimadzu Corporation,Precautions for Using Hydrogen Carrier Gas Safely - Shimadzu,KB-PHASE4-0432,https://www.shimadzu.com/an/service-support/technical-support/handling-precautions/gas-chromatography/index.html,text/html,36185,
https://www.shimadzu.com/an/service-support/technical-support/technical-information/gas-chromatograph-mass-spectrometry/change/index.html,open,200,2,Shimadzu Corporation,Changing the Carrier Gas to Hydrogen - Shimadzu,KB-PHASE4-0426;KB-PHASE4-0487,https://www.shimadzu.com/an/service-support/technical-support/technical-information/gas-chromatograph-mass-spectrometry/change/index.html,text/html,42291,
https://www.shimadzu.com/an/sites/shimadzu.com.an/files/pim/pim_document_file/brochures/16695/c122-e064.pdf,open,200,1,Shimadzu Corporation,Shimadzu AA-7800 Series Atomic Absorption Spectrophotometer,KB-PHASE4-0463,https://www.shimadzu.com/an/sites/shimadzu.com.an/files/pim/pim_document_file/brochures/16695/c122-e064.pdf,application/pdf,65536,
https://www.shimadzu.com/an/sites/shimadzu.com.an/files/pim/pim_document_file/others/16942/bgaz-4000-2007.pdf,open,200,2,Shimadzu Corporation,Helium Conservation and Alternate Carrier Gas Strategies,KB-PHASE4-0434;KB-PHASE4-0472,https://www.shimadzu.com/an/sites/shimadzu.com.an/files/pim/pim_document_file/others/16942/bgaz-4000-2007.pdf,application/pdf,65536,
https://www.slu.edu/research/faculty-resources/-pdf/chemical_hygiene_plan.pdf,open,200,1,Saint Louis University EHS,Saint Louis University Chemical Hygiene Plan - Training,KB-PHASE4-0601,https://www.slu.edu/research/faculty-resources/-pdf/chemical_hygiene_plan.pdf,application/pdf,65536,
https://www.tainstruments.com/applications-notes/battery-separator-film-development-impact-of-coating/,blocked_or_forbidden,403,1,TA Instruments,TA Instruments DSC Battery Separator Application Note,KB-RECO-0061,https://www.tainstruments.com/applications-notes/battery-separator-film-development-impact-of-coating/,text/html,483,
https://www.tainstruments.com/applications-notes/safety-evaluation-of-lithium-ion-battery-cathode-and-anode-materials-using-differential-scanning-calorimetry/,blocked_or_forbidden,403,2,TA Instruments,Safety Evaluation of Li-ion Battery Materials Using DSC,KB-PHASE4-0542;KB-PHASE4-0543,https://www.tainstruments.com/applications-notes/safety-evaluation-of-lithium-ion-battery-cathode-and-anode-materials-using-differential-scanning-calorimetry/,text/html,567,
https://www.tainstruments.com/applications-notes/thermal-degradation-and-evolved-gas-analysis-of-lithium-ion-battery-cathode-materials-at-different-states-of-charge-ta495/,blocked_or_forbidden,403,1,TA Instruments,TA Instruments TGA Battery Materials Application Note,KB-RECO-0057,https://www.tainstruments.com/applications-notes/thermal-degradation-and-evolved-gas-analysis-of-lithium-ion-battery-cathode-materials-at-different-states-of-charge-ta495/,text/html,596,
https://www.tainstruments.com/applications-notes/thermogravimetry-of-air-sensitive-materials/,blocked_or_forbidden,403,1,TA Instruments,Thermogravimetry of Air Sensitive Materials,KB-PHASE4-0547,https://www.tainstruments.com/applications-notes/thermogravimetry-of-air-sensitive-materials/,text/html,466,
https://www.tainstruments.com/applications/pharmaceuticals/,blocked_or_forbidden,403,3,TA Instruments,TA Instruments DSC Temperature Range -180°C to 550°C Safety,KB-RECO-0062;KB-RECO-0063;KB-RECO-0064,https://www.tainstruments.com/applications/pharmaceuticals/,text/html,412,
https://www.tainstruments.com/how-to-enhance-battery-safety-by-evaluating-materials-thermal-stability-blog/,blocked_or_forbidden,403,2,TA Instruments,TA Instruments - Battery Thermal Stability and Off-Gas Analysis,KB-PHASE4-0541;KB-PHASE4-0544,https://www.tainstruments.com/how-to-enhance-battery-safety-by-evaluating-materials-thermal-stability-blog/,text/html,496,
https://www.tainstruments.com/precision-testing-for-energetic-materials-and-propellants-how-ta-instruments-powers-safety-stability-and-performance-blog/,blocked_or_forbidden,403,2,TA Instruments,TA Instruments DSC Application Note - High Pressure Crucible Safety,KB-RECO-0059;KB-RECO-0060,https://www.tainstruments.com/precision-testing-for-energetic-materials-and-propellants-how-ta-instruments-powers-safety-stability-and-performance-blog/,text/html,561,
https://www.tainstruments.com/tga-550/,blocked_or_forbidden,403,1,TA Instruments,TA Instruments TGA 550 - Glovebox Installation Safety,KB-RECO-0056,https://www.tainstruments.com/tga-550/,text/html,391,
https://www.thermofisher.com/us/en/home/life-science/lab-equipment/biological-safety-cabinets/features.html,open,200,1,Thermo Fisher Scientific,"Class II, Type A2 Biosafety Cabinet Guide",KB-RECO-0377,https://www.thermofisher.cn/cn/zh/home/life-science/lab-equipment/biological-safety-cabinets/features.html,text/html;charset=utf-8,65536,
https://www.umb.edu.pl/photo/ftplib/Wydzialy/wnl/FTiA/ZnO/User%20manual%20Zetasizer.pdf,open,200,1,Malvern Panalytical,Malvern Zetasizer Nano User Manual,KB-PHASE4-0562,https://www.umb.edu.pl/photo/ftplib/Wydzialy/wnl/FTiA/ZnO/User%20manual%20Zetasizer.pdf,text/html; charset=utf-8,307,
https://www.uoguelph.ca/hr/system/files/Laboratory%20Safety%20Manual.pdf,open,200,1,University of Guelph EHS,University of Guelph Laboratory Safety Manual,KB-PHASE4-0389,https://www.uoguelph.ca/hr/user/login?destination=system/files/Laboratory%20Safety%20Manual.pdf,text/html; charset=utf-8,65536,
https://www.uwindsor.ca/chemical-control-centre/sites/uwindsor.ca.chemical-control-centre/files/lsm_2025.pdf,open,200,1,University of Windsor,FTIR Safety Considerations - General Laboratory Safety,KB-PHASE4-0556,https://www.uwindsor.ca/chemical-control-centre/sites/uwindsor.ca.chemical-control-centre/files/lsm_2025.pdf,application/pdf,65536,
https://www.waters.com/nextgen/us/en/products/chromatography/chromatography-pumps-components-and-Accessories/purification-solvent-management.html,blocked_or_forbidden,403,2,Waters Corporation,Waters HPLC Purification Solvent Management,KB-PHASE4-0441;KB-PHASE4-0473,https://www.waters.com/nextgen/us/en/products/chromatography/chromatography-pumps-components-and-Accessories/purification-solvent-management.html,text/html,542,
https://www.waters.com/nextgen/us/en/products/chromatography/chromatography-systems/acquity-uplc-i-class-plus-system.html,blocked_or_forbidden,403,1,Waters Corporation,ACQUITY UPLC I-Class PLUS System Specifications - Waters,KB-PHASE4-0443,https://www.waters.com/nextgen/us/en/products/chromatography/chromatography-systems/acquity-uplc-i-class-plus-system.html,text/html,518,
https://www.weizmann.ac.il/ChemicalResearchSupport/sites/ChemicalResearchSupport/files/bruker_magnet_safety_0.pdf,open,200,1,Bruker / Spectrospin,Magnet Safety Notes,KB-PHASE4-0511,https://www.weizmann.ac.il/ChemicalResearchSupport/sites/ChemicalResearchSupport/files/bruker_magnet_safety_0.pdf,application/pdf,65536,
https://www.weizmann.ac.il/ChemicalResearchSupport/sites/ChemicalResearchSupport/files/bruker_refill_manual_0.pdf,open,200,1,Bruker BioSpin / Weizmann Institute,UltraShield NMR Magnet System User Manual,KB-PHASE4-0495,https://www.weizmann.ac.il/ChemicalResearchSupport/sites/ChemicalResearchSupport/files/bruker_refill_manual_0.pdf,application/pdf,65536,
https://www.who.int/publications/i/item/9789240011311,open,200,7,WHO;WHO / 国家标准委;国家标准委 / WHO,GB 19489-2008 实验室生物安全通用要求; WHO Laboratory Biosafety Manual,KB-GAP-8027;KB-GAP-8028;KB-RECO-0343;KB-RECO-0344;KB-RECO-0345,https://www.who.int/publications/i/item/9789240011311,text/html; charset=utf-8,65536,
https://www.who.int/publications/i/item/9789240011410,open,200,1,WHO,WHO Laboratory Biosafety Manual 4th Edition - PPE Monograph,KB-RECO-0347,https://www.who.int/publications/i/item/9789240011410,text/html; charset=utf-8,65536,
https://www.who.int/publications/i/item/9789240011458,open,200,1,World Health Organization,Laboratory biosafety manual 4th edition: Risk Assessment,WEBX-020-001,https://www.who.int/publications/i/item/9789240011458,text/html; charset=utf-8,71305,
https://www.wuhan.gov.cn/gwfbpt/sbm/sgaj_79493/202403/t20240313_2372418.shtml,open,200,1,武汉市人民政府/武汉市公安局,关于印发《武汉市大专院校、科研单位、中学实验室剧毒化学品、易制爆危险化学品储存与使用管理规范》的通知,WEBX-030-001,https://www.wuhan.gov.cn/gwfbpt/sbm/sgaj_79493/202403/t20240313_2372418.shtml,text/html,68162,
https://wwwn.cdc.gov/TSP/MMG/MMGDetails.aspx?mmgid=1138&toxid=243,open,200,2,Centers for Disease Control and Prevention (CDC) / NIOSH,Unidentified Chemical | Medical Management Guidelines,KB-PHASE4-0237;KB-PHASE4-0278,https://wwwn.cdc.gov/TSP/MMG/MMGDetails.aspx?mmgid=1138&toxid=243,text/html; charset=utf-8,65536,
https://xray.chem.wisc.edu/bruker-d8-advance/,open,200,1,University of Wisconsin-Madison Chemistry,Bruker D8 Advance - X-ray Facility Administration,KB-PHASE4-0517,https://xray.chem.wisc.edu/bruker-d8-advance/,text/html; charset=UTF-8,55145,
https://xray.tamu.edu/administration.php,open,200,1,Texas A&M University X-ray Lab,Standard experimental paragraph for X-ray Powder Diffraction,KB-PHASE4-0526,https://xray.tamu.edu/administration.php,text/html; charset=UTF-8,15063,
https://xxgk.hznu.edu.cn/c/2024-06-03/2969471.shtml,open,200,1,杭州师范大学信息公开网,关于加强实验室特种设备（压力容器）专项管理的通知,WEBX-035-001,https://xxgk.hznu.edu.cn/c/2024-06-03/2969471.shtml,text/html,18632,
