"priority","traceability_status","http_status","affected_row_count","domain","source_orgs","sample_source_title","sample_ids","url","final_url","error","manual_result","manual_access_time","reviewer","evidence_note","recommended_action"
"P1","blocked_or_forbidden","403","133","www.osha.gov","OSHA;Occupational Safety and Health Administration;U.S. Occupational Safety and Health Administration (OSHA)","OSHA 29 CFR 1910.1450 Occupational Exposure to Hazardous Chemicals in Laboratories","EXT-OSHA-1910-1450-001-a77d791b29;EXT-OSHA-1910-1450-002-8f108ed433;EXT-OSHA-1910-1450-003-8d73f7cb43;EXT-OSHA-1910-1450-004-c17b4f3b08;EXT-OSHA-1910-1450-005-31106c72ac","https://www.osha.gov/laws-regs/regulations/standardnumber/1910/1910.1450","https://www.osha.gov/laws-regs/regulations/standardnumber/1910/1910.1450","","","","","",""
"P1","network_error","","47","www.ncbi.nlm.nih.gov","Cornell EHS / National Academies Press;National Academies Press / NCBI Bookshelf;National Academies Press / OSHA;教育部 / National Academies Press","高等学校实验室安全规范（教育部2024）; Prudent Practices in the Laboratory","KB-SOP-3010;EXT-NCBI-PRUDENT-OVERVIEW-001-652025dea2;EXT-NCBI-PRUDENT-OVERVIEW-002-a96abf7871;EXT-NCBI-PRUDENT-OVERVIEW-003-c53c3efedd;EXT-NCBI-PRUDENT-OVERVIEW-004-2d303b5960","https://www.ncbi.nlm.nih.gov/books/NBK55873/","","ReadTimeout: HTTPSConnectionPool(host='www.ncbi.nlm.nih.gov', port=443): Read timed out. (read timeout=15)","","","","",""
"P1","blocked_or_forbidden","403","29","www.osha.gov","OSHA;OSHA / NIOSH;Occupational Safety and Health Administration (OSHA);U.S. Occupational Safety and Health Administration;U.S. Occupational Safety and Health Administration (OSHA)","OSHA Laboratory Safety Guidance","KB-RECO-0110;KB-RECO-0111;KB-RECO-0141;KB-RECO-0150;KB-RECO-0166","https://www.osha.gov/sites/default/files/publications/OSHA3404LABORATORY-SAFETY-GUIDANCE.pdf","https://www.osha.gov/sites/default/files/publications/OSHA3404LABORATORY-SAFETY-GUIDANCE.pdf","","","","","",""
"P1","blocked_or_forbidden","403","27","www.cdc.gov","CDC/NIH","Biosafety in Microbiological and Biomedical Laboratories (BMBL), 6th Edition","KB-BLK-9033;KB-BLK-9035;KB-BLK-9036;KB-BLK-9037;KB-BLK-9038","https://www.cdc.gov/labs/BMBL.html","https://www.cdc.gov/labs/BMBL.html","","","","","",""
"P1","blocked_or_forbidden","403","23","www.osha.gov","OSHA / AORN Alliance;OSHA / Laser Institute of America (LIA);Occupational Safety and Health Administration (OSHA)","Laser Hazards - Hazard Recognition","KB-RECO-0112;KB-RECO-0113;KB-RECO-0116;KB-RECO-0117;KB-RECO-0118","https://www.osha.gov/laser-hazards/hazards","https://www.osha.gov/laser-hazards/hazards","","","","","",""
"P1","blocked_or_forbidden","403","14","www.cdc.gov","CDC (Centers for Disease Control and Prevention);Centers for Disease Control and Prevention;Centers for Disease Control and Prevention (CDC);Centers for Disease Control and Prevention (CDC) / NIOSH","Guidelines for Safe Work Practices in Diagnostic Laboratories","KB-RECO-0168;KB-RECO-0169;KB-RECO-0186;KB-RECO-0379;KB-RECO-0380","https://www.cdc.gov/mmwr/preview/mmwrhtml/su6101a1.htm","https://www.cdc.gov/mmwr/preview/mmwrhtml/su6101a1.htm","","","","","",""
"P1","network_error","","13","openstd.samr.gov.cn","住建部;国家市场监督管理总局;国家市场监督管理总局 / OSHA;国家市场监督管理总局 / 国务院;国家标准化管理委员会(SAC)","GB/T 34525-2017 气瓶搬运、装卸、储存和使用安全规定","KB-MSDS-2013;KB-SOP-3009;KB-GEN-4003;KB-GEN-4004;KB-BIO-5001","https://openstd.samr.gov.cn/","","ConnectionError: ('Connection aborted.', RemoteDisconnected('Remote end closed connection without response'))","","","","",""
"P1","blocked_or_forbidden","403","10","documents.thermofisher.com","Thermo Fisher Scientific","Vanquish UHPLC Systems Operating Manual - Safety Precautions","KB-RECO-0011;KB-RECO-0012;KB-RECO-0013;KB-RECO-0014;KB-RECO-0015","https://documents.thermofisher.com/TFS-Assets/CMD/manuals/Man-4820-3601-LC-Vanquish-UHPLC-Man48203601-EN.pdf","https://documents.thermofisher.com/TFS-Assets/CMD/manuals/Man-4820-3601-LC-Vanquish-UHPLC-Man48203601-EN.pdf","","","","","",""
"P1","blocked_or_forbidden","403","9","www.osha.gov","U.S. Occupational Safety and Health Administration","OSHA Employer Responsibilities","KB-RECO-0220;KB-RECO-0223;KB-RECO-0226;KB-RECO-0235;KB-RECO-0238","https://www.osha.gov/workers/employer-responsibilities","https://www.osha.gov/workers/employer-responsibilities","","","","","",""
"P1","network_error","","8","openstd.samr.gov.cn","国家标准全文公开系统","GB 19489-2008 实验室生物安全通用要求","KB-RECO-0336;KB-RECO-0337;KB-RECO-0338;KB-RECO-0339;KB-RECO-0340","https://openstd.samr.gov.cn/bzgk/std/newGbInfo?hcno=EB3B94B543F6E4CD18C044DE6AB64CEC","","ConnectionError: ('Connection aborted.', RemoteDisconnected('Remote end closed connection without response'))","","","","",""
"P1","blocked_or_forbidden","403","8","www.cdc.gov","CDC","Biosafety in Microbiological and Biomedical Laboratories (BMBL) 6th Edition","KB-RECO-0323;KB-RECO-0324;KB-RECO-0325;KB-RECO-0326;KB-RECO-0327","https://www.cdc.gov/labs/bmbl/","https://www.cdc.gov/labs/bmbl/","","","","","",""
"P1","network_error","","7","www.ncbi.nlm.nih.gov","National Academies Press / NCBI Bookshelf","Prudent Practices in the Laboratory - General Laboratory Safety","EXT-NCBI-PRUDENT-GENERAL-001-73840beb8a;EXT-NCBI-PRUDENT-GENERAL-002-21091728d9;EXT-NCBI-PRUDENT-GENERAL-003-1f17125990;EXT-NCBI-PRUDENT-GENERAL-004-27c598de07;EXT-NCBI-PRUDENT-GENERAL-006-b4447fc146","https://www.ncbi.nlm.nih.gov/books/NBK55878/","","ReadTimeout: HTTPSConnectionPool(host='www.ncbi.nlm.nih.gov', port=443): Read timed out. (read timeout=15)","","","","",""
"P1","blocked_or_forbidden","403","7","www.nrc.gov","U.S. Nuclear Regulatory Commission (NRC)","10 CFR Part 20 - Standards for Protection Against Radiation","KB-RECO-0085;KB-RECO-0087;KB-RECO-0100;KB-RECO-0176;KB-RECO-0179","https://www.nrc.gov/reading-rm/doc-collections/cfr/part020/","https://www.nrc.gov/reading-rm/doc-collections/cfr/part020/","","","","","",""
"P1","blocked_or_forbidden","403","7","www.nrc.gov","U.S. Nuclear Regulatory Commission","Radiation Protection Standards","KB-PHASE4-0754;KB-PHASE4-0755;KB-PHASE4-0756;KB-PHASE4-0760;KB-PHASE4-0810","https://www.nrc.gov/about-nrc/radiation/protects-you/protection-principles.html","https://www.nrc.gov/about-nrc/radiation/protects-you/protection-principles.html","","","","","",""
"P1","blocked_or_forbidden","403","7","www.osha.gov","OSHA;Occupational Safety and Health Administration;U.S. Occupational Safety and Health Administration (OSHA)","1910.1200 - Hazard Communication","KB-PHASE4-0010;KB-PHASE4-0614;KB-PHASE4-0618;KB-PHASE4-0777;KB-PHASE4-0782","https://www.osha.gov/laws-regs/regulations/standardnumber/1910/1910.1200","https://www.osha.gov/laws-regs/regulations/standardnumber/1910/1910.1200","","","","","",""
"P1","blocked_or_forbidden","403","7","www.osha.gov","OSHA","OSHA Hazard Communication Standard - Appendix C","KB-PHASE4-0390;KB-PHASE4-0391;KB-PHASE4-0396;KB-PHASE4-0397;KB-PHASE4-0398","https://www.osha.gov/hazcom/appendix-c","https://www.osha.gov/hazcom/appendix-c","","","","","",""
"P1","blocked_or_forbidden","403","5","osp.od.nih.gov","NIH","NIH Guidelines for Research Involving Recombinant or Synthetic Nucleic Acid Molecules","KB-RECO-0331;KB-RECO-0332;KB-RECO-0333;KB-RECO-0334;KB-RECO-0335","https://osp.od.nih.gov/wp-content/uploads/NIH_Guidelines.pdf","https://osp.od.nih.gov/wp-content/uploads/NIH_Guidelines.pdf","ConnectionError: HTTPSConnectionPool(host='osp.od.nih.gov', port=443): Read timed out.","","","","",""
"P1","blocked_or_forbidden","403","5","www.cdc.gov","Centers for Disease Control and Prevention;Centers for Disease Control and Prevention / National Institutes of Health","Biosafety in Microbiological and Biomedical Laboratories","KB-PHASE4-0752;KB-PHASE4-0753;KB-PHASE4-0788;KB-PHASE4-0789;KB-PHASE4-0790","https://www.cdc.gov/labs/bmbl.html","https://www.cdc.gov/labs/bmbl.html","","","","","",""
"P1","blocked_or_forbidden","403","5","www.osha.gov","OSHA;OSHA (Occupational Safety and Health Administration);OSHA / ANSI","OSHA Requirements for Eyewash and Shower Facilities","KB-RECO-0417;KB-RECO-0427;KB-PHASE4-0621;KB-PHASE4-0685;KB-PHASE4-0698","https://www.osha.gov/laws-regs/standardinterpretations/2009-06-01","https://www.osha.gov/laws-regs/standardinterpretations/2009-06-01","","","","","",""
"P1","blocked_or_forbidden","403","5","www.osha.gov","OSHA;OSHA / Cornell University EHS","OSHA - How to Plan for Workplace Emergencies and Evacuations","KB-PHASE4-0583;KB-PHASE4-0604;KB-PHASE4-0654;KB-PHASE4-0696;KB-PHASE4-0707","https://www.osha.gov/sites/default/files/publications/OSHA3088.pdf","https://www.osha.gov/sites/default/files/publications/OSHA3088.pdf","","","","","",""
"P1","blocked_or_forbidden","403","4","www.osha.gov","Occupational Safety and Health Administration","Laser Hazards - OSHA Technical Manual","KB-PHASE4-0762;KB-PHASE4-0763;KB-PHASE4-0764;KB-PHASE4-0765","https://www.osha.gov/etools/shipyard-equipment/lasers","https://www.osha.gov/etools/shipyard-equipment/lasers","","","","","",""
"P1","blocked_or_forbidden","403","4","www.osha.gov","Occupational Safety and Health Administration (OSHA)","eTool: Hospitals - Surgical Suite - Laser Hazards","KB-RECO-0114;KB-RECO-0115;KB-RECO-0128;KB-RECO-0135","https://www.osha.gov/etools/hospitals/surgical-suite/laser-hazards","https://www.osha.gov/etools/hospitals/surgical-suite/laser-hazards","","","","","",""
"P1","blocked_or_forbidden","403","4","www.osha.gov","OSHA","Hazard Communication Standard - 1910.1200","KB-RECO-0311;KB-RECO-0312;KB-RECO-0313;KB-RECO-0314","https://www.osha.gov/laws-regs/interlinking/standards/1910.1200","https://www.osha.gov/laws-regs/interlinking/standards/1910.1200","","","","","",""
"P1","blocked_or_forbidden","403","4","www.osha.gov","OSHA;Occupational Safety and Health Administration","1910.1030 - Bloodborne pathogens","KB-RECO-0363;KB-RECO-0364;KB-PHASE4-0737;KB-PHASE4-0796","https://www.osha.gov/laws-regs/regulations/standardnumber/1910/1910.1030","https://www.osha.gov/laws-regs/regulations/standardnumber/1910/1910.1030","","","","","",""
"P1","blocked_or_forbidden","403","4","www.osha.gov","OSHA","OSHA Hazard Communication Standard Pictograms","KB-PHASE4-0392;KB-PHASE4-0393;KB-PHASE4-0394;KB-PHASE4-0395","https://www.osha.gov/sites/default/files/publications/OSHA3678.pdf","https://www.osha.gov/sites/default/files/publications/OSHA3678.pdf","","","","","",""
"P1","blocked_or_forbidden","403","4","www.osha.gov","OSHA;OSHA (Occupational Safety and Health Administration)","Laboratory Safety Chemical Hygiene Plan","KB-RECO-0420;KB-PHASE4-0569;KB-PHASE4-0584;KB-PHASE4-0681","https://www.osha.gov/sites/default/files/publications/OSHAFACTSHEET-LABORATORY-SAFETY-CHEMICAL-HYGIENE-PLAN.pdf","https://www.osha.gov/sites/default/files/publications/OSHAFACTSHEET-LABORATORY-SAFETY-CHEMICAL-HYGIENE-PLAN.pdf","","","","","",""
"P1","network_error","","3","openstd.samr.gov.cn","国家市场监督管理总局/国家标准委","GB/T 13869-2017 用电安全导则","KB-1011;KB-1013;KB-1014","https://openstd.samr.gov.cn/bzgk/gb/newGbInfo?hcno=0E0C42CADDB0D3E8DA27FECB80CCDE02","","ConnectionError: ('Connection aborted.', RemoteDisconnected('Remote end closed connection without response'))","","","","",""
"P1","network_error","","3","www.agilent.com","Agilent Technologies","Agilent 7890B GC Safety Manual","KB-PHASE4-0422;KB-PHASE4-0429;KB-PHASE4-0491","https://www.agilent.com/cs/library/usermanuals/public/7890B_Safety.pdf","","ConnectionError: ('Connection aborted.', ConnectionResetError(10054, '远程主机强迫关闭了一个现有的连接。', None, 10054, None))","","","","",""
"P1","blocked_or_forbidden","403","3","www.cdc.gov","CDC/NIOSH;Centers for Disease Control and Prevention (CDC) / NIOSH;Centers for Disease Control and Prevention / NIOSH","Toluene - NIOSH Pocket Guide","KB-PHASE4-0247;KB-PHASE4-0314;KB-CHEM2-0015","https://www.cdc.gov/niosh/npg/npgd0619.html","https://www.cdc.gov/niosh/npg/npgd0619.html","","","","","",""
"P1","blocked_or_forbidden","403","3","www.cdc.gov","Centers for Disease Control and Prevention (CDC) / NIOSH","Skin Exposures and Effects | NIOSH","KB-PHASE4-0210;KB-PHASE4-0274;KB-PHASE4-0277","https://www.cdc.gov/niosh/skin-exposure/about/index.html","https://www.cdc.gov/niosh/skin-exposure/about/index.html","","","","","",""
"P1","blocked_or_forbidden","403","3","www.cdc.gov","CDC/NIOSH","Nanotechnology | NIOSH | CDC","KB-PHASE4-0305;KB-PHASE4-0339;KB-PHASE4-0340","https://www.cdc.gov/niosh/nano/about/index.html","https://www.cdc.gov/niosh/nano/about/index.html","","","","","",""
"P1","blocked_or_forbidden","403","3","www.nrc.gov","U.S. Nuclear Regulatory Commission (NRC)","Application for license for use of I-125","KB-RECO-0090;KB-RECO-0099;KB-RECO-0189","https://www.nrc.gov/docs/ML2014/ML20147A696.pdf","https://www.nrc.gov/docs/ML2014/ML20147A696.pdf","","","","","",""
"P1","blocked_or_forbidden","403","3","www.osha.gov","Occupational Safety and Health Administration (OSHA);U.S. Food and Drug Administration (FDA) / OSHA","Laser Hazards - Standards","KB-RECO-0119;KB-RECO-0127;KB-RECO-0131","https://www.osha.gov/laser-hazards/standards","https://www.osha.gov/laser-hazards/standards","","","","","",""
"P1","blocked_or_forbidden","403","3","www.osha.gov","OSHA;OSHA (Occupational Safety and Health Administration);Occupational Safety and Health Administration","1910.134 - Respiratory protection","KB-RECO-0366;KB-RECO-0425;KB-PHASE4-0787","https://www.osha.gov/laws-regs/regulations/standardnumber/1910/1910.134","https://www.osha.gov/laws-regs/regulations/standardnumber/1910/1910.134","","","","","",""
"P1","blocked_or_forbidden","403","3","www.osha.gov","OSHA;Occupational Safety and Health Administration","OSHA 29 CFR 1910.120 HAZWOPER; EPA Levels of Protection","KB-GAP-8018;KB-RECO-0317;KB-PHASE4-0805","https://www.osha.gov/laws-regs/regulations/standardnumber/1910/1910.120","https://www.osha.gov/laws-regs/regulations/standardnumber/1910/1910.120","","","","","",""
"P1","blocked_or_forbidden","403","3","www.osha.gov","U.S. Occupational Safety and Health Administration","OSHA Laboratory Standard Fact Sheet","KB-RECO-0209;KB-RECO-0213;KB-RECO-0227","https://www.osha.gov/sites/default/files/publications/OSHAFACTSHEET-LABORATORY-SAFETY-OSHA-LAB-STANDARD.pdf","https://www.osha.gov/sites/default/files/publications/OSHAFACTSHEET-LABORATORY-SAFETY-OSHA-LAB-STANDARD.pdf","","","","","",""
"P1","blocked_or_forbidden","403","3","www.osha.gov","OSHA;Occupational Safety and Health Administration","1910.333 - Selection and use of work practices","KB-RECO-0319;KB-PHASE4-0768;KB-PHASE4-0769","https://www.osha.gov/laws-regs/regulations/standardnumber/1910/1910.333","https://www.osha.gov/laws-regs/regulations/standardnumber/1910/1910.333","","","","","",""
"P1","blocked_or_forbidden","403","3","www.osha.gov","Occupational Safety and Health Administration (OSHA)","Hospital Investigations: Health Hazards - Ionizing Radiation","KB-RECO-0107;KB-RECO-0108;KB-RECO-0109","https://www.osha.gov/otm/section-6-health-care-facilities/chapter-1","https://www.osha.gov/otm/section-6-health-care-facilities/chapter-1","","","","","",""
"P1","blocked_or_forbidden","403","3","www.osha.gov","Occupational Safety and Health Administration","Lockout/Tagout Standard","KB-PHASE4-0771;KB-PHASE4-0785;KB-PHASE4-0786","https://www.osha.gov/laws-regs/regulations/standardnumber/1910/1910.147","https://www.osha.gov/laws-regs/regulations/standardnumber/1910/1910.147","","","","","",""
"P1","network_error","","2","openstd.samr.gov.cn","国家市场监督管理总局/国家标准委","GB 19489-2008 实验室生物安全通用要求","KB-1016;KB-1017","https://openstd.samr.gov.cn/bzgk/gb/newGbInfo?hcno=AEC2B0CFFC2BF1B8C7CF1888B77E2FE4","","ConnectionError: ('Connection aborted.', RemoteDisconnected('Remote end closed connection without response'))","","","","",""
"P1","blocked_or_forbidden","403","2","osp.od.nih.gov","NIH / CBD;National Institutes of Health","NIH Guidelines for Research Involving Recombinant DNA Molecules; Cartagena Protocol on Biosafety","KB-GAP-8030;KB-PHASE4-0791","https://osp.od.nih.gov/biotechnology/nih-guidelines/","https://osp.od.nih.gov/biotechnology/nih-guidelines/","ConnectionError: HTTPSConnectionPool(host='osp.od.nih.gov', port=443): Read timed out.","","","","",""
"P1","network_error","","2","www.agilent.com","Agilent Technologies","Agilent GC/MS Hydrogen Safety User Manual","KB-PHASE4-0424;KB-PHASE4-0431","https://www.agilent.com/cs/library/usermanuals/public/user-manual-gcms-hydrogen-safety-q7003-90053-en-agilent.pdf","","ConnectionError: ('Connection aborted.', ConnectionResetError(10054, '远程主机强迫关闭了一个现有的连接。', None, 10054, None))","","","","",""
"P1","network_error","","2","www.agilent.com","Agilent Technologies","LC best practices tech note - Agilent","KB-PHASE4-0439;KB-PHASE4-0488","https://www.agilent.com/cs/library/primers/public/Best_Practice_LC_Operations.pdf","","ConnectionError: ('Connection aborted.', ConnectionResetError(10054, '远程主机强迫关闭了一个现有的连接。', None, 10054, None))","","","","",""
"P1","network_error","","2","www.agilent.com","Agilent Technologies","Agilent 7890A GC User Manual Collection","KB-PHASE4-0428;KB-PHASE4-0480","https://www.agilent.com/cs/library/usermanuals/public/7890A%20GC%20User%20Manual%20Collection.pdf","","ConnectionError: ('Connection aborted.', ConnectionResetError(10054, '远程主机强迫关闭了一个现有的连接。', None, 10054, None))","","","","",""
"P1","blocked_or_forbidden","403","2","www.cdc.gov","CDC/NIOSH;Centers for Disease Control and Prevention / NIOSH","NIOSH Pocket Guide - Xylene","KB-PHASE4-0315;KB-CHEM2-0016","https://www.cdc.gov/niosh/npg/npgd0667.html","https://www.cdc.gov/niosh/npg/npgd0667.html","","","","","",""
"P1","blocked_or_forbidden","403","2","www.cdc.gov","CDC/NIOSH;Centers for Disease Control and Prevention (CDC) / NIOSH","Benzene - IDLH | NIOSH","KB-PHASE4-0241;KB-PHASE4-0280","https://www.cdc.gov/niosh/idlh/71432.html","https://www.cdc.gov/niosh/idlh/71432.html","","","","","",""
"P1","blocked_or_forbidden","403","2","www.cdc.gov","CDC/NIH;Centers for Disease Control and Prevention (CDC) / NIH","Biosafety in Microbiological and Biomedical Laboratories (BMBL) 6th Edition","WEBX-019-001;KB-RECO-0193","https://www.cdc.gov/labs/bmbl/index.html","https://www.cdc.gov/labs/bmbl/index.html","","","","","",""
"P1","blocked_or_forbidden","403","2","www.cdc.gov","CDC/NIOSH;Centers for Disease Control and Prevention (CDC) / NIOSH","Health Effects of Occupational Exposure to Silver Nanomaterials","KB-PHASE4-0216;KB-PHASE4-0306","https://www.cdc.gov/niosh/docs/2021-112/default.html","https://www.cdc.gov/niosh/docs/2021-112/default.html","","","","","",""
"P1","blocked_or_forbidden","403","2","www.cdc.gov","Centers for Disease Control and Prevention (CDC) / NIOSH;Centers for Disease Control and Prevention / NIOSH","Ammonia - IDLH Documentation","KB-PHASE4-0256;KB-CHEM2-0029","https://www.cdc.gov/niosh/idlh/7664417.html","https://www.cdc.gov/niosh/idlh/7664417.html","","","","","",""
"P1","blocked_or_forbidden","403","2","www.cdc.gov","CDC/NIOSH","Organic Solvents | NIOSH | CDC","KB-PHASE4-0299;KB-PHASE4-0318","https://www.cdc.gov/niosh/topics/organsolv/","https://www.cdc.gov/niosh/topics/organsolv/","","","","","",""
"P1","blocked_or_forbidden","403","2","www.cdc.gov","CDC/NIOSH;Centers for Disease Control and Prevention / NIOSH","NIOSH Pocket Guide - Tetrahydrofuran","KB-PHASE4-0319;KB-CHEM2-0030","https://www.cdc.gov/niosh/npg/npgd0602.html","https://www.cdc.gov/niosh/npg/npgd0602.html","","","","","",""
"P1","blocked_or_forbidden","403","2","www.cdc.gov","CDC/NIOSH;Centers for Disease Control and Prevention / NIOSH","NIOSH Pocket Guide - Methyl alcohol","KB-PHASE4-0283;KB-CHEM2-0009","https://www.cdc.gov/niosh/npg/npgd0397.html","https://www.cdc.gov/niosh/npg/npgd0397.html","","","","","",""
"P1","blocked_or_forbidden","403","2","www.cdc.gov","Centers for Disease Control and Prevention (CDC) / NIOSH","Mustard-Lewisite Mixture (HL): Blister Agent | NIOSH Emergency Response Card","KB-PHASE4-0239;KB-PHASE4-0276","https://www.cdc.gov/niosh/ershdb/emergencyresponsecard_29750007.html","https://www.cdc.gov/niosh/ershdb/emergencyresponsecard_29750007.html","","","","","",""
"P1","blocked_or_forbidden","403","2","www.cdc.gov","CDC/NIOSH;Centers for Disease Control and Prevention / NIOSH","NIOSH Pocket Guide - n-Hexane","KB-PHASE4-0331;KB-CHEM2-0014","https://www.cdc.gov/niosh/npg/npgd0312.html","https://www.cdc.gov/niosh/npg/npgd0312.html","","","","","",""
"P1","blocked_or_forbidden","403","2","www.cdc.gov","Centers for Disease Control and Prevention (CDC) / NIOSH;Centers for Disease Control and Prevention / NIOSH","Ethylene Oxide - NIOSH Pocket Guide","KB-PHASE4-0257;KB-CHEM2-0012","https://www.cdc.gov/niosh/npg/npgd0277.html","https://www.cdc.gov/niosh/npg/npgd0277.html","","","","","",""
"P1","blocked_or_forbidden","403","2","www.cdc.gov","CDC/NIOSH;Centers for Disease Control and Prevention / NIOSH","NIOSH Pocket Guide - Ethylene oxide","KB-PHASE4-0326;KB-CHEM2-0013","https://www.cdc.gov/niosh/npg/npgd0267.html","https://www.cdc.gov/niosh/npg/npgd0267.html","","","","","",""
"P1","blocked_or_forbidden","403","2","www.cdc.gov","CDC/NIOSH;Centers for Disease Control and Prevention / NIOSH","NIOSH Pocket Guide - 2-Ethoxyethanol","KB-PHASE4-0337;KB-CHEM2-0010","https://www.cdc.gov/niosh/npg/npgd0262.html","https://www.cdc.gov/niosh/npg/npgd0262.html","","","","","",""
"P1","blocked_or_forbidden","403","2","www.cdc.gov","CDC/NIOSH;Centers for Disease Control and Prevention / NIOSH","NIOSH Pocket Guide - Chloroform","KB-PHASE4-0320;KB-CHEM2-0018","https://www.cdc.gov/niosh/npg/npgd0107.html","https://www.cdc.gov/niosh/npg/npgd0107.html","","","","","",""
"P1","blocked_or_forbidden","403","2","www.cdc.gov","CDC/NIOSH;Centers for Disease Control and Prevention (CDC) / NIOSH","Hydrogen Fluoride/Hydrofluoric Acid: Systemic Agent | NIOSH","KB-PHASE4-0243;KB-PHASE4-0286","https://www.cdc.gov/niosh/ershdb/emergencyresponsecard_29750030.html","https://www.cdc.gov/niosh/ershdb/emergencyresponsecard_29750030.html","","","","","",""
"P1","blocked_or_forbidden","403","2","www.cdc.gov","CDC/NIOSH;Centers for Disease Control and Prevention / NIOSH","NIOSH Pocket Guide - Acetonitrile","KB-PHASE4-0327;KB-CHEM2-0033","https://www.cdc.gov/niosh/npg/npgd0008.html","https://www.cdc.gov/niosh/npg/npgd0008.html","","","","","",""
"P1","blocked_or_forbidden","403","2","www.cdc.gov","CDC/NIOSH;Centers for Disease Control and Prevention / NIOSH","NIOSH Pocket Guide - Acetone","KB-PHASE4-0328;KB-CHEM2-0011","https://www.cdc.gov/niosh/npg/npgd0004.html","https://www.cdc.gov/niosh/npg/npgd0004.html","","","","","",""
"P1","blocked_or_forbidden","403","2","www.cdc.gov","CDC/NIOSH","Immediately Dangerous to Life or Health - Lithium Hydride | NIOSH","KB-PHASE4-0310;KB-PHASE4-0321","https://www.cdc.gov/niosh/idlh/intridl4.html","https://www.cdc.gov/niosh/idlh/intridl4.html","","","","","",""
"P1","blocked_or_forbidden","403","2","www.cdc.gov","CDC/NIOSH;Centers for Disease Control and Prevention / NIOSH","Cyanides - IDLH | NIOSH","KB-PHASE4-0288;KB-CHEM2-0022","https://www.cdc.gov/niosh/idlh/cyanides.html","https://www.cdc.gov/niosh/idlh/cyanides.html","","","","","",""
"P1","blocked_or_forbidden","403","2","www.cdc.gov","Centers for Disease Control and Prevention (CDC) / NIOSH;Centers for Disease Control and Prevention / NIOSH","Chlorine - IDLH | NIOSH","KB-PHASE4-0244;KB-CHEM2-0028","https://www.cdc.gov/niosh/idlh/7782505.html","https://www.cdc.gov/niosh/idlh/7782505.html","","","","","",""
"P1","blocked_or_forbidden","403","2","www.cdc.gov","CDC/NIOSH;Centers for Disease Control and Prevention (CDC) / NIOSH","Methylene Chloride - NIOSH Pocket Guide","KB-PHASE4-0249;KB-PHASE4-0334","https://www.cdc.gov/niosh/npg/npgd0414.html","https://www.cdc.gov/niosh/npg/npgd0414.html","","","","","",""
"P1","blocked_or_forbidden","403","2","www.nrc.gov","U.S. Nuclear Regulatory Commission (NRC)","DRSS Emergency Procedures - Radioactive Spill Response","KB-RECO-0104;KB-RECO-0105","https://www.nrc.gov/docs/ML2517/ML25175A081.pdf","https://www.nrc.gov/docs/ML2517/ML25175A081.pdf","","","","","",""
"P1","blocked_or_forbidden","403","2","www.nrc.gov","U.S. Nuclear Regulatory Commission (NRC)","Consolidated Guidance: 10 CFR Part 20 - Standards for Protection Against Radiation","KB-RECO-0086;KB-RECO-0102","https://www.nrc.gov/docs/ML0133/ML013330106.pdf","https://www.nrc.gov/docs/ML0133/ML013330106.pdf","","","","","",""
"P1","blocked_or_forbidden","403","2","www.nrc.gov","U.S. Nuclear Regulatory Commission (NRC)","Regulatory Guide 8.4 - Personnel Monitoring","KB-RECO-0094;KB-RECO-0096","https://www.nrc.gov/docs/ml1019/ML101900087.pdf","https://www.nrc.gov/docs/ml1019/ML101900087.pdf","","","","","",""
"P1","blocked_or_forbidden","403","2","www.nrc.gov","U.S. Nuclear Regulatory Commission (NRC)","Supplemental Material for Radiation Safety - Isotope Information","KB-RECO-0091;KB-RECO-0092","https://www.nrc.gov/docs/ML0809/ML080910098.pdf","https://www.nrc.gov/docs/ML0809/ML080910098.pdf","","","","","",""
"P1","blocked_or_forbidden","403","2","www.osha.gov","Occupational Safety and Health Administration (OSHA)","eTool: Construction - Electrical Incidents - Power Tools","KB-RECO-0147;KB-RECO-0157","https://www.osha.gov/etools/construction/electrical-incidents/power-tools","https://www.osha.gov/etools/construction/electrical-incidents/power-tools","","","","","",""
"P1","blocked_or_forbidden","403","2","www.osha.gov","Occupational Safety and Health Administration (OSHA)","Personal Protective Equipment (OSHA 3151)","KB-RECO-0124;KB-RECO-0125","https://www.osha.gov/sites/default/files/publications/OSHA3151.pdf","https://www.osha.gov/sites/default/files/publications/OSHA3151.pdf","","","","","",""
"P1","blocked_or_forbidden","403","2","www.osha.gov","U.S. Occupational Safety and Health Administration","OSHA Job Hazard Analysis Publication 3071","KB-RECO-0244;KB-RECO-0250","https://www.osha.gov/sites/default/files/publications/OSHA3071.pdf","https://www.osha.gov/sites/default/files/publications/OSHA3071.pdf","","","","","",""
"P1","blocked_or_forbidden","403","2","www.osha.gov","OSHA (Occupational Safety and Health Administration)","OSHA Formaldehyde Standard 29 CFR 1910.1048","KB-RECO-0426;KB-RECO-0428","https://www.osha.gov/sites/default/files/publications/FORMALDEHYDE-FACTSHEET.pdf","https://www.osha.gov/sites/default/files/publications/FORMALDEHYDE-FACTSHEET.pdf","","","","","",""
"P1","blocked_or_forbidden","403","2","www.osha.gov","OSHA (Occupational Safety and Health Administration)","OSHA Field Safety and Health Management System - Appendix C: Chemical Resistant Glove Selection","KB-RECO-0421;KB-RECO-0424","https://www.osha.gov/shms/chapter-8","https://www.osha.gov/shms/chapter-8","","","","","",""
"P1","blocked_or_forbidden","403","2","www.osha.gov","Occupational Safety and Health Administration (OSHA)","Lockout of tagout requirements for electrical hazards","KB-RECO-0146;KB-RECO-0152","https://www.osha.gov/laws-regs/standardinterpretations/2015-08-05","https://www.osha.gov/laws-regs/standardinterpretations/2015-08-05","","","","","",""
"P1","blocked_or_forbidden","403","2","www.osha.gov","OSHA (Occupational Safety and Health Administration)","Peroxide Forming Chemicals Safety","KB-RECO-0401;KB-RECO-0402","https://www.osha.gov/laws-regs/standardinterpretations/1995-01-18-0","https://www.osha.gov/laws-regs/standardinterpretations/1995-01-18-0","","","","","",""
"P1","blocked_or_forbidden","403","2","www.osha.gov","Occupational Safety and Health Administration","Occupational Noise Exposure","KB-PHASE4-0776;KB-PHASE4-0804","https://www.osha.gov/laws-regs/regulations/standardnumber/1910/1910.95","https://www.osha.gov/laws-regs/regulations/standardnumber/1910/1910.95","","","","","",""
"P1","blocked_or_forbidden","403","2","www.osha.gov","Occupational Safety and Health Administration","Electrical Safety Requirements","KB-PHASE4-0766;KB-PHASE4-0767","https://www.osha.gov/laws-regs/regulations/standardnumber/1910/1910.304","https://www.osha.gov/laws-regs/regulations/standardnumber/1910/1910.304","","","","","",""
"P1","blocked_or_forbidden","403","2","www.osha.gov","Occupational Safety and Health Administration (OSHA)","29 CFR 1910.269 - Testing and test facilities","KB-RECO-0148;KB-RECO-0149","https://www.osha.gov/laws-regs/regulations/standardnumber/1910/1910.269_2","https://www.osha.gov/laws-regs/regulations/standardnumber/1910/1910.269_2","","","","","",""
"P1","blocked_or_forbidden","403","2","www.osha.gov","Occupational Safety and Health Administration","Machine Guarding General Requirements","KB-PHASE4-0772;KB-PHASE4-0773","https://www.osha.gov/laws-regs/regulations/standardnumber/1910/1910.212","https://www.osha.gov/laws-regs/regulations/standardnumber/1910/1910.212","","","","","",""
"P1","blocked_or_forbidden","403","2","www.osha.gov","Occupational Safety and Health Administration;Occupational Safety and Health Administration (OSHA)","OSHA Fire Safety - Portable Fire Extinguishers","KB-RECO-0192;KB-PHASE4-0801","https://www.osha.gov/laws-regs/regulations/standardnumber/1910/1910.157","https://www.osha.gov/laws-regs/regulations/standardnumber/1910/1910.157","","","","","",""
"P1","blocked_or_forbidden","403","2","www.osha.gov","OSHA","OSHA Laboratory Standard 1910.1450 Appendix A","KB-PHASE4-0576;KB-PHASE4-0587","https://www.osha.gov/laws-regs/regulations/standardnumber/1910/1910.1450AppA","https://www.osha.gov/laws-regs/regulations/standardnumber/1910/1910.1450AppA","","","","","",""
"P1","blocked_or_forbidden","403","2","www.osha.gov","Occupational Safety and Health Administration","Vacuum System Safety","KB-PHASE4-0775;KB-PHASE4-0798","https://www.osha.gov/laws-regs/regulations/standardnumber/1910/1910.133","https://www.osha.gov/laws-regs/regulations/standardnumber/1910/1910.133","","","","","",""
"P1","blocked_or_forbidden","403","2","www.osha.gov","OSHA;Occupational Safety and Health Administration","1910.132 - General Requirements - Personal Protective Equipment","KB-RECO-0318;KB-PHASE4-0797","https://www.osha.gov/laws-regs/regulations/standardnumber/1910/1910.132","https://www.osha.gov/laws-regs/regulations/standardnumber/1910/1910.132","","","","","",""
"P1","blocked_or_forbidden","403","2","www.osha.gov","OSHA;U.S. Occupational Safety and Health Administration (OSHA)","1910.106 - Flammable liquids","KB-RECO-0316;KB-PHASE4-0016","https://www.osha.gov/laws-regs/regulations/standardnumber/1910/1910.106","https://www.osha.gov/laws-regs/regulations/standardnumber/1910/1910.106","","","","","",""
"P1","blocked_or_forbidden","403","2","www.osha.gov","OSHA;Occupational Safety and Health Administration","1910.101 - Compressed gases (general requirements)","KB-RECO-0315;KB-PHASE4-0774","https://www.osha.gov/laws-regs/regulations/standardnumber/1910/1910.101","https://www.osha.gov/laws-regs/regulations/standardnumber/1910/1910.101","","","","","",""
"P1","blocked_or_forbidden","403","2","www.osha.gov","OSHA;U.S. Occupational Safety and Health Administration (OSHA)","Coverage of lithium-ion batteries under the Hazard Communication standard","KB-PHASE4-0034;KB-PHASE4-0401","https://www.osha.gov/laws-regs/interlinking/standards/1910.1200/standard_interpretations","https://www.osha.gov/laws-regs/interlinking/standards/1910.1200/standard_interpretations","","","","","",""
"P1","blocked_or_forbidden","403","2","www.osha.gov","U.S. Occupational Safety and Health Administration","OSHA Hazard Communication Standard - GHS Labeling","KB-RECO-0284;KB-RECO-0285","https://www.osha.gov/laws-regs/federalregister/2006-09-12-0","https://www.osha.gov/laws-regs/federalregister/2006-09-12-0","","","","","",""
"P1","blocked_or_forbidden","403","2","www.osha.gov","Occupational Safety and Health Administration (OSHA)","Lithium-ion Battery Safety Fact Sheet (OSHA FS-4480)","KB-RECO-0153;KB-RECO-0154","https://www.osha.gov/sites/default/files/publications/OSHA4480.pdf","https://www.osha.gov/sites/default/files/publications/OSHA4480.pdf","","","","","",""
"P1","blocked_or_forbidden","403","2","www.osha.gov","OSHA","OSHA Hazard Communication Standard - GHS Labeling","KB-PHASE4-0613;KB-PHASE4-0701","https://www.osha.gov/hazcom/faq","https://www.osha.gov/hazcom/faq","","","","","",""
"P1","blocked_or_forbidden","403","2","www.osha.gov","Occupational Safety and Health Administration (OSHA)","Machine Guarding - General Requirements","KB-RECO-0160;KB-RECO-0172","https://www.osha.gov/etools/machine-guarding/introduction/general-requirements","https://www.osha.gov/etools/machine-guarding/introduction/general-requirements","","","","","",""
"P1","blocked_or_forbidden","403","2","www.osha.gov","OSHA (Occupational Safety and Health Administration)","Personal Protective Equipment - Chemical and Liquid-Resistant Gloves","KB-RECO-0422;KB-RECO-0423","https://www.osha.gov/training/library/personal-protective-equipment/assessment","https://www.osha.gov/training/library/personal-protective-equipment/assessment","","","","","",""
"P1","blocked_or_forbidden","403","2","www.osha.gov","Occupational Safety and Health Administration (OSHA)","OSHA Lockout/Tagout eTool - Energy Sources","KB-RECO-0151;KB-RECO-0171","https://www.osha.gov/etools/lockout-tagout","https://www.osha.gov/etools/lockout-tagout","","","","","",""
"P1","blocked_or_forbidden","403","2","www.osha.gov","Occupational Safety and Health Administration (OSHA)","Electrical Incidents - Ground-Fault Circuit Interrupters","KB-RECO-0142;KB-RECO-0144","https://www.osha.gov/etools/construction/electrical-incidents/ground-fault-circuit-interrupters","https://www.osha.gov/etools/construction/electrical-incidents/ground-fault-circuit-interrupters","","","","","",""
"P1","blocked_or_forbidden","403","2","www.osha.gov","U.S. Occupational Safety and Health Administration;U.S. Occupational Safety and Health Administration (OSHA)","Formaldehyde - Safety and Health Topics","KB-PHASE4-0059;KB-CHEM2-0019","https://www.osha.gov/formaldehyde","https://www.osha.gov/formaldehyde","","","","","",""
"P1","network_error","","1","openstd.samr.gov.cn","国家市场监督管理总局/国家标准委","GB 15258-2009 化学品安全标签编写规定","KB-1019","https://openstd.samr.gov.cn/bzgk/gb/newGbInfo?hcno=9C6A99E26AE0CA7E47B4BC9E8DF01F84","","ConnectionError: ('Connection aborted.', RemoteDisconnected('Remote end closed connection without response'))","","","","",""
"P1","network_error","","1","openstd.samr.gov.cn","国家标准全文公开系统","GB/T 27476.1-2014 检测实验室安全 第1部分：总则","KB-PHASE4-0794","https://openstd.samr.gov.cn/bzgk/std/newGbInfo?hcno=6C80C3CF343258529DA8841981A036D1","","ConnectionError: ('Connection aborted.', RemoteDisconnected('Remote end closed connection without response'))","","","","",""
"P1","network_error","","1","openstd.samr.gov.cn","国家标准全文公开系统","GB/T 27476.5-2014 检测实验室安全 第5部分：化学因素","KB-PHASE4-0795","https://openstd.samr.gov.cn/bzgk/std/newGbInfo?hcno=8BFEEBBE490CBAC79543F0DAD96F2E2E","","ConnectionError: ('Connection aborted.', RemoteDisconnected('Remote end closed connection without response'))","","","","",""
"P1","network_error","","1","www.agilent.com","Agilent Technologies","Agilent 7800/7900 ICP-MS Site Preparation Checklist","KB-PHASE4-0449","https://www.agilent.com/cs/library/sitepreparationchecklists/7800_7900_ICP-MS_Site_Preparation_Checklist_Rev.B.pdf","","ConnectionError: ('Connection aborted.', ConnectionResetError(10054, '远程主机强迫关闭了一个现有的连接。', None, 10054, None))","","","","",""
"P1","network_error","","1","www.agilent.com","Agilent Technologies","Agilent 8890 GC Site Preparation Checklist - Hydrogen Safety","KB-RECO-0001","https://www.agilent.com/cs/library/sitepreparationchecklists/Agilent%208890%20GC%20Site%20Preparation%20Checklist.pdf","","ConnectionError: ('Connection aborted.', ConnectionResetError(10054, '远程主机强迫关闭了一个现有的连接。', None, 10054, None))","","","","",""
"P1","network_error","","1","www.agilent.com","Agilent Technologies","HPLC Fundamentals and FAQs - Agilent","KB-PHASE4-0437","https://www.agilent.com/en/product/liquid-chromatography/hplc-systems","","ConnectionError: ('Connection aborted.', ConnectionResetError(10054, '远程主机强迫关闭了一个现有的连接。', None, 10054, None))","","","","",""
"P1","network_error","","1","www.agilent.com","Agilent Technologies","Agilent Atomic Spectroscopy Safety Information - General Electrical Safety","KB-RECO-0029","https://www.agilent.com/cs/library/usermanuals/public/5971-6636_Atomic_Safety_Info_EN.pdf","","ConnectionError: ('Connection aborted.', ConnectionResetError(10054, '远程主机强迫关闭了一个现有的连接。', None, 10054, None))","","","","",""
"P1","network_error","","1","www.agilent.com","Agilent Technologies","Intuvo 9000 Gas Chromatograph Operation Manual - Before operating your GC","KB-RECO-0002","https://www.agilent.com/cs/library/usermanuals/public/9000_Operation.pdf","","ConnectionError: ('Connection aborted.', ConnectionResetError(10054, '远程主机强迫关闭了一个现有的连接。', None, 10054, None))","","","","",""
"P1","network_error","","1","www.agilent.com","Agilent Technologies","Agilent 1260 Infinity II Preparative Fraction Collector User Manual","KB-PHASE4-0478","https://www.agilent.com/cs/library/usermanuals/public/G1364E-User.pdf","","ConnectionError: ('Connection aborted.', ConnectionResetError(10054, '远程主机强迫关闭了一个现有的连接。', None, 10054, None))","","","","",""
"P1","network_error","","1","www.agilent.com","Agilent Technologies","Agilent 7890B GC Maintaining Guide","KB-PHASE4-0433","https://www.agilent.com/cs/library/usermanuals/public/G3430-90052%207890B_Maintaining%20Guide.pdf","","ConnectionError: ('Connection aborted.', ConnectionResetError(10054, '远程主机强迫关闭了一个现有的连接。', None, 10054, None))","","","","",""
"P1","network_error","","1","www.agilent.com","Agilent Technologies","Agilent User Guide - Converting EI GCMS Instruments to Hydrogen","KB-PHASE4-0477","https://www.agilent.com/cs/library/usermanuals/public/user-guide-coverting-ei-gcms-instruments-5994-2312en-agilent.pdf","","ConnectionError: ('Connection aborted.', ConnectionResetError(10054, '远程主机强迫关闭了一个现有的连接。', None, 10054, None))","","","","",""
"P1","network_error","","1","www.agilent.com","Agilent Technologies","Agilent AAS Resource Hub - Safe Storage Solutions","KB-PHASE4-0476","https://www.agilent.com/en/product/atomic-spectroscopy/atomic-absorption/aas-resource-hub","","ConnectionError: ('Connection aborted.', ConnectionResetError(10054, '远程主机强迫关闭了一个现有的连接。', None, 10054, None))","","","","",""
"P1","network_error","","1","www.agilent.com","Agilent Technologies","Deuterium Lamps for Atomic Absorption and UV Detectors - Agilent","KB-PHASE4-0446","https://www.agilent.com/en/product/atomic-spectroscopy/atomic-absorption/atomic-absorption-background-correction-lamps/deuterium-lamps","","ConnectionError: ('Connection aborted.', ConnectionResetError(10054, '远程主机强迫关闭了一个现有的连接。', None, 10054, None))","","","","",""
"P1","network_error","","1","www.agilent.com","Agilent Technologies","Getting your HPLC Back up and running flyer - Agilent","KB-PHASE4-0445","https://www.agilent.com/cs/library/brochures/Getting_your_HPLC_Back_up_and_running_flyer.pdf","","ConnectionError: ('Connection aborted.', ConnectionResetError(10054, '远程主机强迫关闭了一个现有的连接。', None, 10054, None))","","","","",""
"P1","network_error","","1","www.agilent.com","Agilent Technologies","Eliminating the Fear Factor - GC Detector Design and Troubleshooting","KB-PHASE4-0427","https://www.agilent.com/cs/library/eseminars/public/gc-detector-design-troubleshooting-flame-ionization-fid-theory-basics-gas-flows-july212020.pdf","","ConnectionError: ('Connection aborted.', ConnectionResetError(10054, '远程主机强迫关闭了一个现有的连接。', None, 10054, None))","","","","",""
"P1","network_error","","1","www.agilent.com","Agilent Technologies","Agilent AAS Hollow Cathode Lamps Safety","KB-PHASE4-0486","https://www.agilent.com/en/product/atomic-spectroscopy/atomic-absorption/atomic-absorption-hollow-cathode-lamps","","ConnectionError: ('Connection aborted.', ConnectionResetError(10054, '远程主机强迫关闭了一个现有的连接。', None, 10054, None))","","","","",""
"P1","network_error","","1","www.agilent.com","Agilent Technologies","Agilent ICP-MS Interface Cones FAQs","KB-PHASE4-0475","https://www.agilent.com/en/product/atomic-spectroscopy/inductively-coupled-plasma-mass-spectrometry-icp-ms/icp-ms-instrument-accessory-supplies/tools-manuals-for-icp-ms","","ConnectionError: ('Connection aborted.', ConnectionResetError(10054, '远程主机强迫关闭了一个现有的连接。', None, 10054, None))","","","","",""
"P1","network_error","","1","www.agilent.com","Agilent Technologies","Agilent 8890/8850 Gas Chromatograph Operation Manual","KB-PHASE4-0423","https://www.agilent.com/cs/library/usermanuals/public/usermanual-gc-operation-8890-g3540-90014-en-agilent.pdf","","ConnectionError: ('Connection aborted.', ConnectionResetError(10054, '远程主机强迫关闭了一个现有的连接。', None, 10054, None))","","","","",""
"P1","network_error","","1","www.agilent.com","Agilent Technologies","HPLC Supplies and Accessories - Agilent","KB-PHASE4-0440","https://www.agilent.com/en/product/liquid-chromatography/hplc-supplies-accessories","","ConnectionError: ('Connection aborted.', ConnectionResetError(10054, '远程主机强迫关闭了一个现有的连接。', None, 10054, None))","","","","",""
"P1","network_error","","1","www.agilent.com","Agilent Technologies","Agilent 1290 Infinity II Preparative LC/MSD System","KB-PHASE4-0442","https://www.agilent.com/en/product/liquid-chromatography/hplc-systems/preparative-hplc-systems/1290-infinity-ii-preparative-lc-msd-system","","ConnectionError: ('Connection aborted.', ConnectionResetError(10054, '远程主机强迫关闭了一个现有的连接。', None, 10054, None))","","","","",""
"P1","network_error","","1","www.agilent.com","Agilent Technologies","Agilent G9214AA RapidFire 360 User Guide","KB-PHASE4-0537","https://www.agilent.com/library/usermanuals/Public/G9214-90000_RapidFire360_User_RevD.pdf","","ConnectionError: ('Connection aborted.', ConnectionResetError(10054, '远程主机强迫关闭了一个现有的连接。', None, 10054, None))","","","","",""
"P1","network_error","","1","www.agilent.com","Agilent Technologies","Agilent InfinityLab Stay Safe Caps and Accessories","KB-PHASE4-0436","https://www.agilent.com/en/product/liquid-chromatography/hplc-supplies-accessories/solvent-management-for-hplc/stay-safe-caps-accessories-for-hplc","","ConnectionError: ('Connection aborted.', ConnectionResetError(10054, '远程主机强迫关闭了一个现有的连接。', None, 10054, None))","","","","",""
"P1","network_error","","1","www.agilent.com","Agilent Technologies","Agilent LC/MS Safety Resources","KB-EQUIP2-0026","https://www.agilent.com/en/product/liquid-chromatography/mass-spectrometry-lc-ms","","ConnectionError: ('Connection aborted.', ConnectionResetError(10054, '远程主机强迫关闭了一个现有的连接。', None, 10054, None))","","","","",""
"P1","network_error","","1","www.agilent.com","Agilent Technologies","Agilent InfinityLab LC/MSD Series Safety","KB-PHASE4-0474","https://www.agilent.com/en/product/liquid-chromatography/mass-spectrometry-lc-ms/infinitylab-lc-msd-series","","ConnectionError: ('Connection aborted.', ConnectionResetError(10054, '远程主机强迫关闭了一个现有的连接。', None, 10054, None))","","","","",""
"P1","network_error","","1","www.agilent.com","Agilent Technologies","Agilent 7800 ICP-MS - HMI Technology","KB-PHASE4-0489","https://www.agilent.com/en/product/atomic-spectroscopy/inductively-coupled-plasma-mass-spectrometry-icp-ms/icp-ms-instruments/7800-icp-ms","","ConnectionError: ('Connection aborted.', ConnectionResetError(10054, '远程主机强迫关闭了一个现有的连接。', None, 10054, None))","","","","",""
"P1","network_error","","1","www.agilent.com","Agilent Technologies","Agilent HPLC PDA Detector Safety","KB-PHASE4-0492","https://www.agilent.com/en/product/liquid-chromatography/hplc-detectors","","ConnectionError: ('Connection aborted.', ConnectionResetError(10054, '远程主机强迫关闭了一个现有的连接。', None, 10054, None))","","","","",""
"P1","blocked_or_forbidden","403","1","www.cdc.gov","NIH / NIOSH","NIH Safe Nanomaterials Handling; NIOSH Nanotechnology Guidelines","KB-GAP-8019","https://www.cdc.gov/niosh/topics/nanotech/","https://www.cdc.gov/niosh/topics/nanotech/","","","","","",""
"P1","blocked_or_forbidden","403","1","www.cdc.gov","CDC / OSHA","CDC Bloodborne Pathogens Exposure Management; OSHA 29 CFR 1910.1030 Bloodborne Pathogens Standard","KB-GAP-8031","https://www.cdc.gov/niosh/topics/bbp/","https://www.cdc.gov/niosh/topics/bbp/","","","","","",""
"P1","blocked_or_forbidden","403","1","www.cdc.gov","Centers for Disease Control and Prevention (CDC) / NIOSH","Organic Solvent Neurotoxicity - Current Intelligence Bulletin 48","KB-PHASE4-0214","https://www.cdc.gov/niosh/docs/87-104/default.html","https://www.cdc.gov/niosh/docs/87-104/default.html","","","","","",""
"P1","blocked_or_forbidden","403","1","www.cdc.gov","Centers for Disease Control and Prevention (CDC) / NIOSH","Controlling Cleaning-Solvent Vapors at Small Printers","KB-PHASE4-0221","https://www.cdc.gov/niosh/docs/hazardcontrol/hc24.html","https://www.cdc.gov/niosh/docs/hazardcontrol/hc24.html","","","","","",""
"P1","blocked_or_forbidden","403","1","www.cdc.gov","CDC (Centers for Disease Control and Prevention)","Recognize the four Biosafety Levels","KB-RECO-0412","https://www.cdc.gov/training/quicklearns/biosafety/","https://www.cdc.gov/training/quicklearns/biosafety/","","","","","",""
"P1","blocked_or_forbidden","403","1","www.cdc.gov","Centers for Disease Control and Prevention (CDC) / NIOSH","Fentanyl: Emergency Responders at Risk | NIOSH","KB-PHASE4-0267","https://www.cdc.gov/niosh/topics/fentanyl/risk.html","https://www.cdc.gov/niosh/topics/fentanyl/risk.html","","","","","",""
"P1","blocked_or_forbidden","403","1","www.cdc.gov","Centers for Disease Control and Prevention","Workbook for Designing, Implementing, and Evaluating a Sharps Injury Prevention Program","KB-PHASE4-0736","https://www.cdc.gov/sharpssafety/resources.html","https://www.cdc.gov/sharpssafety/resources.html","","","","","",""
"P1","blocked_or_forbidden","403","1","www.cdc.gov","CDC","CDC ECHO Biosafety","WEB82-020-001","https://www.cdc.gov/safe-labs/php/echo-biosafety/index.html","https://www.cdc.gov/safe-labs/php/echo-biosafety/index.html","","","","","",""
"P1","blocked_or_forbidden","403","1","www.cdc.gov","CDC","CDC Biosafety Town Hall","WEB82-019-001","https://www.cdc.gov/safe-labs/php/biosafety-town-hall/index.html","https://www.cdc.gov/safe-labs/php/biosafety-town-hall/index.html","","","","","",""
"P1","blocked_or_forbidden","403","1","www.cdc.gov","CDC/NIOSH","Hydrogen Peroxide | NIOSH | CDC","KB-PHASE4-0291","https://www.cdc.gov/niosh/topics/hydrogen-peroxide/default.html","https://www.cdc.gov/niosh/topics/hydrogen-peroxide/default.html","","","","","",""
"P1","blocked_or_forbidden","403","1","www.cdc.gov","CDC","CDC Biorisk Management","WEB82-018-001","https://www.cdc.gov/safe-labs/php/biorisk-management/index.html","https://www.cdc.gov/safe-labs/php/biorisk-management/index.html","","","","","",""
"P1","blocked_or_forbidden","403","1","www.cdc.gov","CDC","CDC Biological Risk Assessment","WEB82-017-001","https://www.cdc.gov/safe-labs/php/biological-risk-assessment/index.html","https://www.cdc.gov/safe-labs/php/biological-risk-assessment/index.html","","","","","",""
"P1","blocked_or_forbidden","403","1","www.cdc.gov","CDC","CDC Safe Labs About","WEB82-016-001","https://www.cdc.gov/safe-labs/php/about/index.html","https://www.cdc.gov/safe-labs/php/about/index.html","","","","","",""
"P1","blocked_or_forbidden","403","1","www.cdc.gov","CDC/NIOSH","Sulfuric Acid | NIOSH | CDC","KB-PHASE4-0289","https://www.cdc.gov/niosh/topics/sulfuric-acid/default.html","https://www.cdc.gov/niosh/topics/sulfuric-acid/default.html","","","","","",""
"P1","blocked_or_forbidden","403","1","www.cdc.gov","Centers for Disease Control and Prevention (CDC) / NIOSH","Controlling Formaldehyde Exposures During Embalming","KB-PHASE4-0240","https://www.cdc.gov/niosh/docs/hazardcontrol/hc26.html","https://www.cdc.gov/niosh/docs/hazardcontrol/hc26.html","","","","","",""
"P1","blocked_or_forbidden","403","1","www.cdc.gov","CDC","CDC ECHO Biosafety 2023","WEB82-021-001","https://www.cdc.gov/safe-labs/php/echo-biosafety-2023/index.html","https://www.cdc.gov/safe-labs/php/echo-biosafety-2023/index.html","","","","","",""
"P1","blocked_or_forbidden","403","1","www.cdc.gov","Centers for Disease Control and Prevention (CDC) / NIOSH","How CDC Prepares for Chemical Terrorism","KB-PHASE4-0225","https://www.cdc.gov/chemical-threats-and-toxins-laboratory/php/story/chemical-terrorism-preparation.html","https://www.cdc.gov/chemical-threats-and-toxins-laboratory/php/story/chemical-terrorism-preparation.html","","","","","",""
"P1","blocked_or_forbidden","403","1","www.cdc.gov","NIOSH/CDC","School Chemistry Laboratory Safety Guide","WEBX-027-001","https://www.cdc.gov/niosh/docs/2007-107/default.html","https://www.cdc.gov/niosh/docs/2007-107/default.html","","","","","",""
"P1","blocked_or_forbidden","403","1","www.cdc.gov","Centers for Disease Control and Prevention (CDC) / NIOSH","Optimizing Epidemiology-Laboratory Collaborations | CDC","KB-PHASE4-0265","https://www.cdc.gov/eis/field-epi-manual/chapters/Epi-lab-Collaboration.html","https://www.cdc.gov/eis/field-epi-manual/chapters/Epi-lab-Collaboration.html","","","","","",""
"P1","blocked_or_forbidden","403","1","www.cdc.gov","CDC","CDC Laboratory Systems About","WEB82-022-001","https://www.cdc.gov/laboratory-systems/php/about/index.html","https://www.cdc.gov/laboratory-systems/php/about/index.html","","","","","",""
"P1","blocked_or_forbidden","403","1","www.cdc.gov","Centers for Disease Control and Prevention (CDC) / NIOSH","About Chemical Threats and Toxins Laboratory","KB-PHASE4-0226","https://www.cdc.gov/chemical-threats-and-toxins-laboratory/about/index.html","https://www.cdc.gov/chemical-threats-and-toxins-laboratory/about/index.html","","","","","",""
"P1","blocked_or_forbidden","403","1","www.cdc.gov","CDC (Centers for Disease Control and Prevention)","Guidelines for Laboratory Biosafety: Handling and Processing Specimens","KB-RECO-0381","https://www.cdc.gov/bird-flu/php/severe-potential/guidelines-for-laboratory-biosafety.html","https://www.cdc.gov/bird-flu/php/severe-potential/guidelines-for-laboratory-biosafety.html","","","","","",""
"P1","blocked_or_forbidden","403","1","www.cdc.gov","CDC","CDC Labs Home","WEB82-023-001","https://www.cdc.gov/labs/index.html","https://www.cdc.gov/labs/index.html","","","","","",""
"P1","blocked_or_forbidden","403","1","www.cdc.gov","CDC","Formaldehyde Exposures in a Gross Anatomy Laboratory -- Colorado | CDC","KB-PHASE4-0282","https://www.cdc.gov/mmWR/preview/mmwrhtml/00001222.htm","https://www.cdc.gov/mmWR/preview/mmwrhtml/00001222.htm","","","","","",""
"P1","blocked_or_forbidden","403","1","www.cdc.gov","Centers for Disease Control and Prevention (CDC) / NIOSH","NIOSH Recommendations for Occupational Safety and Health Standards 1988","KB-PHASE4-0263","https://www.cdc.gov/mmwr/preview/mmwrhtml/00001761.htm","https://www.cdc.gov/mmwr/preview/mmwrhtml/00001761.htm","","","","","",""
"P1","blocked_or_forbidden","403","1","www.cdc.gov","Centers for Disease Control and Prevention (CDC) / NIOSH","NIOH and NIOSH Basis for an Occupational Health Standard: Acrylamide","KB-PHASE4-0215","https://www.cdc.gov/mmwr/preview/mmwrhtml/00016258.htm","https://www.cdc.gov/mmwr/preview/mmwrhtml/00016258.htm","","","","","",""
"P1","blocked_or_forbidden","403","1","www.cdc.gov","Centers for Disease Control and Prevention (CDC) / NIOSH","Occupational Exposure to Carbon Nanotubes and Nanofibers - CIB 65","KB-PHASE4-0217","https://www.cdc.gov/niosh/docs/2013-145/default.html","https://www.cdc.gov/niosh/docs/2013-145/default.html","","","","","",""
"P1","blocked_or_forbidden","403","1","www.cdc.gov","Centers for Disease Control and Prevention (CDC) / NIOSH","NEG and NIOSH Basis for an Occupational Health Standard: Ethyl Ether","KB-PHASE4-0251","https://www.cdc.gov/mmwr/preview/mmwrhtml/00026209.htm","https://www.cdc.gov/mmwr/preview/mmwrhtml/00026209.htm","","","","","",""
"P1","blocked_or_forbidden","403","1","www.cdc.gov","Centers for Disease Control and Prevention (CDC) / NIOSH","Reports of Worker Fatalities during Manual Tank Gauging - NIOSH","KB-PHASE4-0242","https://www.cdc.gov/niosh/bulletin/2015/tank-gauging.html","https://www.cdc.gov/niosh/bulletin/2015/tank-gauging.html","","","","","",""
"P1","blocked_or_forbidden","403","1","www.cdc.gov","Centers for Disease Control and Prevention (CDC) / NIOSH","Understanding Noise Exposure Limits: Occupational vs. General Environmental Noise","KB-PHASE4-0224","https://www.cdc.gov/niosh/bulletin/2016/noise.html","https://www.cdc.gov/niosh/bulletin/2016/noise.html","","","","","",""
"P1","blocked_or_forbidden","403","1","www.cdc.gov","Centers for Disease Control and Prevention (CDC) / NIOSH","Emergency Decision-making Underground Coal Mine Escape","KB-PHASE4-0235","https://www.cdc.gov/niosh/docs/mining/works/coversheet2222.html","https://www.cdc.gov/niosh/docs/mining/works/coversheet2222.html","","","","","",""
"P1","blocked_or_forbidden","403","1","www.cdc.gov","CDC/NIOSH","Mercury compounds - IDLH | NIOSH","KB-PHASE4-0295","https://www.cdc.gov/niosh/idlh/7439976.html","https://www.cdc.gov/niosh/idlh/7439976.html","","","","","",""
"P1","blocked_or_forbidden","403","1","www.cdc.gov","Centers for Disease Control and Prevention (CDC) / NIOSH","Protecting Firefighters from Contaminated Gear","KB-PHASE4-0222","https://www.cdc.gov/niosh/bulletin/2026/contaminated-ff-gear.html","https://www.cdc.gov/niosh/bulletin/2026/contaminated-ff-gear.html","","","","","",""
"P1","blocked_or_forbidden","403","1","www.cdc.gov","Centers for Disease Control and Prevention (CDC) / NIOSH","NIOSH Chemical Safety in the Workplace","KB-PHASE4-0259","https://www.cdc.gov/niosh/chemicals/","https://www.cdc.gov/niosh/chemicals/","","","","","",""
"P1","blocked_or_forbidden","403","1","www.cdc.gov","Centers for Disease Control and Prevention (CDC) / NIOSH","NIOSH Docket 295: Occupational Exposures to Peracetic Acid","KB-PHASE4-0219","https://www.cdc.gov/niosh/docket/archive/docket295.html","https://www.cdc.gov/niosh/docket/archive/docket295.html","","","","","",""
"P1","blocked_or_forbidden","403","1","www.cdc.gov","Centers for Disease Control and Prevention","Laboratory Biosafety for Handling and Processing Monkeypox Specimens","KB-PHASE4-0738","https://www.cdc.gov/monkeypox/php/laboratories/biosafety.html","https://www.cdc.gov/monkeypox/php/laboratories/biosafety.html","","","","","",""
"P1","blocked_or_forbidden","403","1","www.cdc.gov","CDC/NIOSH","1988 OSHA PEL Project - Sodium Hydroxide | NIOSH","KB-PHASE4-0290","https://www.cdc.gov/niosh/pel88/1310-73.html","https://www.cdc.gov/niosh/pel88/1310-73.html","","","","","",""
"P1","blocked_or_forbidden","403","1","www.cdc.gov","Centers for Disease Control and Prevention (CDC) / NIOSH","Methyl Alcohol - IDLH Documentation","KB-PHASE4-0248","https://www.cdc.gov/niosh/idlh/67561.html","https://www.cdc.gov/niosh/idlh/67561.html","","","","","",""
"P1","blocked_or_forbidden","403","1","www.cdc.gov","CDC/NIOSH","NIOSH Pocket Guide - Vinyl chloride","KB-PHASE4-0325","https://www.cdc.gov/niosh/npg/npgd0658.html","https://www.cdc.gov/niosh/npg/npgd0658.html","","","","","",""
"P1","blocked_or_forbidden","403","1","www.cdc.gov","CDC/NIOSH","NIOSH Pocket Guide to Chemical Hazards - Hydrogen cyanide","KB-PHASE4-0287","https://www.cdc.gov/niosh/npg/npgd0333.html","https://www.cdc.gov/niosh/npg/npgd0333.html","","","","","",""
"P1","blocked_or_forbidden","403","1","www.cdc.gov","Centers for Disease Control and Prevention (CDC) / NIOSH","NIOSH Pocket Guide to Chemical Hazards","KB-PHASE4-0270","https://www.cdc.gov/niosh/npg/default.html","https://www.cdc.gov/niosh/npg/default.html","","","","","",""
"P1","blocked_or_forbidden","403","1","www.cdc.gov","Centers for Disease Control and Prevention (CDC) / NIOSH","First Aid Procedures for Chemical Hazards | NIOSH","KB-PHASE4-0227","https://www.cdc.gov/niosh/npg/firstaid.html","https://www.cdc.gov/niosh/npg/firstaid.html","","","","","",""
"P1","blocked_or_forbidden","403","1","www.cdc.gov","Centers for Disease Control and Prevention (CDC) / NIOSH","Appendix A - NIOSH Potential Occupational Carcinogens","KB-PHASE4-0272","https://www.cdc.gov/niosh/npg/nengapdxa.html","https://www.cdc.gov/niosh/npg/nengapdxa.html","","","","","",""
"P1","blocked_or_forbidden","403","1","www.cdc.gov","Centers for Disease Control and Prevention (CDC) / NIOSH","Asbestos - OSHA Standards and NIOSH Recommendations","KB-PHASE4-0268","https://www.cdc.gov/niosh/npg/nengapdxc.html","https://www.cdc.gov/niosh/npg/nengapdxc.html","","","","","",""
"P1","blocked_or_forbidden","403","1","www.cdc.gov","Centers for Disease Control and Prevention (CDC) / NIOSH","Phosphine: Lung Damaging Agent | NIOSH Emergency Response Card","KB-PHASE4-0231","https://www.cdc.gov/niosh/ershdb/emergencyresponsecard_29750035.html","https://www.cdc.gov/niosh/ershdb/emergencyresponsecard_29750035.html","","","","","",""
"P1","blocked_or_forbidden","403","1","www.cdc.gov","Centers for Disease Control and Prevention / NIOSH","NIOSH Pocket Guide to Chemical Hazards - 碘(Iodine)","KB-CHEM2-0035","https://www.cdc.gov/niosh/npg/npgd0322.html","https://www.cdc.gov/niosh/npg/npgd0322.html","","","","","",""
"P1","blocked_or_forbidden","403","1","www.cdc.gov","Centers for Disease Control and Prevention (CDC) / NIOSH","Ammonia Solution, Ammonia, Anhydrous | NIOSH Emergency Response Card","KB-PHASE4-0234","https://www.cdc.gov/niosh/ershdb/emergencyresponsecard_29750013.html","https://www.cdc.gov/niosh/ershdb/emergencyresponsecard_29750013.html","","","","","",""
"P1","blocked_or_forbidden","403","1","www.cdc.gov","CDC/NIOSH","Mercury (Elemental): Lung Damaging Agent | NIOSH","KB-PHASE4-0294","https://www.cdc.gov/niosh/ershdb/emergencyresponsecard_29750021.html","https://www.cdc.gov/niosh/ershdb/emergencyresponsecard_29750021.html","","","","","",""
"P1","blocked_or_forbidden","403","1","www.cdc.gov","Centers for Disease Control and Prevention (CDC) / NIOSH","Ethylene Glycol: Systemic Agent | NIOSH Emergency Response Card","KB-PHASE4-0230","https://www.cdc.gov/niosh/ershdb/emergencyresponsecard_29750031.html","https://www.cdc.gov/niosh/ershdb/emergencyresponsecard_29750031.html","","","","","",""
"P1","blocked_or_forbidden","403","1","www.cdc.gov","CDC/NIOSH","NIOSH Pocket Guide to Chemical Hazards - Acrylamide","KB-PHASE4-0292","https://www.cdc.gov/niosh/npg/npgd0012.html","https://www.cdc.gov/niosh/npg/npgd0012.html","","","","","",""
"P1","blocked_or_forbidden","403","1","www.cdc.gov","CDC/NIOSH","NIOSH Pocket Guide - Ammonia","KB-PHASE4-0343","https://www.cdc.gov/niosh/npg/npgd0028.html","https://www.cdc.gov/niosh/npg/npgd0028.html","","","","","",""
"P1","blocked_or_forbidden","403","1","www.cdc.gov","CDC/NIOSH","NIOSH Pocket Guide - Argon","KB-PHASE4-0346","https://www.cdc.gov/niosh/npg/npgd0030.html","https://www.cdc.gov/niosh/npg/npgd0030.html","","","","","",""
"P1","blocked_or_forbidden","403","1","www.cdc.gov","CDC/NIOSH","NIOSH Pocket Guide - Arsenic","KB-PHASE4-0323","https://www.cdc.gov/niosh/npg/npgd0038.html","https://www.cdc.gov/niosh/npg/npgd0038.html","","","","","",""
"P1","blocked_or_forbidden","403","1","www.cdc.gov","CDC/NIOSH","NIOSH Pocket Guide to Chemical Hazards - Benzene","KB-PHASE4-0279","https://www.cdc.gov/niosh/npg/npgd0049.html","https://www.cdc.gov/niosh/npg/npgd0049.html","","","","","",""
"P1","blocked_or_forbidden","403","1","www.cdc.gov","CDC/NIOSH","NIOSH Pocket Guide - Cadmium","KB-PHASE4-0322","https://www.cdc.gov/niosh/npg/npgd0087.html","https://www.cdc.gov/niosh/npg/npgd0087.html","","","","","",""
"P1","blocked_or_forbidden","403","1","www.cdc.gov","CDC/NIOSH","NIOSH Pocket Guide - Carbon Tetrachloride","KB-PHASE4-0316","https://www.cdc.gov/niosh/npg/npgd0103.html","https://www.cdc.gov/niosh/npg/npgd0103.html","","","","","",""
"P1","blocked_or_forbidden","403","1","www.cdc.gov","CDC/NIOSH","NIOSH Pocket Guide - Carbon monoxide","KB-PHASE4-0344","https://www.cdc.gov/niosh/npg/npgd0105.html","https://www.cdc.gov/niosh/npg/npgd0105.html","","","","","",""
"P1","blocked_or_forbidden","403","1","www.cdc.gov","CDC/NIOSH","Sodium Azide: Systemic Agent | NIOSH","KB-PHASE4-0303","https://www.cdc.gov/niosh/ershdb/emergencyresponsecard_29750027.html","https://www.cdc.gov/niosh/ershdb/emergencyresponsecard_29750027.html","","","","","",""
"P1","blocked_or_forbidden","403","1","www.cdc.gov","CDC/NIOSH","NIOSH Pocket Guide - Chromium(VI)","KB-PHASE4-0324","https://www.cdc.gov/niosh/npg/npgd0141.html","https://www.cdc.gov/niosh/npg/npgd0141.html","","","","","",""
"P1","blocked_or_forbidden","403","1","www.cdc.gov","Centers for Disease Control and Prevention (CDC) / NIOSH","Chlorine: Lung Damaging Agent | NIOSH Emergency Response Card","KB-PHASE4-0233","https://www.cdc.gov/niosh/ershdb/emergencyresponsecard_29750024.html","https://www.cdc.gov/niosh/ershdb/emergencyresponsecard_29750024.html","","","","","",""
"P1","blocked_or_forbidden","403","1","www.cdc.gov","Centers for Disease Control and Prevention (CDC) / NIOSH","Lead - NIOSH Pocket Guide","KB-PHASE4-0258","https://www.cdc.gov/niosh/npg/npgd0174.html","https://www.cdc.gov/niosh/npg/npgd0174.html","","","","","",""
"P1","blocked_or_forbidden","403","1","www.cdc.gov","CDC/NIOSH","NIOSH Pocket Guide - Dimethylformamide","KB-PHASE4-0335","https://www.cdc.gov/niosh/npg/npgd0223.html","https://www.cdc.gov/niosh/npg/npgd0223.html","","","","","",""
"P1","blocked_or_forbidden","403","1","www.cdc.gov","CDC/NIOSH","NIOSH Pocket Guide - Dioxane","KB-PHASE4-0338","https://www.cdc.gov/niosh/npg/npgd0237.html","https://www.cdc.gov/niosh/npg/npgd0237.html","","","","","",""
"P1","blocked_or_forbidden","403","1","www.cdc.gov","CDC/NIOSH","NIOSH Pocket Guide - Ethyl acetate","KB-PHASE4-0329","https://www.cdc.gov/niosh/npg/npgd0261.html","https://www.cdc.gov/niosh/npg/npgd0261.html","","","","","",""
"P1","blocked_or_forbidden","403","1","www.cdc.gov","Centers for Disease Control and Prevention / NIOSH","NIOSH Pocket Guide to Chemical Hazards - 过氧化氢(Hydrogen Peroxide)","KB-CHEM2-0021","https://www.cdc.gov/niosh/npg/npgd0335.html","https://www.cdc.gov/niosh/npg/npgd0335.html","","","","","",""
"P1","blocked_or_forbidden","403","1","www.cdc.gov","Centers for Disease Control and Prevention (CDC) / NIOSH","Occupational Exposure Banding | NIOSH","KB-PHASE4-0260","https://www.cdc.gov/niosh/exposure-banding/about/","https://www.cdc.gov/niosh/exposure-banding/about/","","","","","",""
"P1","blocked_or_forbidden","403","1","www.cdc.gov","Centers for Disease Control and Prevention (CDC) / NIOSH","NIOSH Health Hazard Evaluation (HHE) Program","KB-PHASE4-0262","https://www.cdc.gov/niosh/hhe/","https://www.cdc.gov/niosh/hhe/","","","","","",""
"P1","blocked_or_forbidden","403","1","www.cdc.gov","Centers for Disease Control and Prevention (CDC) / NIOSH","Immediately Dangerous to Life or Health (IDLH) Values | NIOSH","KB-PHASE4-0269","https://www.cdc.gov/niosh/idlh/default.html","https://www.cdc.gov/niosh/idlh/default.html","","","","","",""
"P1","blocked_or_forbidden","403","1","www.cdc.gov","CDC/NIOSH","NIOSH Pocket Guide - Trichloroethylene","KB-PHASE4-0333","https://www.cdc.gov/niosh/npg/npgd0629.html","https://www.cdc.gov/niosh/npg/npgd0629.html","","","","","",""
"P1","blocked_or_forbidden","403","1","www.cdc.gov","Centers for Disease Control and Prevention / NIOSH","NIOSH Pocket Guide to Chemical Hazards - 三氟乙酸(TFA)","KB-CHEM2-0034","https://www.cdc.gov/niosh/npg/npgd0626.html","https://www.cdc.gov/niosh/npg/npgd0626.html","","","","","",""
"P1","blocked_or_forbidden","403","1","www.cdc.gov","Centers for Disease Control and Prevention (CDC) / NIOSH","NFPA 704 Signal | NIOSH Emergency Response Cards","KB-PHASE4-0271","https://www.cdc.gov/niosh/ershdb/about.html","https://www.cdc.gov/niosh/ershdb/about.html","","","","","",""
"P1","blocked_or_forbidden","403","1","www.cdc.gov","Centers for Disease Control and Prevention (CDC) / NIOSH","Tetrachloroethylene - NIOSH Pocket Guide","KB-PHASE4-0250","https://www.cdc.gov/niosh/npg/npgd0609.html","https://www.cdc.gov/niosh/npg/npgd0609.html","","","","","",""
"P1","blocked_or_forbidden","403","1","www.cdc.gov","Centers for Disease Control and Prevention (CDC) / NIOSH","Emergency Response Safety and Health Database (ERSH-DB) | NIOSH","KB-PHASE4-0273","https://www.cdc.gov/niosh/ershdb/default.html","https://www.cdc.gov/niosh/ershdb/default.html","","","","","",""
"P1","blocked_or_forbidden","403","1","www.cdc.gov","Centers for Disease Control and Prevention / NIOSH","NIOSH Pocket Guide to Chemical Hazards - 二甲基亚砜(DMSO)","KB-CHEM2-0032","https://www.cdc.gov/niosh/npg/npgd0589.html","https://www.cdc.gov/niosh/npg/npgd0589.html","","","","","",""
"P1","blocked_or_forbidden","403","1","www.cdc.gov","CDC/NIOSH","NIOSH Pocket Guide to Chemical Hazards - Sodium azide","KB-PHASE4-0302","https://www.cdc.gov/niosh/npg/npgd0560.html","https://www.cdc.gov/niosh/npg/npgd0560.html","","","","","",""
"P1","blocked_or_forbidden","403","1","www.cdc.gov","Centers for Disease Control and Prevention / NIOSH","NIOSH Pocket Guide to Chemical Hazards - 硅烷(Silane)","KB-CHEM2-0038","https://www.cdc.gov/niosh/npg/npgd0554.html","https://www.cdc.gov/niosh/npg/npgd0554.html","","","","","",""
"P1","blocked_or_forbidden","403","1","www.cdc.gov","Centers for Disease Control and Prevention / NIOSH","NIOSH Pocket Guide to Chemical Hazards - 硝酸银(Silver Nitrate)","KB-CHEM2-0036","https://www.cdc.gov/niosh/npg/npgd0544.html","https://www.cdc.gov/niosh/npg/npgd0544.html","","","","","",""
"P1","blocked_or_forbidden","403","1","www.cdc.gov","Centers for Disease Control and Prevention / NIOSH","NIOSH Pocket Guide to Chemical Hazards - 吡啶(Pyridine)","KB-CHEM2-0031","https://www.cdc.gov/niosh/npg/npgd0539.html","https://www.cdc.gov/niosh/npg/npgd0539.html","","","","","",""
"P1","blocked_or_forbidden","403","1","www.cdc.gov","Centers for Disease Control and Prevention / NIOSH","NIOSH Pocket Guide to Chemical Hazards - 磷化氢(Phosphine)","KB-CHEM2-0037","https://www.cdc.gov/niosh/npg/npgd0503.html","https://www.cdc.gov/niosh/npg/npgd0503.html","","","","","",""
"P1","blocked_or_forbidden","403","1","www.cdc.gov","CDC/NIOSH","NIOSH Pocket Guide - Phosphine","KB-PHASE4-0341","https://www.cdc.gov/niosh/npg/npgd0501.html","https://www.cdc.gov/niosh/npg/npgd0501.html","","","","","",""
"P1","blocked_or_forbidden","403","1","www.cdc.gov","Centers for Disease Control and Prevention (CDC) / NIOSH","Museums (Acids and Alkalis) - Engineering Controls Database","KB-PHASE4-0220","https://www.cdc.gov/niosh/engcontrols/ecd/detail28.html","https://www.cdc.gov/niosh/engcontrols/ecd/detail28.html","","","","","",""
"P1","blocked_or_forbidden","403","1","www.cdc.gov","Centers for Disease Control and Prevention / NIOSH","NIOSH Pocket Guide to Chemical Hazards - 苯酚(Phenol)","KB-CHEM2-0020","https://www.cdc.gov/niosh/npg/npgd0493.html","https://www.cdc.gov/niosh/npg/npgd0493.html","","","","","",""
"P1","blocked_or_forbidden","403","1","www.cdc.gov","Centers for Disease Control and Prevention (CDC) / NIOSH","Lewisite (L): Blister Agent | NIOSH Emergency Response Card","KB-PHASE4-0238","https://www.cdc.gov/niosh/ershdb/emergencyresponsecard_29750006.html","https://www.cdc.gov/niosh/ershdb/emergencyresponsecard_29750006.html","","","","","",""
"P1","blocked_or_forbidden","403","1","www.cdc.gov","Centers for Disease Control and Prevention (CDC) / NIOSH","Carbon Monoxide - IDLH Documentation","KB-PHASE4-0245","https://www.cdc.gov/niosh/idlh/630080.html","https://www.cdc.gov/niosh/idlh/630080.html","","","","","",""
"P1","blocked_or_forbidden","403","1","www.cdc.gov","Centers for Disease Control and Prevention (CDC) / NIOSH","Hydrogen Sulfide - IDLH Documentation","KB-PHASE4-0246","https://www.cdc.gov/niosh/idlh/7783064.html","https://www.cdc.gov/niosh/idlh/7783064.html","","","","","",""
"P1","blocked_or_forbidden","403","1","www.cdc.gov","Centers for Disease Control and Prevention (CDC) / NIOSH","Nitrogen Mustard HN-3: Blister Agent | NIOSH Emergency Response Card","KB-PHASE4-0232","https://www.cdc.gov/niosh/ershdb/emergencyresponsecard_29750012.html","https://www.cdc.gov/niosh/ershdb/emergencyresponsecard_29750012.html","","","","","",""
"P1","blocked_or_forbidden","403","1","www.cdc.gov","Centers for Disease Control and Prevention (CDC) / NIOSH","Trichloroethylene - IDLH Documentation","KB-PHASE4-0255","https://www.cdc.gov/niosh/idlh/79016.html","https://www.cdc.gov/niosh/idlh/79016.html","","","","","",""
"P1","blocked_or_forbidden","403","1","www.cdc.gov","CDC/NIOSH","Acrylamide - IDLH | NIOSH","KB-PHASE4-0293","https://www.cdc.gov/niosh/idlh/79061.html","https://www.cdc.gov/niosh/idlh/79061.html","","","","","",""
"P1","blocked_or_forbidden","403","1","www.cdc.gov","CDC/NIOSH","NIOSH Pocket Guide - 2-Methoxyethanol","KB-PHASE4-0336","https://www.cdc.gov/niosh/npg/npgd0394.html","https://www.cdc.gov/niosh/npg/npgd0394.html","","","","","",""
"P1","blocked_or_forbidden","403","1","www.cdc.gov","Centers for Disease Control and Prevention (CDC) / NIOSH","Naphtha (coal tar) - IDLH | NIOSH","KB-PHASE4-0253","https://www.cdc.gov/niosh/idlh/8030306.html","https://www.cdc.gov/niosh/idlh/8030306.html","","","","","",""
"P1","blocked_or_forbidden","403","1","www.cdc.gov","Centers for Disease Control and Prevention (CDC) / NIOSH","Acrylonitrile - IDLH | NIOSH","KB-PHASE4-0254","https://www.cdc.gov/niosh/idlh/107131.html","https://www.cdc.gov/niosh/idlh/107131.html","","","","","",""
"P1","blocked_or_forbidden","403","1","www.cdc.gov","CDC/NIOSH","NIOSH Pocket Guide - Dichloromethane","KB-PHASE4-0332","https://www.cdc.gov/niosh/npg/npgd0388.html","https://www.cdc.gov/niosh/npg/npgd0388.html","","","","","",""
"P1","blocked_or_forbidden","403","1","www.cdc.gov","CDC/NIOSH","NIOSH Pocket Guide - Isopropyl alcohol","KB-PHASE4-0330","https://www.cdc.gov/niosh/npg/npgd0359.html","https://www.cdc.gov/niosh/npg/npgd0359.html","","","","","",""
"P1","blocked_or_forbidden","403","1","www.cdc.gov","CDC/NIOSH","NIOSH Pocket Guide - Hydrogen sulfide","KB-PHASE4-0342","https://www.cdc.gov/niosh/npg/npgd0336.html","https://www.cdc.gov/niosh/npg/npgd0336.html","","","","","",""
"P1","blocked_or_forbidden","403","1","www.cdc.gov","CDC/NIOSH","NIOSH Pocket Guide - Nitrogen","KB-PHASE4-0345","https://www.cdc.gov/niosh/npg/npgd0466.html","https://www.cdc.gov/niosh/npg/npgd0466.html","","","","","",""
"P1","blocked_or_forbidden","403","1","www.cdc.gov","CDC/NIOSH","White Phosphorus: Systemic Agent | NIOSH","KB-PHASE4-0304","https://www.cdc.gov/niosh/ershdb/emergencyresponsecard_29750025.html","https://www.cdc.gov/niosh/ershdb/emergencyresponsecard_29750025.html","","","","","",""
"P1","blocked_or_forbidden","403","1","www.nrc.gov","U.S. Nuclear Regulatory Commission (NRC)","Potential Radioactive Contaminants and Radiological Classifications","KB-RECO-0089","https://www.nrc.gov/docs/ML0822/ML082280814.pdf","https://www.nrc.gov/docs/ML0822/ML082280814.pdf","","","","","",""
"P1","blocked_or_forbidden","403","1","www.nrc.gov","U.S. Nuclear Regulatory Commission (NRC)","PART 61 - Licensing Requirements for Land Disposal of Radioactive Waste","KB-RECO-0098","https://www.nrc.gov/reading-rm/doc-collections/cfr/part061/full-text.html","https://www.nrc.gov/reading-rm/doc-collections/cfr/part061/full-text.html","","","","","",""
"P1","blocked_or_forbidden","403","1","www.nrc.gov","U.S. Nuclear Regulatory Commission (NRC)","10 CFR Part 30 - Rules of General Applicability","KB-RECO-0175","https://www.nrc.gov/reading-rm/doc-collections/cfr/part030/full-text.html","https://www.nrc.gov/reading-rm/doc-collections/cfr/part030/full-text.html","","","","","",""
"P1","blocked_or_forbidden","403","1","www.nrc.gov","U.S. Nuclear Regulatory Commission (NRC)","Regulatory Guide 8.14 - Personnel Neutron Dosimeters","KB-RECO-0095","https://www.nrc.gov/docs/ML1306/ML13064A088.pdf","https://www.nrc.gov/docs/ML1306/ML13064A088.pdf","","","","","",""
"P1","blocked_or_forbidden","403","1","www.nrc.gov","U.S. Nuclear Regulatory Commission (NRC)","ALARA - As Low As Reasonably Achievable","KB-RECO-0084","https://www.nrc.gov/docs/ML1204/ML12044A227.pdf","https://www.nrc.gov/docs/ML1204/ML12044A227.pdf","","","","","",""
"P1","blocked_or_forbidden","403","1","www.nrc.gov","U.S. Nuclear Regulatory Commission (NRC)","Item 19 Emergency Procedures for Radioactive Spills","KB-RECO-0106","https://www.nrc.gov/docs/ML0827/ML082750235.pdf","https://www.nrc.gov/docs/ML0827/ML082750235.pdf","","","","","",""
"P1","blocked_or_forbidden","403","1","www.nrc.gov","U.S. Nuclear Regulatory Commission (NRC)","Low Level Radioactive Waste Toolbox for Materials Users","KB-RECO-0097","https://www.nrc.gov/materials/toolboxes/llrw-waste","https://www.nrc.gov/materials/toolboxes/llrw-waste","","","","","",""
"P1","blocked_or_forbidden","403","1","www.nrc.gov","U.S. Nuclear Regulatory Commission","NRC Licensing Requirements","KB-PHASE4-0812","https://www.nrc.gov/about-nrc/regulatory/licensing.html","https://www.nrc.gov/about-nrc/regulatory/licensing.html","","","","","",""
"P1","blocked_or_forbidden","403","1","www.nrc.gov","U.S. Nuclear Regulatory Commission (NRC)","Radiation Safety in the Use of Radionuclides in Research","KB-RECO-0093","https://www.nrc.gov/materials/miau/research-medical.html","https://www.nrc.gov/materials/miau/research-medical.html","","","","","",""
"P1","blocked_or_forbidden","403","1","www.nrc.gov","U.S. Nuclear Regulatory Commission","Transportation of Radioactive Material","KB-PHASE4-0758","https://www.nrc.gov/materials/transportation.html","https://www.nrc.gov/materials/transportation.html","","","","","",""
"P1","blocked_or_forbidden","403","1","www.nrc.gov","U.S. Nuclear Regulatory Commission","Low-Level Waste Disposal Standards","KB-PHASE4-0759","https://www.nrc.gov/waste/low-level-waste.html","https://www.nrc.gov/waste/low-level-waste.html","","","","","",""
"P1","blocked_or_forbidden","403","1","www.nrc.gov","U.S. Nuclear Regulatory Commission (NRC)","Backgrounder on Tritium, Radiation Protection Limits, and Drinking Water Standards","KB-RECO-0088","https://www.nrc.gov/reading-rm/doc-collections/fact-sheets/tritium-radiation-fs","https://www.nrc.gov/reading-rm/doc-collections/fact-sheets/tritium-radiation-fs","","","","","",""
"P1","blocked_or_forbidden","403","1","www.nrc.gov","U.S. Nuclear Regulatory Commission","Personal Protective Equipment (PPE) in Radiological Emergencies","KB-PHASE4-0757","https://www.nrc.gov/about-nrc/emerg-preparedness/about-emerg-preparedness/ppe.html","https://www.nrc.gov/about-nrc/emerg-preparedness/about-emerg-preparedness/ppe.html","","","","","",""
"P1","blocked_or_forbidden","403","1","www.nrc.gov","U.S. Nuclear Regulatory Commission (NRC)","MD 10.131 Protection of NRC Employees Against Ionizing Radiation","KB-RECO-0177","https://www.nrc.gov/docs/ML1609/ML16090A100.pdf","https://www.nrc.gov/docs/ML1609/ML16090A100.pdf","","","","","",""
"P1","blocked_or_forbidden","403","1","www.osha.gov","U.S. Occupational Safety and Health Administration (OSHA)","CPL 02-01-065 Process Safety Management of Highly Hazardous Chemicals","KB-PHASE4-0041","https://www.osha.gov/sites/default/files/enforcement/directives/CPL_02-01-065.pdf","https://www.osha.gov/sites/default/files/enforcement/directives/CPL_02-01-065.pdf","","","","","",""
"P1","blocked_or_forbidden","403","1","www.osha.gov","Occupational Safety and Health Administration (OSHA)","29 CFR 1915.172 - Portable air receivers","KB-RECO-0165","https://www.osha.gov/laws-regs/regulations/standardnumber/1915/1915.172","https://www.osha.gov/laws-regs/regulations/standardnumber/1915/1915.172","","","","","",""
"P1","blocked_or_forbidden","403","1","www.osha.gov","U.S. Occupational Safety and Health Administration","OSHA Hazard Communication Standard 29 CFR 1910.1200","KB-RECO-0212","https://www.osha.gov/laws-regs/regulations/standardnumber/1915/1915.507","https://www.osha.gov/laws-regs/regulations/standardnumber/1915/1915.507","","","","","",""
"P1","blocked_or_forbidden","403","1","www.osha.gov","Occupational Safety and Health Administration","1910.38 - Emergency Action Plans","KB-PHASE4-0799","https://www.osha.gov/laws-regs/regulations/standardnumber/1910/1910.38","https://www.osha.gov/laws-regs/regulations/standardnumber/1910/1910.38","","","","","",""
"P1","blocked_or_forbidden","403","1","www.osha.gov","Occupational Safety and Health Administration (OSHA)","OSHA Hazard Information Bulletins - Hazard of Laser Surgery Smoke","KB-RECO-0137","https://www.osha.gov/laws-regs/standardinterpretations/1987-06-03","https://www.osha.gov/laws-regs/standardinterpretations/1987-06-03","","","","","",""
"P1","blocked_or_forbidden","403","1","www.osha.gov","Occupational Safety and Health Administration (OSHA)","OSHA Interpretation - Machine Guarding for Centrifuges","KB-RECO-0161","https://www.osha.gov/laws-regs/standardinterpretations/1993-04-20-0","https://www.osha.gov/laws-regs/standardinterpretations/1993-04-20-0","","","","","",""
"P1","blocked_or_forbidden","403","1","www.osha.gov","OSHA","1910.305 - Wiring methods, components, and equipment","KB-RECO-0321","https://www.osha.gov/laws-regs/regulations/standardnumber/1910/1910.305","https://www.osha.gov/laws-regs/regulations/standardnumber/1910/1910.305","","","","","",""
"P1","blocked_or_forbidden","403","1","www.osha.gov","Occupational Safety and Health Administration","Electrical Safety Related Work Practices","KB-PHASE4-0770","https://www.osha.gov/laws-regs/regulations/standardnumber/1910/1910.331","https://www.osha.gov/laws-regs/regulations/standardnumber/1910/1910.331","","","","","",""
"P1","blocked_or_forbidden","403","1","www.osha.gov","OSHA","1910.301 - Introduction to Electrical Standards","KB-RECO-0322","https://www.osha.gov/laws-regs/regulations/standardnumber/1910/1910.301","https://www.osha.gov/laws-regs/regulations/standardnumber/1910/1910.301","","","","","",""
"P1","blocked_or_forbidden","403","1","www.osha.gov","Occupational Safety and Health Administration","1910.146 - Permit-Required Confined Spaces","KB-PHASE4-0816","https://www.osha.gov/laws-regs/regulations/standardnumber/1910/1910.146","https://www.osha.gov/laws-regs/regulations/standardnumber/1910/1910.146","","","","","",""
"P1","blocked_or_forbidden","403","1","www.osha.gov","Occupational Safety and Health Administration (OSHA)","Guidelines for Pressure Vessel Safety Assessment","KB-RECO-0163","https://www.osha.gov/sites/default/files/enforcement/directives/PUB_8-1_5.pdf","https://www.osha.gov/sites/default/files/enforcement/directives/PUB_8-1_5.pdf","","","","","",""
"P1","blocked_or_forbidden","403","1","www.osha.gov","U.S. Occupational Safety and Health Administration (OSHA)","Training Marine Oil Spill Response Workers Under OSHA's HAZWOPER Standard (OSHA 3172)","KB-PHASE4-0020","https://www.osha.gov/sites/default/files/publications/OSHA3172.pdf","https://www.osha.gov/sites/default/files/publications/OSHA3172.pdf","","","","","",""
"P1","blocked_or_forbidden","403","1","www.osha.gov","Occupational Safety and Health Administration","1910.151 - Medical services and first aid","KB-PHASE4-0802","https://www.osha.gov/laws-regs/regulations/standardnumber/1910/1910.151","https://www.osha.gov/laws-regs/regulations/standardnumber/1910/1910.151","","","","","",""
"P1","blocked_or_forbidden","403","1","www.osha.gov","U.S. Occupational Safety and Health Administration","OSHA Temporary Worker Initiative","KB-RECO-0257","https://www.osha.gov/sites/default/files/publications/OSHA3780.pdf","https://www.osha.gov/sites/default/files/publications/OSHA3780.pdf","","","","","",""
"P1","blocked_or_forbidden","403","1","www.osha.gov","U.S. Occupational Safety and Health Administration (OSHA)","Process Safety Management for Small Businesses (OSHA 3908)","KB-PHASE4-0031","https://www.osha.gov/sites/default/files/publications/OSHA3908.pdf","https://www.osha.gov/sites/default/files/publications/OSHA3908.pdf","","","","","",""
"P1","blocked_or_forbidden","403","1","www.osha.gov","U.S. Occupational Safety and Health Administration (OSHA)","Process Safety Management for Storage Facilities (OSHA 3909)","KB-PHASE4-0053","https://www.osha.gov/sites/default/files/publications/OSHA3909.pdf","https://www.osha.gov/sites/default/files/publications/OSHA3909.pdf","","","","","",""
"P1","blocked_or_forbidden","403","1","www.osha.gov","U.S. Occupational Safety and Health Administration (OSHA)","Process Safety Management for Explosives and Pyrotechnics Manufacturing (OSHA 3912)","KB-PHASE4-0052","https://www.osha.gov/sites/default/files/publications/OSHA3912.pdf","https://www.osha.gov/sites/default/files/publications/OSHA3912.pdf","","","","","",""
"P1","blocked_or_forbidden","403","1","www.osha.gov","U.S. Occupational Safety and Health Administration (OSHA)","Process Safety Management for Petroleum Refineries (OSHA 3918)","KB-PHASE4-0051","https://www.osha.gov/sites/default/files/publications/OSHA3918.pdf","https://www.osha.gov/sites/default/files/publications/OSHA3918.pdf","","","","","",""
"P1","blocked_or_forbidden","403","1","www.osha.gov","OSHA","1910.332 - Training","KB-RECO-0320","https://www.osha.gov/laws-regs/regulations/standardnumber/1910/1910.332","https://www.osha.gov/laws-regs/regulations/standardnumber/1910/1910.332","","","","","",""
"P1","blocked_or_forbidden","403","1","www.osha.gov","Occupational Safety and Health Administration (OSHA)","OSHA Poultry Processing - Dry Ice Hazards","KB-RECO-0170","https://www.osha.gov/poultry-processing/hazards-solutions","https://www.osha.gov/poultry-processing/hazards-solutions","","","","","",""
"P1","blocked_or_forbidden","403","1","www.osha.gov","OSHA","OSHA Permit-Required Confined Space Standard 1910.146","KB-PHASE4-0589","https://www.osha.gov/laws-regs/standardinterpretations/1993-08-11","https://www.osha.gov/laws-regs/standardinterpretations/1993-08-11","","","","","",""
"P1","blocked_or_forbidden","403","1","www.osha.gov","U.S. Occupational Safety and Health Administration (OSHA)","Highly Hazardous Chemicals as it applies to flammable liquid from a stationary tank","KB-PHASE4-0037","https://www.osha.gov/laws-regs/standardinterpretations/1994-03-16","https://www.osha.gov/laws-regs/standardinterpretations/1994-03-16","","","","","",""
"P1","blocked_or_forbidden","403","1","www.osha.gov","U.S. Occupational Safety and Health Administration (OSHA)","OSHA Guide: Cadmium (OSHA 3136)","KB-PHASE4-0021","https://www.osha.gov/publications/3136-08R-2003-English","https://www.osha.gov/publications/3136-08R-2003-English","","","","","",""
"P1","blocked_or_forbidden","403","1","www.osha.gov","Occupational Safety and Health Administration (OSHA)","Preventing Fire and/or Explosion Injury from Small Lithium Battery Devices","KB-RECO-0155","https://www.osha.gov/publications/bytopic/battery-manufacturing","https://www.osha.gov/publications/bytopic/battery-manufacturing","","","","","",""
"P1","blocked_or_forbidden","403","1","www.osha.gov","U.S. Occupational Safety and Health Administration","OSHA Accident Report UCSD Laser Eye Injury","KB-RECO-0300","https://www.osha.gov/ords/imis/accidentsearch.accident_detail?id=201060068","https://www.osha.gov/ords/imis/accidentsearch.accident_detail?id=201060068","","","","","",""
"P1","blocked_or_forbidden","403","1","www.osha.gov","U.S. Occupational Safety and Health Administration (OSHA)","Metalworking Fluids: Safety and Health Best Practices Manual","KB-PHASE4-0028","https://www.osha.gov/metalworking-fluids/manual","https://www.osha.gov/metalworking-fluids/manual","","","","","",""
"P1","blocked_or_forbidden","403","1","www.osha.gov","U.S. Occupational Safety and Health Administration (OSHA)","Fertilizer Industry Guidance on Storage and Use of Ammonium Nitrate","KB-PHASE4-0013","https://www.osha.gov/memos/2014-02-10/fertilizer-industry","https://www.osha.gov/memos/2014-02-10/fertilizer-industry","","","","","",""
"P1","blocked_or_forbidden","403","1","www.osha.gov","Occupational Safety and Health Administration (OSHA)","OSHA Standards - 29 CFR 1910.219","KB-RECO-0162","https://www.osha.gov/machine-guarding/standards","https://www.osha.gov/machine-guarding/standards","","","","","",""
"P1","blocked_or_forbidden","403","1","www.osha.gov","U.S. Occupational Safety and Health Administration (OSHA)","Classifying cloth-like wipes saturated with a hazardous solution under OSHA's Hazard Communication standard","KB-PHASE4-0038","https://www.osha.gov/laws-regs/standardinterpretations/2021-04-23","https://www.osha.gov/laws-regs/standardinterpretations/2021-04-23","","","","","",""
"P1","blocked_or_forbidden","403","1","www.osha.gov","U.S. Occupational Safety and Health Administration (OSHA)","HCS listing of occupational exposure limits (OELs) in section 8 on a safety data sheet","KB-PHASE4-0049","https://www.osha.gov/laws-regs/standardinterpretations/2021-03-30","https://www.osha.gov/laws-regs/standardinterpretations/2021-03-30","","","","","",""
"P1","blocked_or_forbidden","403","1","www.osha.gov","U.S. Occupational Safety and Health Administration (OSHA)","The Use of Open Containers in Transporting Corrosive Chemicals (HIB)","KB-PHASE4-0070","https://www.osha.gov/publications/hib19890523","https://www.osha.gov/publications/hib19890523","","","","","",""
"P1","blocked_or_forbidden","403","1","www.osha.gov","U.S. Occupational Safety and Health Administration (OSHA)","Clarification to the disclosure of chemical ingredients in SDS sections 3 and 8","KB-PHASE4-0035","https://www.osha.gov/laws-regs/standardinterpretations/2020-10-28","https://www.osha.gov/laws-regs/standardinterpretations/2020-10-28","","","","","",""
"P1","blocked_or_forbidden","403","1","www.osha.gov","U.S. Occupational Safety and Health Administration (OSHA)","Labeling outer containers of chemical cleaning products while in storage","KB-PHASE4-0030","https://www.osha.gov/laws-regs/standardinterpretations/2017-05-05","https://www.osha.gov/laws-regs/standardinterpretations/2017-05-05","","","","","",""
"P1","blocked_or_forbidden","403","1","www.osha.gov","U.S. Occupational Safety and Health Administration (OSHA)","Hazard Communication Standard's (HCS 2012) June 1, 2016 effective date","KB-PHASE4-0046","https://www.osha.gov/laws-regs/standardinterpretations/2017-03-23-2","https://www.osha.gov/laws-regs/standardinterpretations/2017-03-23-2","","","","","",""
"P1","blocked_or_forbidden","403","1","www.osha.gov","OSHA","OSHA Interpretation - Labeling of Secondary Containers","KB-PHASE4-0623","https://www.osha.gov/laws-regs/standardinterpretations/2015-09-03-0","https://www.osha.gov/laws-regs/standardinterpretations/2015-09-03-0","","","","","",""
"P1","blocked_or_forbidden","403","1","www.osha.gov","U.S. Occupational Safety and Health Administration (OSHA)","Process Safety Management - Overview","KB-PHASE4-0015","https://www.osha.gov/process-safety-management","https://www.osha.gov/process-safety-management","","","","","",""
"P1","blocked_or_forbidden","403","1","www.osha.gov","U.S. Occupational Safety and Health Administration (OSHA)","OSHA Hazard Information Bulletin: Use of Hydrofluoric Acid in the Petroleum Refining Alkylation Process","KB-PHASE4-0011","https://www.osha.gov/publications/hib19931119","https://www.osha.gov/publications/hib19931119","","","","","",""
"P1","blocked_or_forbidden","403","1","www.osha.gov","OSHA (Occupational Safety and Health Administration)","Hazardous Waste Container Management","KB-RECO-0405","https://www.osha.gov/laws-regs/standardinterpretations/2010-12-20-0","https://www.osha.gov/laws-regs/standardinterpretations/2010-12-20-0","","","","","",""
"P1","blocked_or_forbidden","403","1","www.osha.gov","OSHA","OSHA Lockout/Tagout Standard 1910.147","KB-PHASE4-0590","https://www.osha.gov/laws-regs/standardinterpretations/2010-11-30","https://www.osha.gov/laws-regs/standardinterpretations/2010-11-30","","","","","",""
"P1","blocked_or_forbidden","403","1","www.osha.gov","U.S. Occupational Safety and Health Administration (OSHA)","Clearing Piping Systems with Natural Gas","KB-PHASE4-0055","https://www.osha.gov/laws-regs/standardinterpretations/2010-08-27","https://www.osha.gov/laws-regs/standardinterpretations/2010-08-27","","","","","",""
"P1","blocked_or_forbidden","403","1","www.osha.gov","Occupational Safety and Health Administration (OSHA)","OSHA Interpretation - Extension Cord Repair","KB-RECO-0156","https://www.osha.gov/laws-regs/standardinterpretations/2010-04-12","https://www.osha.gov/laws-regs/standardinterpretations/2010-04-12","","","","","",""
"P1","blocked_or_forbidden","403","1","www.osha.gov","U.S. Occupational Safety and Health Administration (OSHA)","Requirement to provide accessible quick drenching and flushing facilities where there is exposure to corrosive materials","KB-PHASE4-0012","https://www.osha.gov/laws-regs/standardinterpretations/2007-02-27","https://www.osha.gov/laws-regs/standardinterpretations/2007-02-27","","","","","",""
"P1","blocked_or_forbidden","403","1","www.osha.gov","U.S. Occupational Safety and Health Administration (OSHA)","Fixed industrial stair requirements for access to secondary containment structures surrounding bulk chemical storage tanks","KB-PHASE4-0040","https://www.osha.gov/laws-regs/standardinterpretations/2003-12-10","https://www.osha.gov/laws-regs/standardinterpretations/2003-12-10","","","","","",""
"P1","blocked_or_forbidden","403","1","www.osha.gov","U.S. Occupational Safety and Health Administration (OSHA)","Storage of flammable liquids and corrosives in the same cabinet","KB-PHASE4-0029","https://www.osha.gov/laws-regs/standardinterpretations/2001-03-23-0","https://www.osha.gov/laws-regs/standardinterpretations/2001-03-23-0","","","","","",""
"P1","blocked_or_forbidden","403","1","www.osha.gov","U.S. Occupational Safety and Health Administration (OSHA)","Applicability of the PSM standard to a flammable liquid manufacturing process","KB-PHASE4-0036","https://www.osha.gov/laws-regs/standardinterpretations/1999-07-09","https://www.osha.gov/laws-regs/standardinterpretations/1999-07-09","","","","","",""
"P1","blocked_or_forbidden","403","1","www.osha.gov","U.S. Occupational Safety and Health Administration (OSHA)","Water-Reactive Chemicals, Hazardous Materials Not Covered Under 29 CFR 1910.119","KB-PHASE4-0004","https://www.osha.gov/publications/hib19960703","https://www.osha.gov/publications/hib19960703","","","","","",""
"P1","blocked_or_forbidden","403","1","www.osha.gov","U.S. Occupational Safety and Health Administration (OSHA)","Transitioning to Safer Chemicals: A Toolkit for Employers and Workers","KB-PHASE4-0067","https://www.osha.gov/safer-chemicals","https://www.osha.gov/safer-chemicals","","","","","",""
"P1","blocked_or_forbidden","403","1","www.osha.gov","OSHA (Occupational Safety and Health Administration)","Fire Protection and Prevention","KB-RECO-0419","https://www.osha.gov/sites/default/files/2019-03/fireprotection.pdf","https://www.osha.gov/sites/default/files/2019-03/fireprotection.pdf","","","","","",""
"P1","blocked_or_forbidden","403","1","www.osha.gov","U.S. Occupational Safety and Health Administration","OSHA Job Hazard Analysis Worksheet","KB-RECO-0247","https://www.osha.gov/sites/default/files/Job_Hazard_Analysis_Worksheet.pdf","https://www.osha.gov/sites/default/files/Job_Hazard_Analysis_Worksheet.pdf","","","","","",""
"P1","blocked_or_forbidden","403","1","www.osha.gov","U.S. Occupational Safety and Health Administration","OSHA Job Hazard Analysis Training","KB-RECO-0218","https://www.osha.gov/sites/default/files/activities_jha_training.pptx","https://www.osha.gov/sites/default/files/activities_jha_training.pptx","","","","","",""
"P1","blocked_or_forbidden","403","1","www.osha.gov","U.S. Occupational Safety and Health Administration (OSHA)","CPSC versus HCS 2012 labeling requirements","KB-PHASE4-0039","https://www.osha.gov/laws-regs/standardinterpretations/2014-05-12","https://www.osha.gov/laws-regs/standardinterpretations/2014-05-12","","","","","",""
"P1","blocked_or_forbidden","403","1","www.osha.gov","U.S. Occupational Safety and Health Administration","OSHA Accident Report UCLA Laboratory Fire","KB-RECO-0299","https://www.osha.gov/ords/imis/accidentsearch.accident_detail?id=202541223","https://www.osha.gov/ords/imis/accidentsearch.accident_detail?id=202541223","","","","","",""
"P1","blocked_or_forbidden","403","1","www.osha.gov","U.S. Occupational Safety and Health Administration","OSHA Chemical Sampling Information - 氧气(Oxygen)","KB-CHEM2-0026","https://www.osha.gov/chemicaldata/420","https://www.osha.gov/chemicaldata/420","","","","","",""
"P1","blocked_or_forbidden","403","1","www.osha.gov","U.S. Occupational Safety and Health Administration (OSHA)","Toluene - Occupational Exposure Limits","KB-PHASE4-0007","https://www.osha.gov/toluene/occupational-exposure-limits","https://www.osha.gov/toluene/occupational-exposure-limits","","","","","",""
"P1","blocked_or_forbidden","403","1","www.osha.gov","U.S. Occupational Safety and Health Administration","OSHA Chemical Sampling Information - 氢氧化钠(Sodium Hydroxide)","KB-CHEM2-0006","https://www.osha.gov/chemicaldata/528","https://www.osha.gov/chemicaldata/528","","","","","",""
"P1","blocked_or_forbidden","403","1","www.osha.gov","U.S. Occupational Safety and Health Administration","OSHA Chemical Sampling Information - 氢氧化钾(Potassium Hydroxide)","KB-CHEM2-0007","https://www.osha.gov/chemicaldata/446","https://www.osha.gov/chemicaldata/446","","","","","",""
"P1","blocked_or_forbidden","403","1","www.osha.gov","U.S. Occupational Safety and Health Administration","OSHA Chemical Sampling Information - 高氯酸(Perchloric Acid)","KB-CHEM2-0005","https://www.osha.gov/chemicaldata/443","https://www.osha.gov/chemicaldata/443","","","","","",""
"P1","blocked_or_forbidden","403","1","www.osha.gov","U.S. Occupational Safety and Health Administration","OSHA Chemical Sampling Information - 氨水(Ammonium Hydroxide)","KB-CHEM2-0008","https://www.osha.gov/chemicaldata/33","https://www.osha.gov/chemicaldata/33","","","","","",""
"P1","blocked_or_forbidden","403","1","www.osha.gov","U.S. Occupational Safety and Health Administration","OSHA Chemical Sampling Information - 氢气(Hydrogen)","KB-CHEM2-0025","https://www.osha.gov/chemicaldata/252","https://www.osha.gov/chemicaldata/252","","","","","",""
"P1","blocked_or_forbidden","403","1","www.osha.gov","U.S. Occupational Safety and Health Administration","OSHA Chemical Sampling Information - 氢氟酸(Hydrofluoric Acid)","KB-CHEM2-0004","https://www.osha.gov/chemicaldata/196","https://www.osha.gov/chemicaldata/196","","","","","",""
"P1","blocked_or_forbidden","403","1","www.osha.gov","U.S. Occupational Safety and Health Administration","OSHA Chemical Sampling Information - 盐酸(Hydrochloric Acid)","KB-CHEM2-0002","https://www.osha.gov/chemicaldata/192","https://www.osha.gov/chemicaldata/192","","","","","",""
"P1","blocked_or_forbidden","403","1","www.osha.gov","U.S. Occupational Safety and Health Administration","OSHA Chemical Sampling Information - 二氯甲烷(Dichloromethane)","KB-CHEM2-0017","https://www.osha.gov/chemicaldata/168","https://www.osha.gov/chemicaldata/168","","","","","",""
"P1","blocked_or_forbidden","403","1","www.osha.gov","U.S. Occupational Safety and Health Administration","OSHA Chemical Sampling Information - 铬酸(Chromic Acid)","KB-CHEM2-0024","https://www.osha.gov/chemicaldata/116","https://www.osha.gov/chemicaldata/116","","","","","",""
"P1","blocked_or_forbidden","403","1","www.osha.gov","U.S. Occupational Safety and Health Administration (OSHA)","Chemical Reactivity Hazards - Hazards Recognition","KB-PHASE4-0002","https://www.osha.gov/chemical-reactivity/hazards","https://www.osha.gov/chemical-reactivity/hazards","","","","","",""
"P1","blocked_or_forbidden","403","1","www.osha.gov","U.S. Occupational Safety and Health Administration (OSHA)","Chemical Reactivity Hazards - Control and Prevention","KB-PHASE4-0003","https://www.osha.gov/chemical-reactivity/control-prevention","https://www.osha.gov/chemical-reactivity/control-prevention","","","","","",""
"P1","blocked_or_forbidden","403","1","www.osha.gov","U.S. Occupational Safety and Health Administration (OSHA)","Chemical Reactivity Hazards - Overview","KB-PHASE4-0001","https://www.osha.gov/chemical-reactivity","https://www.osha.gov/chemical-reactivity","","","","","",""
"P1","blocked_or_forbidden","403","1","www.osha.gov","U.S. Occupational Safety and Health Administration (OSHA)","Coal Tar Pitch Volatiles - Possible Solutions","KB-PHASE4-0027","https://www.osha.gov/coal-tar-pitch-volatiles/solutions","https://www.osha.gov/coal-tar-pitch-volatiles/solutions","","","","","",""
"P1","blocked_or_forbidden","403","1","www.osha.gov","U.S. Occupational Safety and Health Administration (OSHA)","Chemical Hazards - Additional Resources","KB-PHASE4-0068","https://www.osha.gov/chemical-hazards/resources","https://www.osha.gov/chemical-hazards/resources","","","","","",""
"P1","blocked_or_forbidden","403","1","www.osha.gov","U.S. Occupational Safety and Health Administration (OSHA)","Chemical Hazards and Toxic Substances - Overview","KB-PHASE4-0019","https://www.osha.gov/chemical-hazards","https://www.osha.gov/chemical-hazards","","","","","",""
"P1","blocked_or_forbidden","403","1","www.osha.gov","U.S. Occupational Safety and Health Administration (OSHA)","Executive Order 13650: Improving Chemical Facility Safety and Security","KB-PHASE4-0069","https://www.osha.gov/chemical-executive-order","https://www.osha.gov/chemical-executive-order","","","","","",""
"P1","blocked_or_forbidden","403","1","www.osha.gov","U.S. Occupational Safety and Health Administration (OSHA)","Beryllium - Frequently Asked Questions","KB-PHASE4-0008","https://www.osha.gov/beryllium/faqs","https://www.osha.gov/beryllium/faqs","","","","","",""
"P1","blocked_or_forbidden","403","1","www.osha.gov","U.S. Occupational Safety and Health Administration (OSHA)","Benzene - Safety and Health Topics","KB-PHASE4-0065","https://www.osha.gov/benzene","https://www.osha.gov/benzene","","","","","",""
"P1","blocked_or_forbidden","403","1","www.osha.gov","U.S. Occupational Safety and Health Administration (OSHA)","Asbestos - Safety and Health Topics","KB-PHASE4-0064","https://www.osha.gov/asbestos","https://www.osha.gov/asbestos","","","","","",""
"P1","blocked_or_forbidden","403","1","www.osha.gov","U.S. Occupational Safety and Health Administration (OSHA)","Arsenic - Safety and Health Topics","KB-PHASE4-0063","https://www.osha.gov/arsenic","https://www.osha.gov/arsenic","","","","","",""
"P1","blocked_or_forbidden","403","1","www.osha.gov","U.S. Occupational Safety and Health Administration","OSHA Sulfuric Acid","KB-CHEM2-0001","https://www.osha.gov/SLTC/sulfuricacid/","https://www.osha.gov/SLTC/sulfuricacid/","","","","","",""
"P1","blocked_or_forbidden","403","1","www.osha.gov","U.S. Occupational Safety and Health Administration (OSHA)","1-Bromopropane - Safety and Health Topics","KB-PHASE4-0066","https://www.osha.gov/1-bromopropane","https://www.osha.gov/1-bromopropane","","","","","",""
"P1","blocked_or_forbidden","403","1","www.osha.gov","U.S. Occupational Safety and Health Administration","OSHA Young Workers Employer Responsibilities","KB-RECO-0259","https://www.osha.gov/young-workers/employer-responsibilities","https://www.osha.gov/young-workers/employer-responsibilities","","","","","",""
"P1","blocked_or_forbidden","403","1","www.osha.gov","U.S. Occupational Safety and Health Administration (OSHA)","Laboratory Safety - Chemical Hygiene Plan (OSHA Fact Sheet)","KB-PHASE4-0043","https://www.osha.gov/sites/default/files/publications/OSHAfactsheet-laboratory-safety-chemical-hygiene-plan.pdf","https://www.osha.gov/sites/default/files/publications/OSHAfactsheet-laboratory-safety-chemical-hygiene-plan.pdf","","","","","",""
"P1","blocked_or_forbidden","403","1","www.osha.gov","U.S. Occupational Safety and Health Administration (OSHA)","The Use of Metrics in Process Safety Management (PSM) Facilities","KB-PHASE4-0056","https://www.osha.gov/sites/default/files/publications/OSHAfactsheet-metrics-in-psm.pdf","https://www.osha.gov/sites/default/files/publications/OSHAfactsheet-metrics-in-psm.pdf","","","","","",""
"P1","blocked_or_forbidden","403","1","www.osha.gov","U.S. Occupational Safety and Health Administration (OSHA)","Laboratory Safety - Labeling and Transfer of Chemicals (OSHA QuickFacts)","KB-PHASE4-0045","https://www.osha.gov/sites/default/files/publications/OSHAquickfacts-lab-safety-labeling-chemical-transfer.pdf","https://www.osha.gov/sites/default/files/publications/OSHAquickfacts-lab-safety-labeling-chemical-transfer.pdf","","","","","",""
"P1","blocked_or_forbidden","403","1","www.osha.gov","U.S. Occupational Safety and Health Administration (OSHA)","Chemical Hazards and Toxic Substances - Controlling Exposure","KB-PHASE4-0072","https://www.osha.gov/chemical-hazards/controlling-exposure","https://www.osha.gov/chemical-hazards/controlling-exposure","","","","","",""
"P1","blocked_or_forbidden","403","1","www.osha.gov","OSHA","OSHA On-site Consultation Program","KB-PHASE4-0714","https://www.osha.gov/consultation","https://www.osha.gov/consultation","","","","","",""
"P1","blocked_or_forbidden","403","1","www.osha.gov","U.S. Occupational Safety and Health Administration","OSHA Chemical Sampling Information - 硝酸(Nitric Acid)","KB-CHEM2-0003","https://www.osha.gov/chemicaldata/386","https://www.osha.gov/chemicaldata/386","","","","","",""
"P1","blocked_or_forbidden","403","1","www.osha.gov","Occupational Safety and Health Administration (OSHA)","Process Safety Management - Mechanical Integrity","KB-RECO-0164","https://www.osha.gov/enforcement/directives/cpl-02-02-045","https://www.osha.gov/enforcement/directives/cpl-02-02-045","","","","","",""
"P1","blocked_or_forbidden","403","1","www.osha.gov","U.S. Occupational Safety and Health Administration (OSHA)","1910.119 - Process safety management of highly hazardous chemicals","KB-PHASE4-0014","https://www.osha.gov/laws-regs/regulations/standardnumber/1910/1910.119","https://www.osha.gov/laws-regs/regulations/standardnumber/1910/1910.119","","","","","",""
"P1","blocked_or_forbidden","403","1","www.osha.gov","U.S. Occupational Safety and Health Administration (OSHA)","PSM of Highly Hazardous Chemicals Fact Sheet","KB-PHASE4-0050","https://www.osha.gov/sites/default/files/publications/highly-hazardous-chemicals-factsheet.pdf","https://www.osha.gov/sites/default/files/publications/highly-hazardous-chemicals-factsheet.pdf","","","","","",""
"P1","blocked_or_forbidden","403","1","www.osha.gov","OSHA","1910.1048 - Occupational exposure to formaldehyde","KB-RECO-0365","https://www.osha.gov/laws-regs/regulations/standardnumber/1910/1910.1048","https://www.osha.gov/laws-regs/regulations/standardnumber/1910/1910.1048","","","","","",""
"P1","blocked_or_forbidden","403","1","www.osha.gov","U.S. Occupational Safety and Health Administration (OSHA)","1910.1000 - Air contaminants","KB-PHASE4-0009","https://www.osha.gov/laws-regs/regulations/standardnumber/1910/1910.1000","https://www.osha.gov/laws-regs/regulations/standardnumber/1910/1910.1000","","","","","",""
"P1","blocked_or_forbidden","403","1","www.osha.gov","Occupational Safety and Health Administration","29 CFR 1904 - Recording and Reporting Occupational Injuries and Illnesses","KB-PHASE4-0806","https://www.osha.gov/laws-regs/regulations/standardnumber/1904/1904.39","https://www.osha.gov/laws-regs/regulations/standardnumber/1904/1904.39","","","","","",""
"P1","blocked_or_forbidden","403","1","www.osha.gov","U.S. Occupational Safety and Health Administration (OSHA)","Lowering Miners' Exposure to Respirable Crystalline Silica Proposed Rule","KB-PHASE4-0026","https://www.osha.gov/laws-regs/federalregister/2023-07-13","https://www.osha.gov/laws-regs/federalregister/2023-07-13","","","","","",""
"P1","blocked_or_forbidden","403","1","www.osha.gov","U.S. Occupational Safety and Health Administration (OSHA)","Process Safety Management (PSM); Stakeholder Meeting Notice","KB-PHASE4-0071","https://www.osha.gov/laws-regs/federalregister/2022-08-30","https://www.osha.gov/laws-regs/federalregister/2022-08-30","","","","","",""
"P1","blocked_or_forbidden","403","1","www.osha.gov","U.S. Occupational Safety and Health Administration (OSHA)","Advance Notice of Proposed Rule Making - Blood Lead Level for Medical Removal","KB-PHASE4-0022","https://www.osha.gov/laws-regs/federalregister/2022-06-28","https://www.osha.gov/laws-regs/federalregister/2022-06-28","","","","","",""
"P1","blocked_or_forbidden","403","1","www.osha.gov","U.S. Occupational Safety and Health Administration (OSHA)","Diacetyl - Safety and Health Topics","KB-PHASE4-0062","https://www.osha.gov/diacetyl","https://www.osha.gov/diacetyl","","","","","",""
"P1","blocked_or_forbidden","403","1","www.osha.gov","U.S. Occupational Safety and Health Administration (OSHA)","Occupational Exposure to 1,3-Butadiene Final Rule","KB-PHASE4-0024","https://www.osha.gov/laws-regs/federalregister/1996-11-04","https://www.osha.gov/laws-regs/federalregister/1996-11-04","","","","","",""
"P1","blocked_or_forbidden","403","1","www.osha.gov","U.S. Occupational Safety and Health Administration (OSHA)","Occupational Exposure to 4,4' Methylenedianiline (MDA) Final Rule","KB-PHASE4-0025","https://www.osha.gov/laws-regs/federalregister/1992-08-10","https://www.osha.gov/laws-regs/federalregister/1992-08-10","","","","","",""
"P1","blocked_or_forbidden","403","1","www.osha.gov","U.S. Occupational Safety and Health Administration (OSHA)","Laboratories - Overview","KB-PHASE4-0006","https://www.osha.gov/laboratories","https://www.osha.gov/laboratories","","","","","",""
"P1","blocked_or_forbidden","403","1","www.osha.gov","U.S. Occupational Safety and Health Administration (OSHA)","Isocyanates - Safety and Health Topics","KB-PHASE4-0061","https://www.osha.gov/isocyanates","https://www.osha.gov/isocyanates","","","","","",""
"P1","blocked_or_forbidden","403","1","www.osha.gov","U.S. Occupational Safety and Health Administration (OSHA)","Hydrogen Sulfide - Safety and Health Topics","KB-PHASE4-0057","https://www.osha.gov/hydrogen-sulfide","https://www.osha.gov/hydrogen-sulfide","","","","","",""
"P1","blocked_or_forbidden","403","1","www.osha.gov","U.S. Occupational Safety and Health Administration (OSHA)","Occupational Exposure to Methylene Chloride Final Rule","KB-PHASE4-0023","https://www.osha.gov/laws-regs/federalregister/1997-01-10","https://www.osha.gov/laws-regs/federalregister/1997-01-10","","","","","",""
"P1","blocked_or_forbidden","403","1","www.osha.gov","U.S. Occupational Safety and Health Administration (OSHA)","Guidance for Hazard Determination","KB-PHASE4-0033","https://www.osha.gov/hazcom/ghd053107","https://www.osha.gov/hazcom/ghd053107","","","","","",""
"P1","blocked_or_forbidden","403","1","www.osha.gov","U.S. Occupational Safety and Health Administration (OSHA)","PSM Covered Chemical Facilities National Emphasis Program (CPL 03-00-021)","KB-PHASE4-0054","https://www.osha.gov/enforcement/directives/cpl-03-00-021","https://www.osha.gov/enforcement/directives/cpl-03-00-021","","","","","",""
"P1","blocked_or_forbidden","403","1","www.osha.gov","U.S. Occupational Safety and Health Administration (OSHA)","Ethylene Oxide - Safety and Health Topics","KB-PHASE4-0060","https://www.osha.gov/ethylene-oxide","https://www.osha.gov/ethylene-oxide","","","","","",""
"P1","blocked_or_forbidden","403","1","www.osha.gov","U.S. Occupational Safety and Health Administration (OSHA)","eTools : Ammonia Refrigeration","KB-PHASE4-0017","https://www.osha.gov/etools/ammonia-refrigeration","https://www.osha.gov/etools/ammonia-refrigeration","","","","","",""
"P1","blocked_or_forbidden","403","1","www.osha.gov","U.S. Occupational Safety and Health Administration (OSHA)","Hexavalent Chromium - Safety and Health Topics","KB-PHASE4-0058","https://www.osha.gov/hexavalent-chromium","https://www.osha.gov/hexavalent-chromium","","","","","",""
"P1","blocked_or_forbidden","403","1","www.osha.gov","U.S. Occupational Safety and Health Administration (OSHA)","Ammonia Refrigeration - Emergency Response","KB-PHASE4-0018","https://www.osha.gov/etools/ammonia-refrigeration/emergency-response","https://www.osha.gov/etools/ammonia-refrigeration/emergency-response","","","","","",""
"P1","blocked_or_forbidden","403","1","www.osha.gov","U.S. Occupational Safety and Health Administration (OSHA)","Laboratory Safety - Chemical Fume Hoods (OSHA QuickFacts 3407)","KB-PHASE4-0044","https://www.osha.gov/sites/default/files/publications/OSHAquickfacts-lab-safety-chemical-fume-hoods.pdf","https://www.osha.gov/sites/default/files/publications/OSHAquickfacts-lab-safety-chemical-fume-hoods.pdf","","","","","",""
"P1","blocked_or_forbidden","403","1","www.osha.gov","U.S. Occupational Safety and Health Administration (OSHA)","Ammonia Refrigeration - Receiving and Storage","KB-PHASE4-0048","https://www.osha.gov/etools/ammonia-refrigeration/receiving-storage","https://www.osha.gov/etools/ammonia-refrigeration/receiving-storage","","","","","",""
"P1","blocked_or_forbidden","403","1","www.osha.gov","Occupational Safety and Health Administration (OSHA)","Electrical - Green Job Hazards","KB-RECO-0143","https://www.osha.gov/green-jobs/solar/electrical","https://www.osha.gov/green-jobs/solar/electrical","","","","","",""
"P1","blocked_or_forbidden","403","1","www.osha.gov","U.S. Occupational Safety and Health Administration (OSHA)","Green Job Hazards - Biofuels: Chemical Reactivity Hazards","KB-PHASE4-0032","https://www.osha.gov/green-jobs/biofuels/chemical","https://www.osha.gov/green-jobs/biofuels/chemical","","","","","",""
"P1","blocked_or_forbidden","403","1","www.osha.gov","Occupational Safety and Health Administration (OSHA)","OSHA Electrical Safety eTool - First Aid","KB-RECO-0185","https://www.osha.gov/etools/construction/electrical-incidents","https://www.osha.gov/etools/construction/electrical-incidents","","","","","",""
"P1","blocked_or_forbidden","403","1","www.osha.gov","U.S. Occupational Safety and Health Administration (OSHA)","Ammonia Refrigeration - General Safety","KB-PHASE4-0047","https://www.osha.gov/etools/ammonia-refrigeration/general-safety","https://www.osha.gov/etools/ammonia-refrigeration/general-safety","","","","","",""
"P2","network_error","200","6","www.cernet.edu.cn","中国教育和科研计算机网;教育部/北京大学医学部","高等学校实验室安全规范（教育部）","WEB-010-001;WEB-010-002;WEB-010-003;WEB-010-004;WEB-010-005","https://www.cernet.edu.cn/ke_yan_yu_fa_zhan/gai_kuang/xin_wen_gong_gao/202302/t20230221_2301697.shtml","https://www.cernet.edu.cn/ke_yan_yu_fa_zhan/gai_kuang/xin_wen_gong_gao/202302/t20230221_2301697.shtml","ConnectionError: HTTPSConnectionPool(host='www.cernet.edu.cn', port=443): Read timed out.","","","","",""
"P2","blocked_or_forbidden","403","4","manualmachine.com","PerkinElmer","PerkinElmer TGA 4000 Safety Precautions","KB-PHASE4-0538;KB-PHASE4-0539;KB-PHASE4-0540;KB-PHASE4-0545","https://manualmachine.com/perkinelmer/tga4000/2520538-user-manual/","https://manualmachine.com/perkinelmer/tga4000/2520538-user-manual/","","","","","",""
"P2","blocked_or_forbidden","403","4","www.metrohm.com","Metrohm AG","Metrohm Ion Chromatography Safety - Eluent Handling","KB-RECO-0069;KB-RECO-0070;KB-RECO-0071;KB-RECO-0072","https://www.metrohm.com/en/products/ion-chromatography/usp-monographs-using-ion-chromatography.html","https://www.metrohm.com/en/products/ion-chromatography/usp-monographs-using-ion-chromatography.html","","","","","",""
"P2","network_error","","3","makesafetyeasy.com","OSHA/NFPA;OSHA/NFPA参考","Chemical Storage Safety Guide","KB-PHASE4-0309;KB-PHASE4-0347;KB-PHASE4-0348","https://makesafetyeasy.com/blog/chemical-storage-safety-guide","","ReadTimeout: HTTPSConnectionPool(host='makesafetyeasy.com', port=443): Read timed out. (read timeout=15)","","","","",""
"P2","blocked_or_forbidden","403","3","www.tainstruments.com","TA Instruments","TA Instruments DSC Temperature Range -180°C to 550°C Safety","KB-RECO-0062;KB-RECO-0063;KB-RECO-0064","https://www.tainstruments.com/applications/pharmaceuticals/","https://www.tainstruments.com/applications/pharmaceuticals/","","","","","",""
"P2","blocked_or_forbidden","403","2","pubs.acs.org","American Chemical Society","ACS Committee on Chemical Safety - Hazard Assessment","KB-RECO-0249;KB-RECO-0251","https://pubs.acs.org/doi/10.1021/acs.jchemed.5b00511","https://pubs.acs.org/doi/10.1021/acs.jchemed.5b00511","","","","","",""
"P2","blocked_or_forbidden","403","2","www.mdpi.com","MDPI Journal;MDPI Journal / ACGIH","Worker Safety in High-Field NMR Spectroscopy Laboratories","KB-PHASE4-0503;KB-PHASE4-0512","https://www.mdpi.com/2076-3298/12/4/113","https://www.mdpi.com/2076-3298/12/4/113","","","","","",""
"P2","blocked_or_forbidden","403","2","www.metrohm.com","Metrohm","930 Compact IC Flex Manual","KB-PHASE4-0558;KB-PHASE4-0559","https://www.metrohm.com/content/dam/metrohm/shared/documents/manuals/89/89308001EN.pdf","https://www.metrohm.com/content/dam/metrohm/shared/documents/manuals/89/89308001EN.pdf","","","","","",""
"P2","blocked_or_forbidden","403","2","www.safety.admin.cam.ac.uk","University of Cambridge Safety Office","Electromagnetic Fields Safety Guidelines","KB-PHASE4-0494;KB-PHASE4-0506","https://www.safety.admin.cam.ac.uk/subjects/radiation/non-ionising-radiation/electromagnetic-fields","https://www.safety.admin.cam.ac.uk/subjects/radiation/non-ionising-radiation/electromagnetic-fields","","","","","",""
"P2","blocked_or_forbidden","403","2","www.tainstruments.com","TA Instruments","TA Instruments - Battery Thermal Stability and Off-Gas Analysis","KB-PHASE4-0541;KB-PHASE4-0544","https://www.tainstruments.com/how-to-enhance-battery-safety-by-evaluating-materials-thermal-stability-blog/","https://www.tainstruments.com/how-to-enhance-battery-safety-by-evaluating-materials-thermal-stability-blog/","","","","","",""
"P2","blocked_or_forbidden","403","2","www.tainstruments.com","TA Instruments","TA Instruments DSC Application Note - High Pressure Crucible Safety","KB-RECO-0059;KB-RECO-0060","https://www.tainstruments.com/precision-testing-for-energetic-materials-and-propellants-how-ta-instruments-powers-safety-stability-and-performance-blog/","https://www.tainstruments.com/precision-testing-for-energetic-materials-and-propellants-how-ta-instruments-powers-safety-stability-and-performance-blog/","","","","","",""
"P2","blocked_or_forbidden","403","2","www.tainstruments.com","TA Instruments","Safety Evaluation of Li-ion Battery Materials Using DSC","KB-PHASE4-0542;KB-PHASE4-0543","https://www.tainstruments.com/applications-notes/safety-evaluation-of-lithium-ion-battery-cathode-and-anode-materials-using-differential-scanning-calorimetry/","https://www.tainstruments.com/applications-notes/safety-evaluation-of-lithium-ion-battery-cathode-and-anode-materials-using-differential-scanning-calorimetry/","","","","","",""
"P2","blocked_or_forbidden","403","2","www.waters.com","Waters Corporation","Waters HPLC Purification Solvent Management","KB-PHASE4-0441;KB-PHASE4-0473","https://www.waters.com/nextgen/us/en/products/chromatography/chromatography-pumps-components-and-Accessories/purification-solvent-management.html","https://www.waters.com/nextgen/us/en/products/chromatography/chromatography-pumps-components-and-Accessories/purification-solvent-management.html","","","","","",""
"P2","blocked_or_forbidden","403","1","coactionspecialty.safetynow.com","Cornell Law School (29 CFR Reference)","Chemical Compatibility Storage Guidelines","KB-PHASE4-0372","https://coactionspecialty.safetynow.com/chemical-compatibility-storage-guidelines-quick-tips/","https://coactionspecialty.safetynow.com/chemical-compatibility-storage-guidelines-quick-tips/","","","","","",""
"P2","blocked_or_forbidden","403","1","dehs.umn.edu","University of Minnesota DEHS","Biological Safety Cabinets","WEBX-048-001","https://dehs.umn.edu/biological-safety-cabinets","https://dehs.umn.edu/biological-safety-cabinets","","","","","",""
"P2","blocked_or_forbidden","403","1","ehs.princeton.edu","Princeton Environmental Health and Safety","Princeton Chemical Waste Management","EXT-PRINCETON-CHEM-WASTE-001-cfd17551d3","https://ehs.princeton.edu/laboratory-research/chemical-waste-management","https://ehs.princeton.edu/laboratory-research/chemical-waste-management","","","","","",""
"P2","blocked_or_forbidden","429","1","ir.bruker.com","Bruker Corporation","Bruker Advances Magnet Technology for Broader Adoption of NMR","KB-PHASE4-0504","https://ir.bruker.com/press-releases/press-release-details/2024/Bruker-Advances-Magnet-Technology-for-Broader-Adoption-of-NMR-in-Academic-and-Biopharma-Research-and-Process-Analytical-Technologies/default.aspx","https://ir.bruker.com/press-releases/press-release-details/2024/Bruker-Advances-Magnet-Technology-for-Broader-Adoption-of-NMR-in-Academic-and-Biopharma-Research-and-Process-Analytical-Technologies/default.aspx","","","","","",""
"P2","blocked_or_forbidden","403","1","pubs.acs.org","American Chemical Society (Journal of Chemical Health & Safety)","Safety Culture and Safety Compliance in Academic Laboratories","KB-RECO-0296","https://pubs.acs.org/doi/10.1016/j.jchas.2018.05.002","https://pubs.acs.org/doi/10.1016/j.jchas.2018.05.002","","","","","",""
"P2","blocked_or_forbidden","403","1","radiology.ucsf.edu","UCSF Radiology","Access Restriction - MRI Safety Guidelines","KB-PHASE4-0507","https://radiology.ucsf.edu/patient-care/patient-safety/mri-safety-guidelines/access-restriction","https://radiology.ucsf.edu/patient-care/patient-safety/mri-safety-guidelines/access-restriction","","","","","",""
"P2","blocked_or_forbidden","403","1","tools.thermofisher.com","Thermo Fisher Scientific","iCAP 6000 Series ICP-OES Pre-Installation Manual","KB-PHASE4-0457","https://tools.thermofisher.com/content/sfs/manuals/iCAP%206000%20Spectrometers%20Pre-Installation%20Manual%20v4%202.pdf","https://tools.thermofisher.com/content/sfs/manuals/iCAP%206000%20Spectrometers%20Pre-Installation%20Manual%20v4%202.pdf","","","","","",""
"P2","blocked_or_forbidden","403","1","webstore.ansi.org","American National Standards Institute","ANSI Z136.1-2014 American National Standard for Safe Use of Lasers","KB-PHASE4-0761","https://webstore.ansi.org/standards/lia/ansiz13612014","https://webstore.ansi.org/standards/lia/ansiz13612014","","","","","",""
"P2","blocked_or_forbidden","403","1","webstore.ansi.org","ANSI/AIHA","ANSI/AIHA Z9.5-2012 Laboratory Ventilation","KB-PHASE4-0803","https://webstore.ansi.org/standards/aiha/ansiz9.5","https://webstore.ansi.org/standards/aiha/ansiz9.5","","","","","",""
"P2","blocked_or_forbidden","403","1","www.beckman.com","Beckman Coulter","Beckman Coulter Optima X Ultracentrifuge Rotor Safety","KB-PHASE4-0564","https://www.beckman.com/landing/centrifuges/optima-x","https://www.beckman.com/landing/centrifuges/optima-x","","","","","",""
"P2","blocked_or_forbidden","401","1","www.bruker.com","Bruker Corporation","Bruker S6 JAGUAR WDXRF - Radiation Safety","KB-RECO-0043","https://www.bruker.com/en/news-and-events/newsletter/2021/first-newsletter-february-2021.html","https://my.bruker.com/acton/fs/blocks/showLandingPage/a/2655/p/p-02d5/t/page/fm/0","","","","","",""
"P2","network_error","200","1","www.edu.cn","教育部","高等学校实验室安全分级分类管理办法（试行）","KB-1035","https://www.edu.cn/ke_yan_yu_fa_zhan/gai_kuang/xin_wen_gong_gao/202404/t20240422_2600021.shtml","https://www.cernet.edu.cn/ke_yan_yu_fa_zhan/gai_kuang/xin_wen_gong_gao/202404/t20240422_2600021.shtml","ConnectionError: HTTPSConnectionPool(host='www.cernet.edu.cn', port=443): Read timed out.","","","","",""
"P2","blocked_or_forbidden","403","1","www.iaea.org","International Atomic Energy Agency (IAEA)","Radiation Safety Technical Services - IAEA","KB-RECO-0103","https://www.iaea.org/topics/workers/radiation-safety-technical-services","https://www.iaea.org/topics/workers/radiation-safety-technical-services","","","","","",""
"P2","blocked_or_forbidden","403","1","www.iaea.org","International Atomic Energy Agency","IAEA Radiation Protection and Safety of Radiation Sources: International Basic Safety Standards","KB-PHASE4-0814","https://www.iaea.org/publications/8930/radiation-protection-and-safety-of-radiation-sources-international-basic-safety-standards","https://www.iaea.org/publications/8930/radiation-protection-and-safety-of-radiation-sources-international-basic-safety-standards","","","","","",""
"P2","blocked_or_forbidden","403","1","www.iaea.org","International Atomic Energy Agency","IAEA Disposal of Radioactive Waste","KB-PHASE4-0815","https://www.iaea.org/topics/radioactive-waste","https://www.iaea.org/topics/radioactive-waste","ConnectionError: HTTPSConnectionPool(host='www.iaea.org', port=443): Read timed out.","","","","",""
"P2","blocked_or_forbidden","403","1","www.ika.com","IKA Works GmbH & Co. KG","RV 10 digital Safety Features","KB-RECO-0385","https://www.ika.com/en/Products-LabEq/Rotary-Evaporators-pg35/","https://www.ika.com/en/Products-LabEq/Rotary-Evaporators-pg35/","","","","","",""
"P2","blocked_or_forbidden","403","1","www.tainstruments.com","TA Instruments","TA Instruments TGA Battery Materials Application Note","KB-RECO-0057","https://www.tainstruments.com/applications-notes/thermal-degradation-and-evolved-gas-analysis-of-lithium-ion-battery-cathode-materials-at-different-states-of-charge-ta495/","https://www.tainstruments.com/applications-notes/thermal-degradation-and-evolved-gas-analysis-of-lithium-ion-battery-cathode-materials-at-different-states-of-charge-ta495/","","","","","",""
"P2","blocked_or_forbidden","403","1","www.tainstruments.com","TA Instruments","Thermogravimetry of Air Sensitive Materials","KB-PHASE4-0547","https://www.tainstruments.com/applications-notes/thermogravimetry-of-air-sensitive-materials/","https://www.tainstruments.com/applications-notes/thermogravimetry-of-air-sensitive-materials/","","","","","",""
"P2","blocked_or_forbidden","403","1","www.tainstruments.com","TA Instruments","TA Instruments TGA 550 - Glovebox Installation Safety","KB-RECO-0056","https://www.tainstruments.com/tga-550/","https://www.tainstruments.com/tga-550/","","","","","",""
"P2","blocked_or_forbidden","403","1","www.tainstruments.com","TA Instruments","TA Instruments DSC Battery Separator Application Note","KB-RECO-0061","https://www.tainstruments.com/applications-notes/battery-separator-film-development-impact-of-coating/","https://www.tainstruments.com/applications-notes/battery-separator-film-development-impact-of-coating/","","","","","",""
"P2","blocked_or_forbidden","403","1","www.waters.com","Waters Corporation","ACQUITY UPLC I-Class PLUS System Specifications - Waters","KB-PHASE4-0443","https://www.waters.com/nextgen/us/en/products/chromatography/chromatography-systems/acquity-uplc-i-class-plus-system.html","https://www.waters.com/nextgen/us/en/products/chromatography/chromatography-systems/acquity-uplc-i-class-plus-system.html","","","","","",""
