url,row_count,traceability_status,http_status,content_type,is_pdf_source,backup_kind,has_local_pdf,local_paths
http://ccc.chem.pitt.edu/wipf/papers&presentations/safety-manual.pdf,1,open,200,application/pdf,yes,original,yes,D:\newwork\Security\lab-safe-assistant-dify-rag\artifacts\pdf_source_backups_20260725\files\031_ccc.chem.pitt.edu_54d69831fe_safety-manual.pdf
http://www.moe.gov.cn/s78/A16/tongzhi/201905/t20190529_383641.html,1,open,200,text/html,no,none,no,
http://www.moe.gov.cn/srcsite/A16/s3336/201905/t20190531_383962.html,5,open,200,text/html,no,none,no,
http://www.nxmu.edu.cn/lnjbzdsys/info/1094/1283.htm,1,open,200,text/html,no,none,no,
https://adrona.lv/wp-content/uploads/2023/08/TGA-4000-Specifiactions_English.pdf,1,open,200,application/pdf,yes,original,yes,D:\newwork\Security\lab-safe-assistant-dify-rag\artifacts\pdf_source_backups_20260725\files\032_adrona.lv_290b901468_TGA-4000-Specifiactions_English.pdf
https://archive.epa.gov/epawaste/hazard/tsd/td/web/html/combustion.html,1,open,200,text/html,no,none,no,
https://assets.thermofisher.com/TFS-Assets/LSG/manuals/MAN0016959_GAHyPerformanceAPTSKit_UG.pdf,1,open,200,application/pdf,yes,original,yes,D:\newwork\Security\lab-safe-assistant-dify-rag\artifacts\pdf_source_backups_20260725\files\033_assets.thermofisher.com_f762746cf1_MAN0016959_GAHyPerformanceAPTSKit_UG.pdf
https://blink.ucsd.edu/safety/research-lab/chemical/hoods/,6,open,200,text/html; charset=UTF-8,no,original,no,D:\newwork\Security\lab-safe-assistant-dify-rag\artifacts\web_ingest_public_20260429\raw\UCSD-FUME-HOODS_hoods.html
https://blink.ucsd.edu/safety/research-lab/hazardous-waste/disposal-guidance/extremely.html,14,open,200,text/html; charset=UTF-8,no,original,no,D:\newwork\Security\lab-safe-assistant-dify-rag\artifacts\web_ingest_public_20260429\raw\UCSD-EXTREME-WASTE_extremely.html.html
https://ccce.csu.edu.cn/info/1591/7436.htm,1,open,200,text/html,no,none,no,
https://cem.com/how-safe-is-the-instrument/microwave-digestion,1,open,200,text/html; charset=UTF-8,no,none,no,
https://cem.com/why-can-t-i-use-a-home-microwave-for-acid-digestion-or-extraction,1,open,200,text/html; charset=UTF-8,no,none,no,
https://chem.fjnu.edu.cn/86/7f/c17280a362111/page.htm,1,open,200,text/html,no,none,no,
https://chemistry.stanford.edu/resources/environmental-health-lab-safety/general-resources,4,open,200,text/html; charset=UTF-8,no,none,no,
https://chemistry.unt.edu/system/files/tga_2_user_manual.pdf,4,open,200,application/pdf,yes,original,yes,D:\newwork\Security\lab-safe-assistant-dify-rag\artifacts\pdf_source_backups_20260725\files\retry_003_chemistry.unt.edu_0457e87f5b_tga_2_user_manual.pdf
https://chemlab.jhun.edu.cn/4b/ea/c4541a84970/pagem.htm,1,open,200,text/html,no,none,no,
https://coactionspecialty.safetynow.com/chemical-compatibility-storage-guidelines-quick-tips/,1,blocked_or_forbidden,403,text/html; charset=UTF-8,no,none,no,
https://community.agilent.com/cfs-filesystemfile/__key/communityserver-discussions-components-files/23/G7446_2D00_35102B-Agilent-magnetic-Resonance-systems.pdf,7,open,200,application/pdf,yes,original,yes,D:\newwork\Security\lab-safe-assistant-dify-rag\artifacts\pdf_source_backups_20260725\files\004_community.agilent.com_85b1f6e3da_G7446_2D00_35102B-Agilent-magnetic-Resonance-systems.pdf
https://community.agilent.com/knowledge/icp-ms-portal/kmp/icp-ms-articles/kp1584.assembling-the-icp-ms-spray-chamber,1,open,200,text/html,no,none,no,
https://community.agilent.com/technical/consumables/w/wiki/3840/stay-safe-a-win-win-for-solvent-storage,1,open,200,text/html,no,none,no,
https://dehs.umn.edu/biological-safety-cabinets,1,blocked_or_forbidden,403,text/html; charset=UTF-8,no,none,no,
https://documents.thermofisher.com/TFS-Assets/CAD/Application-Notes/apex-te-mct-an64724-en.pdf,1,open,200,application/pdf,yes,original,yes,D:\newwork\Security\lab-safe-assistant-dify-rag\artifacts\pdf_source_backups_20260725\files\034_documents.thermofisher.com_81500d1616_apex-te-mct-an64724-en.pdf
https://documents.thermofisher.com/TFS-Assets/CMD/brochures/sn-43363-icp-oes-aas-benefits-sn43363-en.pdf,3,open,200,application/pdf,yes,original,yes,D:\newwork\Security\lab-safe-assistant-dify-rag\artifacts\pdf_source_backups_20260725\files\014_documents.thermofisher.com_9cd916ab6e_sn-43363-icp-oes-aas-benefits-sn43363-en.pdf
https://documents.thermofisher.com/TFS-Assets/CMD/manuals/Man-1R120706-0002-GC-MS-Q-Exactive-Man1R1207060002-EN.pdf,11,open,200,application/pdf,yes,original,yes,D:\newwork\Security\lab-safe-assistant-dify-rag\artifacts\pdf_source_backups_20260725\files\retry_001_documents.thermofisher.com_5dbcf8b027_Man-1R120706-0002-GC-MS-Q-Exactive-Man1R1207060002-EN.pdf
https://documents.thermofisher.com/TFS-Assets/CMD/manuals/Man-4820-3601-LC-Vanquish-UHPLC-Man48203601-EN.pdf,10,blocked_or_forbidden,403,application/xml,yes,none,no,
https://documents.thermofisher.com/TFS-Assets/CMD/manuals/ii-1r120591-0001-isq-ec-ms-req-ii1r1205910001-en.pdf,3,open,200,application/pdf,yes,original,yes,D:\newwork\Security\lab-safe-assistant-dify-rag\artifacts\pdf_source_backups_20260725\files\015_documents.thermofisher.com_01f08b18e8_ii-1r120591-0001-isq-ec-ms-req-ii1r1205910001-en.pdf
https://documents.thermofisher.com/TFS-Assets/LED/manuals/50155784-c-Thermo%20Scientific%20Sorvall%20ST%2016R-en.pdf,1,open,200,application/pdf,yes,original,yes,D:\newwork\Security\lab-safe-assistant-dify-rag\artifacts\pdf_source_backups_20260725\files\035_documents.thermofisher.com_714ccaa72b_50155784-c-Thermo_Scientific_Sorvall_ST_16R-en.pdf
https://documents.thermofisher.com/TFS-Assets/LPD/Application-Notes/bsc-a2-b2-differences-appnote.pdf,1,open,200,application/pdf,yes,original,yes,D:\newwork\Security\lab-safe-assistant-dify-rag\artifacts\pdf_source_backups_20260725\files\036_documents.thermofisher.com_be4be0cbb2_bsc-a2-b2-differences-appnote.pdf
https://documents.thermofisher.com/TFS-Assets/MSD/Product-Information/Summit-UG.pdf,5,open,200,application/pdf,yes,original,yes,D:\newwork\Security\lab-safe-assistant-dify-rag\artifacts\pdf_source_backups_20260725\files\009_documents.thermofisher.com_3ad2bc480a_Summit-UG.pdf
https://documents.thermofisher.com/TFS-Assets/MSD/Technical-Notes/FL53370-gas-phase-ftir-smoke-toxicity-measurements.pdf,1,open,200,application/pdf,yes,original,yes,D:\newwork\Security\lab-safe-assistant-dify-rag\artifacts\pdf_source_backups_20260725\files\037_documents.thermofisher.com_7491821c25_FL53370-gas-phase-ftir-smoke-toxicity-measurements.pdf
https://documents.thermofisher.com/TFS-Assets/MSD/manuals/summit-lite-site-and-safety-en.pdf,4,open,200,application/pdf,yes,original,yes,D:\newwork\Security\lab-safe-assistant-dify-rag\artifacts\pdf_source_backups_20260725\files\011_documents.thermofisher.com_1a6f1ab4aa_summit-lite-site-and-safety-en.pdf
https://drs.illinois.edu/Page/SafetyLibrary/PerchloricAcid,1,open,200,text/html; charset=utf-8,no,none,no,
https://drs.illinois.edu/Page/SafetyLibrary/hydrofluoricacid,1,open,200,text/html; charset=utf-8,no,none,no,
https://eetc.qlu.edu.cn/2012/1207/c1403a25377/page.htm,1,open,200,text/html,no,none,no,
https://ehs.berkeley.edu/chemical-hygiene-plan/controlling-exposures,8,open,200,text/html; charset=utf-8,no,none,no,
https://ehs.berkeley.edu/chemical-hygiene-plan/training-requirements,3,open,200,text/html; charset=utf-8,no,none,no,
https://ehs.berkeley.edu/ehs-111-compressed-gas-safety,1,open,200,text/html; charset=utf-8,no,none,no,
https://ehs.berkeley.edu/how-do-i-set-new-lab-0,2,open,200,text/html; charset=utf-8,no,none,no,
https://ehs.berkeley.edu/laboratory-safety-manual,7,open,200,text/html; charset=utf-8,no,original,no,D:\newwork\Security\lab-safe-assistant-dify-rag\artifacts\web_ingest_public_20260429\raw\BERKELEY-LSM_laboratory-safety-manual.html
https://ehs.berkeley.edu/laser-safety-manual,1,open,200,text/html; charset=utf-8,no,original,no,D:\newwork\Security\lab-safe-assistant-dify-rag\artifacts\web_ingest_public_20260429\raw\BERKELEY-LASER_laser-safety-manual.html
https://ehs.berkeley.edu/news/corrosive-waste-spill,1,open,200,text/html; charset=utf-8,no,none,no,
https://ehs.berkeley.edu/news/radiation-safety-awareness-training-update,1,open,200,text/html; charset=utf-8,no,none,no,
https://ehs.berkeley.edu/publications/biological-safety-program-manual,1,open,200,text/html; charset=utf-8,no,original,no,D:\newwork\Security\lab-safe-assistant-dify-rag\artifacts\web_ingest_public_20260429\raw\BERKELEY-BIOSAFETY_biological-safety-program-manual.html
https://ehs.berkeley.edu/publications/drain-disposal-restrictions-chemicals-0,1,open,200,text/html; charset=utf-8,no,none,no,
https://ehs.berkeley.edu/radiation-safety-manual/6-procedures-work-radioactive-materials,1,open,200,text/html; charset=utf-8,no,none,no,
https://ehs.berkeley.edu/safe-storage-hazardous-chemicals/511-peroxide-forming-chemicals,1,open,200,text/html; charset=utf-8,no,none,no,
https://ehs.berkeley.edu/safe-storage-hazardous-chemicals/56-compressed-gases,1,open,200,text/html; charset=utf-8,no,none,no,
https://ehs.berkeley.edu/safe-storage-hazardous-chemicals/57-cryogens,1,open,200,text/html; charset=utf-8,no,none,no,
https://ehs.berkeley.edu/safety-subjects/chemical-safety/chemical-hygiene-plan,9,open,200,text/html; charset=utf-8,no,original,no,D:\newwork\Security\lab-safe-assistant-dify-rag\artifacts\web_ingest_public_20260429\raw\BERKELEY-CHP_chemical-hygiene-plan.html
https://ehs.berkeley.edu/safety-subjects/chemical-safety/chemical-inventory,1,open,200,text/html; charset=utf-8,no,none,no,
https://ehs.berkeley.edu/sites/default/files/publications/compressed-gas-proper-use-booklet.pdf,3,open,200,text/html; charset=utf-8,yes,none,no,
https://ehs.berkeley.edu/sites/default/files/publications/tcp-gas-program.pdf,1,open,200,text/html; charset=utf-8,yes,none,no,
https://ehs.berkeley.edu/workplace-safety/identifying-hazards-and-applying-controls,1,open,200,text/html; charset=utf-8,no,none,no,
https://ehs.cornell.edu/book/export/html/1050,2,open,200,text/html; charset=UTF-8,no,none,no,
https://ehs.cornell.edu/book/export/html/1060,2,open,200,text/html; charset=UTF-8,no,none,no,
https://ehs.cornell.edu/book/export/html/1083,1,open,200,text/html; charset=UTF-8,no,none,no,
https://ehs.cornell.edu/book/export/html/1097,2,open,200,text/html; charset=UTF-8,no,none,no,
https://ehs.cornell.edu/book/export/html/1261,117,open,200,text/html; charset=UTF-8,no,original,no,D:\newwork\Security\lab-safe-assistant-dify-rag\artifacts\web_ingest_public_20260429\raw\CORNELL-HW-MANUAL_1261.html
https://ehs.cornell.edu/book/export/html/1325,1,open,200,text/html; charset=UTF-8,no,none,no,
https://ehs.cornell.edu/book/export/html/1370,4,open,200,text/html; charset=UTF-8,no,none,no,
https://ehs.cornell.edu/book/export/html/1375,1,open,200,text/html; charset=UTF-8,no,none,no,
https://ehs.cornell.edu/book/export/html/1397,1,open,200,text/html; charset=UTF-8,no,none,no,
https://ehs.cornell.edu/book/export/html/1399,11,open,200,text/html; charset=UTF-8,no,none,no,
https://ehs.cornell.edu/book/export/html/1410,1,open,200,text/html; charset=UTF-8,no,none,no,
https://ehs.cornell.edu/book/export/html/1446,3,open,200,text/html; charset=UTF-8,no,none,no,
https://ehs.cornell.edu/book/export/html/2139,1,open,200,text/html; charset=UTF-8,no,none,no,
https://ehs.cornell.edu/book/export/html/237,163,open,200,text/html; charset=UTF-8,no,none,no,
https://ehs.cornell.edu/manuals/hazardous-waste-manual,12,open,200,text/html; charset=UTF-8,no,none,no,
https://ehs.cornell.edu/research-safety/biosafety-biosecurity/animal-biosafety,1,open,200,text/html; charset=UTF-8,no,none,no,
https://ehs.cornell.edu/research-safety/biosafety-biosecurity/biological-safety-manuals-and-other-documents,3,open,200,text/html; charset=UTF-8,no,original,no,D:\newwork\Security\lab-safe-assistant-dify-rag\artifacts\web_ingest_public_20260429\raw\CORNELL-BIOSAFETY-DOCS_biological-safety-manuals-and-other-documents.html
https://ehs.cornell.edu/research-safety/biosafety-biosecurity/biological-safety-manuals-and-other-documents/autoclaves,1,open,200,text/html; charset=UTF-8,no,none,no,
https://ehs.cornell.edu/research-safety/biosafety-biosecurity/biological-safety-manuals-and-other-documents/centrifuges,1,open,200,text/html; charset=UTF-8,no,none,no,
https://ehs.cornell.edu/research-safety/biosafety-biosecurity/biological-safety-manuals-and-other-documents/responding-biological-spills,2,open,200,text/html; charset=UTF-8,no,none,no,
https://ehs.cornell.edu/research-safety/chemical-safety/chemical-hygiene-plan,15,open,200,text/html; charset=UTF-8,no,original,no,D:\newwork\Security\lab-safe-assistant-dify-rag\artifacts\web_ingest_public_20260429\raw\CORNELL-CHP_chemical-hygiene-plan.html
https://ehs.cornell.edu/research-safety/chemical-safety/chemical-inventory,1,open,200,text/html; charset=UTF-8,no,none,no,
https://ehs.cornell.edu/research-safety/chemical-safety/laboratory-safety-manual,48,open,200,text/html; charset=UTF-8,no,original,no,D:\newwork\Security\lab-safe-assistant-dify-rag\artifacts\web_ingest_public_20260429\raw\CORNELL-LSM_laboratory-safety-manual.html
https://ehs.cornell.edu/research-safety/chemical-safety/laboratory-safety-manual/appendix-f-glove-selection-guidance,2,open,200,text/html; charset=UTF-8,no,none,no,
https://ehs.cornell.edu/research-safety/chemical-safety/laboratory-safety-manual/appendix-i-hazards-functional-groups,3,open,200,text/html; charset=UTF-8,no,none,no,
https://ehs.cornell.edu/research-safety/chemical-safety/laboratory-safety-manual/appendix-j-peroxide-forming-chemicals,2,open,200,text/html; charset=UTF-8,no,none,no,
https://ehs.cornell.edu/research-safety/chemical-safety/laboratory-safety-manual/appendix-k-incompatible-chemicals,10,open,200,text/html; charset=UTF-8,no,none,no,
https://ehs.cornell.edu/research-safety/chemical-safety/laboratory-safety-manual/chapter-10-hazardous-chemical-waste,1,open,200,text/html; charset=UTF-8,no,none,no,
https://ehs.cornell.edu/research-safety/chemical-safety/laboratory-safety-manual/chapter-15-laser-hazards,1,open,200,text/html; charset=UTF-8,no,none,no,
https://ehs.cornell.edu/research-safety/chemical-safety/laboratory-safety-manual/chapter-16-physical-hazards,4,open,200,text/html; charset=UTF-8,no,none,no,
https://ehs.cornell.edu/research-safety/chemical-safety/laboratory-safety-manual/chapter-16-physical-hazards/1610,2,open,200,text/html; charset=UTF-8,no,none,no,
https://ehs.cornell.edu/research-safety/chemical-safety/laboratory-safety-manual/chapter-16-physical-hazards/1612-glass,2,open,200,text/html; charset=UTF-8,no,none,no,
https://ehs.cornell.edu/research-safety/chemical-safety/laboratory-safety-manual/chapter-16-physical-hazards/164,3,open,200,text/html; charset=UTF-8,no,none,no,
https://ehs.cornell.edu/research-safety/chemical-safety/laboratory-safety-manual/chapter-16-physical-hazards/166-heat-and,5,open,200,text/html; charset=UTF-8,no,none,no,
https://ehs.cornell.edu/research-safety/chemical-safety/laboratory-safety-manual/chapter-2-engineering-controls,1,open,200,text/html; charset=UTF-8,no,none,no,
https://ehs.cornell.edu/research-safety/chemical-safety/laboratory-safety-manual/chapter-4-administrative-controls/415,1,open,200,text/html; charset=UTF-8,no,none,no,
https://ehs.cornell.edu/research-safety/chemical-safety/laboratory-safety-manual/chapter-4-administrative-controls/47,1,open,200,text/html; charset=UTF-8,no,none,no,
https://ehs.cornell.edu/research-safety/chemical-safety/laboratory-safety-manual/chapter-5-emergency-preparation/53-0,1,open,200,text/html; charset=UTF-8,no,none,no,
https://ehs.cornell.edu/research-safety/chemical-safety/laboratory-safety-manual/chapter-5-emergency-preparation/54-1,1,open,200,text/html; charset=UTF-8,no,none,no,
https://ehs.cornell.edu/research-safety/chemical-safety/laboratory-safety-manual/chapter-5-emergency-preparation/54-2,1,open,200,text/html; charset=UTF-8,no,none,no,
https://ehs.cornell.edu/research-safety/chemical-safety/laboratory-safety-manual/chapter-5-emergency-preparation/54-4,1,open,200,text/html; charset=UTF-8,no,none,no,
https://ehs.cornell.edu/research-safety/chemical-safety/laboratory-safety-manual/chapter-5-emergency-preparation/55-1,2,open,200,text/html; charset=UTF-8,no,none,no,
https://ehs.cornell.edu/research-safety/chemical-safety/laboratory-safety-manual/chapter-7-safe-chemical-use,5,open,200,text/html; charset=UTF-8,no,none,no,
https://ehs.cornell.edu/research-safety/chemical-safety/laboratory-safety-manual/chapter-7-safe-chemical-use/711-chemical,1,open,200,text/html; charset=UTF-8,no,none,no,
https://ehs.cornell.edu/research-safety/chemical-safety/laboratory-safety-manual/chapter-7-safe-chemical-use/73-safety-0,1,open,200,text/html; charset=UTF-8,no,none,no,
https://ehs.cornell.edu/research-safety/chemical-safety/laboratory-safety-manual/chapter-7-safe-chemical-use/74-routes-3,1,open,200,text/html; charset=UTF-8,no,none,no,
https://ehs.cornell.edu/research-safety/chemical-safety/laboratory-safety-manual/chapter-7-safe-chemical-use/79-0,7,open,200,text/html; charset=UTF-8,no,none,no,
https://ehs.cornell.edu/research-safety/chemical-safety/laboratory-safety-manual/chapter-8-chemical-hazards,2,open,200,text/html; charset=UTF-8,no,none,no,
https://ehs.cornell.edu/research-safety/chemical-safety/laboratory-safety-manual/chapter-9-particularly-hazardous-3,3,open,200,text/html; charset=UTF-8,no,none,no,
https://ehs.cornell.edu/research-safety/chemical-safety/safety-data-sheets-chemwatch,3,open,200,text/html; charset=UTF-8,no,original,no,D:\newwork\Security\lab-safe-assistant-dify-rag\artifacts\web_ingest_public_20260429\raw\CORNELL-SDS_safety-data-sheets-chemwatch.html
https://ehs.cornell.edu/research-safety/general-laboratory-safety/hazard-assessment-and-signage-program-hasp/hasp-faqs,2,open,200,text/html; charset=UTF-8,no,none,no,
https://ehs.cornell.edu/research-safety/general-laboratory-safety/lab-safety-certificate-program,3,open,200,text/html; charset=UTF-8,no,none,no,
https://ehs.cornell.edu/research-safety/general-laboratory-safety/laboratory-operations-continuity,1,open,200,text/html; charset=UTF-8,no,none,no,
https://ehs.cornell.edu/research-safety/general-laboratory-safety/laboratory-safety-training-matrix,19,open,200,text/html; charset=UTF-8,no,original,no,D:\newwork\Security\lab-safe-assistant-dify-rag\artifacts\web_ingest_public_20260429\raw\CORNELL-TRAINING-MATRIX_laboratory-safety-training-matrix.html
https://ehs.cornell.edu/research-safety/radiation-safety,1,open,200,text/html; charset=UTF-8,no,none,no,
https://ehs.cornell.edu/research-safety/radiation-safety/laser-safety,2,open,200,text/html; charset=UTF-8,no,original,no,D:\newwork\Security\lab-safe-assistant-dify-rag\artifacts\web_ingest_public_20260429\raw\CORNELL-LASER-PAGE_laser-safety.html
https://ehs.cornell.edu/research-safety/radiation-safety/radioactive-materials,2,open,200,text/html; charset=UTF-8,no,none,no,
https://ehs.cornell.edu/research-safety/radiation-safety/x-ray-equipment,1,open,200,text/html; charset=UTF-8,no,none,no,
https://ehs.cornell.edu/shipping-and-transportation/hazardous-materials-shipping-dot/cryogen-tips,1,open,200,text/html; charset=UTF-8,no,none,no,
https://ehs.mit.edu/chemical-safety-program/chemical-hygiene/,6,open,200,text/html; charset=UTF-8,no,original,no,D:\newwork\Security\lab-safe-assistant-dify-rag\artifacts\web_ingest_public_20260429\raw\MIT-CHEM-HYGIENE_chemical-hygiene.html
https://ehs.mit.edu/chemical-safety-program/compressed-gas-cylinder-safety/,1,open,200,text/html; charset=UTF-8,no,none,no,
https://ehs.mit.edu/chemical-safety/,3,open,200,text/html; charset=UTF-8,no,original,no,D:\newwork\Security\lab-safe-assistant-dify-rag\artifacts\web_ingest_public_20260429\raw\MIT-CHEMICAL_chemical-safety.html
https://ehs.ncsu.edu/home-page-info/environmental-affairs/chemical-waste/,7,open,200,text/html; charset=UTF-8,no,original,no,D:\newwork\Security\lab-safe-assistant-dify-rag\artifacts\web_ingest_public_20260429\raw\NCSU-CHEM-WASTE_chemical-waste.html
https://ehs.ncsu.edu/laboratory-safety/laboratory-security-and-safety-guidelines/,3,open,200,text/html; charset=UTF-8,no,original,no,D:\newwork\Security\lab-safe-assistant-dify-rag\artifacts\web_ingest_public_20260429\raw\NCSU-LAB-SECURITY_laboratory-security-and-safety-guidelines.html
https://ehs.ncsu.edu/laboratory-safety/secondary-safety-contact/chemical-hazards-ssc/,1,open,200,text/html; charset=UTF-8,no,original,no,D:\newwork\Security\lab-safe-assistant-dify-rag\artifacts\web_ingest_public_20260429\raw\NCSU-CHEM-HAZARDS_chemical-hazards-ssc.html
https://ehs.ncsu.edu/laboratory/fume-hoods/,1,open,200,text/html; charset=UTF-8,no,original,no,D:\newwork\Security\lab-safe-assistant-dify-rag\artifacts\web_ingest_public_20260429\raw\NCSU-FUME-HOODS_fume-hoods.html
https://ehs.princeton.edu/laboratory-research/chemical-waste-management,1,blocked_or_forbidden,403,text/html; charset=UTF-8,no,original,no,D:\newwork\Security\lab-safe-assistant-dify-rag\artifacts\web_ingest_public_20260429\raw\PRINCETON-CHEM-WASTE_chemical-waste-management.html
https://ehs.stanford.edu/forms-tools/chemical-incompatibility-guide,2,open,200,text/html; charset=UTF-8,no,none,no,
https://ehs.stanford.edu/forms-tools/laboratory-chemical-safety-toolkit,1,open,200,text/html; charset=UTF-8,no,original,no,D:\newwork\Security\lab-safe-assistant-dify-rag\artifacts\web_ingest_public_20260429\raw\STANFORD-CHEM-TOOLKIT_laboratory-chemical-safety-toolkit.html
https://ehs.stanford.edu/manual/biosafety-manual/autoclaves,2,open,200,text/html; charset=UTF-8,no,none,no,
https://ehs.stanford.edu/manual/biosafety-manual/waste,5,open,200,text/html; charset=UTF-8,no,original,no,D:\newwork\Security\lab-safe-assistant-dify-rag\artifacts\web_ingest_public_20260429\raw\STANFORD-BIO-WASTE_waste.html
https://ehs.stanford.edu/manual/laboratory-standard-design-guidelines/biological-safety-cabinets-and-other-containment,2,open,200,text/html; charset=UTF-8,no,none,no,
https://ehs.stanford.edu/manual/laboratory-standard-design-guidelines/fume-hood-location,1,open,200,text/html; charset=UTF-8,no,original,no,D:\newwork\Security\lab-safe-assistant-dify-rag\artifacts\web_ingest_public_20260429\raw\STANFORD-FUME-HOOD_fume-hood-location.html
https://ehs.stanford.edu/reference/autoclave-safety,3,open,200,text/html; charset=UTF-8,no,none,no,
https://ehs.stanford.edu/reference/centrifuge-safety,3,open,200,text/html; charset=UTF-8,no,none,no,
https://ehs.stanford.edu/reference/information-hydrofluoric-acid,1,open,200,text/html; charset=UTF-8,no,none,no,
https://ehs.stanford.edu/reference/working-air-sensitive-or-highly-reactive-compounds,1,open,200,text/html; charset=UTF-8,no,none,no,
https://ehs.stanford.edu/topic/chemical-safety/chemical-waste-disposal,4,open,200,text/html; charset=UTF-8,no,original,no,D:\newwork\Security\lab-safe-assistant-dify-rag\artifacts\web_ingest_public_20260429\raw\STANFORD-CHEM-WASTE_chemical-waste-disposal.html
https://ehs.stanford.edu/topic/radiation-safety/laser-safety,1,open,200,text/html; charset=UTF-8,no,none,no,
https://ehs.stanford.edu/wp-content/uploads/Storage-Group-Poster.pdf,6,open,200,application/pdf,yes,original,yes,D:\newwork\Security\lab-safe-assistant-dify-rag\artifacts\pdf_source_backups_20260725\files\006_ehs.stanford.edu_12afb031b6_Storage-Group-Poster.pdf
https://ehs.stanford.edu/wp-content/uploads/lab-chemical-safety-plan.pdf,11,open,200,application/pdf,yes,original,yes,D:\newwork\Security\lab-safe-assistant-dify-rag\artifacts\pdf_source_backups_20260725\files\002_ehs.stanford.edu_3ee5976b86_lab-chemical-safety-plan.pdf
https://ehs.stonybrook.edu/_pdfs/EHS_Policy_4.5_Laboratory_Chemical_Fume_Hood_Safety_Program.pdf,1,open,200,application/pdf,yes,original,yes,D:\newwork\Security\lab-safe-assistant-dify-rag\artifacts\pdf_source_backups_20260725\files\039_ehs.stonybrook.edu_92d2ec072f_EHS_Policy_4.5_Laboratory_Chemical_Fume_Hood_Safety_Program.pdf
https://ehs.stonybrook.edu/programs/laboratory-safety/chemical-safety/compressed-gas-and-cryogenics,1,open,200,text/html; charset=UTF-8,no,none,no,
https://ehs.utexas.edu/environment-waste/waste-management/chemical-waste,23,open,200,text/html; charset=UTF-8,no,original,no,D:\newwork\Security\lab-safe-assistant-dify-rag\artifacts\web_ingest_public_20260429\raw\UTEXAS-CHEM-WASTE_chemical-waste.html
https://ehs.utexas.edu/working-safely/equipment-safety/cryogens,1,open,200,text/html; charset=UTF-8,no,none,no,
https://ehs.utexas.edu/working-safely/equipment-safety/fume-hoods,7,open,200,text/html; charset=UTF-8,no,original,no,D:\newwork\Security\lab-safe-assistant-dify-rag\artifacts\web_ingest_public_20260429\raw\UTEXAS-FUME-HOODS_fume-hoods.html
https://ehs.yale.edu/art-safety,9,open,200,text/html; charset=UTF-8,no,original,no,D:\newwork\Security\lab-safe-assistant-dify-rag\artifacts\web_ingest_public_20260429\raw\YALE-ART-SAFETY_art-safety.html
https://ehs.yale.edu/shop-tool-safety,7,open,200,text/html; charset=UTF-8,no,original,no,D:\newwork\Security\lab-safe-assistant-dify-rag\artifacts\web_ingest_public_20260429\raw\YALE-SHOP-GUIDE_shop-tool-safety.html
https://ehs.yale.edu/sites/default/files/files/biosafety-cabinet-poster.pdf,1,open,200,text/html; charset=UTF-8,yes,original,yes,D:\newwork\Security\lab-safe-assistant-dify-rag\artifacts\web_ingest_public_20260429\raw\YALE-BSC-POSTER_biosafety-cabinet-poster.pdf.pdf
https://ehs.yale.edu/sites/default/files/files/biosafety-manual.pdf,1,open,200,text/html; charset=UTF-8,yes,original,yes,D:\newwork\Security\lab-safe-assistant-dify-rag\artifacts\pdf_source_backups_20260725\files\repl_001_ehs.yale.edu_68ba2299cb_biosafety-manual.pdf
https://ehs.yale.edu/sites/default/files/files/chemicals-ehs-approval.pdf,8,open,200,text/html; charset=UTF-8,yes,original,yes,D:\newwork\Security\lab-safe-assistant-dify-rag\artifacts\web_ingest_public_20260429\raw\YALE-CHEM-APPROVAL_chemicals-ehs-approval.pdf.pdf
https://ehs.yale.edu/sites/default/files/files/fume-hood-repair-notice.pdf,3,open,200,text/html; charset=UTF-8,yes,original,yes,D:\newwork\Security\lab-safe-assistant-dify-rag\artifacts\web_ingest_public_20260429\raw\YALE-FUME-HOOD-NOTICE_fume-hood-repair-notice.pdf.pdf
https://ehs.yale.edu/sites/default/files/files/gene-drive-modified-organisms.pdf,8,open,200,text/html; charset=UTF-8,yes,original,yes,D:\newwork\Security\lab-safe-assistant-dify-rag\artifacts\web_ingest_public_20260429\raw\YALE-GENE-DRIVE_gene-drive-modified-organisms.pdf.pdf
https://ehs.yale.edu/sites/default/files/files/laboratory-chemical-hygiene-plan.pdf,75,open,200,text/html; charset=UTF-8,yes,original,yes,D:\newwork\Security\lab-safe-assistant-dify-rag\artifacts\web_ingest_public_20260429\raw\YALE-CHP_laboratory-chemical-hygiene-plan.pdf.pdf
https://ehs.yale.edu/sites/default/files/files/laser-sop.pdf,4,open,200,text/html; charset=UTF-8,yes,original,yes,D:\newwork\Security\lab-safe-assistant-dify-rag\artifacts\web_ingest_public_20260429\raw\YALE-LASER-SOP_laser-sop.pdf.pdf
https://ehs.yale.edu/sites/default/files/files/ppe-procedure-labs.pdf,10,open,200,text/html; charset=UTF-8,yes,original,yes,D:\newwork\Security\lab-safe-assistant-dify-rag\artifacts\web_ingest_public_20260429\raw\YALE-PPE-LABS_ppe-procedure-labs.pdf.pdf
https://ehs.yale.edu/sites/default/files/files/student-shop-rules.pdf,3,open,200,text/html; charset=UTF-8,yes,original,yes,D:\newwork\Security\lab-safe-assistant-dify-rag\artifacts\web_ingest_public_20260429\raw\YALE-STUDENT-SHOP_student-shop-rules.pdf.pdf
https://ehs.yale.edu/sites/default/files/files/waste-in-place.pdf,2,open,200,text/html; charset=UTF-8,yes,original,yes,D:\newwork\Security\lab-safe-assistant-dify-rag\artifacts\web_ingest_public_20260429\raw\YALE-WASTE-PLACE_waste-in-place.pdf.pdf
https://flk.npc.gov.cn/detail2.html?ZmY4MDgwODE2ZjNjYmIzYzAxNmY0MTZhMjI1MDIxMzg,1,open,200,text/html; charset=utf-8,no,none,no,
https://gradschool.cornell.edu/policies/safety-training/,1,blocked_or_forbidden,403,text/html; charset=UTF-8,no,none,no,
https://greenlabs.caltech.edu/documents/29173/LC-125_Lab-Guidelines-and-Standards_RevC_US.pdf,1,open,200,application/pdf,yes,original,yes,D:\newwork\Security\lab-safe-assistant-dify-rag\artifacts\pdf_source_backups_20260725\files\041_greenlabs.caltech.edu_6b590d71fc_LC-125_Lab-Guidelines-and-Standards_RevC_US.pdf
https://huihua.hebtu.edu.cn/s/zhuanti/page/8.html,1,open,200,text/html; charset=UTF-8,no,none,no,
https://icp-ms.help.agilent.com/en/Learning/PDF/G3666-90006_Precautions.pdf,7,open,200,application/pdf,yes,original,yes,D:\newwork\Security\lab-safe-assistant-dify-rag\artifacts\pdf_source_backups_20260725\files\005_icp-ms.help.agilent.com_093ff014b6_G3666-90006_Precautions.pdf
https://icp-ms.help.agilent.com/en/Learning/PDF/G8400-90016_Precautions.pdf,9,open,200,application/pdf,yes,original,yes,D:\newwork\Security\lab-safe-assistant-dify-rag\artifacts\pdf_source_backups_20260725\files\003_icp-ms.help.agilent.com_da120930cf_G8400-90016_Precautions.pdf
https://ieeexplore.ieee.org/document/4016442,1,open,202,text/html; charset=UTF-8,no,none,no,
https://ir.bruker.com/press-releases/press-release-details/2024/Bruker-Advances-Magnet-Technology-for-Broader-Adoption-of-NMR-in-Academic-and-Biopharma-Research-and-Process-Analytical-Technologies/default.aspx,1,blocked_or_forbidden,429,text/html; charset=UTF-8,no,none,no,
https://iwaste.epa.gov/rpts/handbk4.pdf,2,open,200,application/pdf,yes,original,yes,D:\newwork\Security\lab-safe-assistant-dify-rag\artifacts\pdf_source_backups_20260725\files\dl_iwaste.epa.gov_9fd55afb07_handbk4.pdf
https://knowledge1.thermofisher.com/Trace_Elemental_Analysis/Inductively_Coupled_Plasma_-_Optical_Emission_Spectroscopy_ICP-OES/iCAP_Operator_Manuals/BRE0004150_-_iCAP_7000_Series_Operating_Manual_Rev_C,5,open,200,text/html; charset=utf-8,no,none,no,
https://lab.env.tsinghua.edu.cn/info/1567/2792.htm,2,open,200,text/html,no,none,no,
https://lcc.sjtu.edu.cn/Assets/userfiles/sys_eb538c1c-65ff-4e82-8e6a-a1ef01127fed/files/sysgl/%E4%B8%8A%E6%B5%B7%E4%BA%A4%E9%80%9A%E5%A4%A7%E5%AD%A6%E4%B8%AD%E8%8B%B1%E5%9B%BD%E9%99%85%E4%BD%8E%E7%A2%B3%E5%AD%A6%E9%99%A2%E5%AE%9E%E9%AA%8C%E5%AE%A4%E5%AE%89%E5%85%A8%E4%B8%8E%E7%AE%A1%E7%90%86%E8%A7%84%E8%8C%83.pdf,1,open,200,application/pdf,yes,original,yes,D:\newwork\Security\lab-safe-assistant-dify-rag\artifacts\pdf_source_backups_20260725\files\042_lcc.sjtu.edu.cn_8b99dd9cd8_pdf.pdf
https://life.sjtu.edu.cn/En/Data/View/6074,1,open,200,text/html; charset=utf-8,no,none,no,
https://life.sjtu.edu.cn/En/Data/View/6077,6,open,200,text/html; charset=utf-8,no,none,no,
https://linxue.njfu.edu.cn/aqgz/sysaq/20210929/i230277.html,1,open,200,text/html,no,none,no,
https://makesafetyeasy.com/blog/chemical-storage-safety-guide,3,network_error,,,no,none,no,
https://manualmachine.com/perkinelmer/tga4000/2520538-user-manual/,4,blocked_or_forbidden,403,text/html; charset=UTF-8,no,none,no,
https://med.stanford.edu/invitrobsl3/training.html,4,open,200,text/html;charset=utf-8,no,none,no,
https://micromeritics.com/resources/liquid-nitrogen-level-when-using-isothermal-jackets/,2,open,200,text/html; charset=UTF-8,no,none,no,
https://nap.nationalacademies.org/catalog/12654/prudent-practices-in-the-laboratory,110,open,200,text/html; charset=UTF-8,no,none,no,
https://nationalmaglab.org/media/gocoa0b5/sp-13-chemical-safety-procedure.pdf,1,open,200,application/pdf,yes,original,yes,D:\newwork\Security\lab-safe-assistant-dify-rag\artifacts\pdf_source_backups_20260725\files\043_nationalmaglab.org_005478fdf4_sp-13-chemical-safety-procedure.pdf
https://nmr.chem.ucsb.edu/docs/Bruker_NMR_Manuals/user_manual_topspin_ts40.pdf,1,open,200,application/pdf,yes,original,yes,D:\newwork\Security\lab-safe-assistant-dify-rag\artifacts\pdf_source_backups_20260725\files\sslfix_014_nmr.chem.ucsb.edu_ca6c6b71e3_user_manual_topspin_ts40.pdf
https://nmr.nd.edu/assets/432368/bruker_nmr_training_g.1.pdf,1,open,200,application/pdf,yes,original,yes,D:\newwork\Security\lab-safe-assistant-dify-rag\artifacts\pdf_source_backups_20260725\files\045_nmr.nd.edu_298a5e0871_bruker_nmr_training_g.1.pdf
https://oalm.swjtu.edu.cn/info/1201/21381.htm,4,open,200,text/html,no,none,no,
https://openstd.samr.gov.cn/,13,open,200,text/html,no,none,no,
https://openstd.samr.gov.cn/bzgk/gb/newGbInfo?hcno=0E0C42CADDB0D3E8DA27FECB80CCDE02,3,blocked_or_forbidden,403,text/html,no,none,no,
https://openstd.samr.gov.cn/bzgk/gb/newGbInfo?hcno=9C6A99E26AE0CA7E47B4BC9E8DF01F84,1,blocked_or_forbidden,403,text/html,no,none,no,
https://openstd.samr.gov.cn/bzgk/gb/newGbInfo?hcno=AEC2B0CFFC2BF1B8C7CF1888B77E2FE4,2,blocked_or_forbidden,403,text/html,no,none,no,
https://openstd.samr.gov.cn/bzgk/std/newGbInfo?hcno=6C80C3CF343258529DA8841981A036D1,1,blocked_or_forbidden,403,text/html,no,mirror,no,D:\newwork\Security\lab-safe-assistant-dify-rag\artifacts\kb_source_archive_20260723\OPENSTD-GBT27476.1.html | D:\newwork\Security\lab-safe-assistant-dify-rag\artifacts\kb_source_archive_20260723\OPENSTD-GBT27476.1.md
https://openstd.samr.gov.cn/bzgk/std/newGbInfo?hcno=8BFEEBBE490CBAC79543F0DAD96F2E2E,1,blocked_or_forbidden,403,text/html,no,mirror,no,D:\newwork\Security\lab-safe-assistant-dify-rag\artifacts\kb_source_archive_20260723\OPENSTD-GBT27476.5.html | D:\newwork\Security\lab-safe-assistant-dify-rag\artifacts\kb_source_archive_20260723\OPENSTD-GBT27476.5.md
https://openstd.samr.gov.cn/bzgk/std/newGbInfo?hcno=EB3B94B543F6E4CD18C044DE6AB64CEC,8,blocked_or_forbidden,403,text/html,no,original,no,D:\newwork\Security\lab-safe-assistant-dify-rag\artifacts\kb_source_archive_20260723\OPENSTD-GB19489-2008.html | D:\newwork\Security\lab-safe-assistant-dify-rag\artifacts\kb_source_archive_20260723\OPENSTD-GB19489-2008.md
https://ors.od.nih.gov/sr/dohs/Documents/biosafety-in-microbiological-and-biomedical-laboratories.PDF,67,open,200,application/pdf,yes,original,yes,D:\newwork\Security\lab-safe-assistant-dify-rag\artifacts\web_ingest_public_20260429\raw\NIH-BMBL6_biosafety-in-microbiological-and-biomedical-laboratories.PDF.pdf
https://ors.od.nih.gov/sr/dohs/Documents/chemical-hygiene-plan.pdf,78,open,200,application/pdf,yes,original,yes,D:\newwork\Security\lab-safe-assistant-dify-rag\artifacts\web_ingest_public_20260429\raw\NIH-CHP_chemical-hygiene-plan.pdf.pdf
https://ors.od.nih.gov/sr/dohs/Documents/chemical-safety-guide.pdf,70,open,200,application/pdf,yes,original,yes,D:\newwork\Security\lab-safe-assistant-dify-rag\artifacts\web_ingest_public_20260429\raw\NIH-CSG_chemical-safety-guide.pdf.pdf
https://ors.od.nih.gov/sr/dohs/Documents/chemical-segregation-and-storage.pdf,16,open,200,application/pdf,yes,original,yes,D:\newwork\Security\lab-safe-assistant-dify-rag\artifacts\web_ingest_public_20260429\raw\NIH-SEG_chemical-segregation-and-storage.pdf.pdf
https://ors.od.nih.gov/sr/dohs/Documents/compressed-gas-and-cryogen-safety-guidelines-document.pdf,25,open,200,application/pdf,yes,original,yes,D:\newwork\Security\lab-safe-assistant-dify-rag\artifacts\web_ingest_public_20260429\raw\NIH-GAS-CRYO_compressed-gas-and-cryogen-safety-guidelines-document.pdf.pdf
https://ors.od.nih.gov/sr/dohs/Documents/cryogen-fact-sheet.pdf,5,open,200,application/pdf,yes,original,yes,D:\newwork\Security\lab-safe-assistant-dify-rag\artifacts\web_ingest_public_20260429\raw\NIH-CRYOGEN-FS_cryogen-fact-sheet.pdf.pdf
https://ors.od.nih.gov/sr/dohs/Documents/exempt-toxin-program-requirements.pdf,7,open,200,application/pdf,yes,original,yes,D:\newwork\Security\lab-safe-assistant-dify-rag\artifacts\web_ingest_public_20260429\raw\NIH-TOXIN_exempt-toxin-program-requirements.pdf.pdf
https://ors.od.nih.gov/sr/dohs/Documents/exposure-control-plan.pdf,50,open,200,application/pdf,yes,original,yes,D:\newwork\Security\lab-safe-assistant-dify-rag\artifacts\web_ingest_public_20260429\raw\NIH-ECP_exposure-control-plan.pdf.pdf
https://ors.od.nih.gov/sr/dohs/Documents/fact-sheet-on-chemical-storage-cabinets.pdf,7,open,200,application/pdf,yes,original,yes,D:\newwork\Security\lab-safe-assistant-dify-rag\artifacts\web_ingest_public_20260429\raw\NIH-CABINET_fact-sheet-on-chemical-storage-cabinets.pdf.pdf
https://ors.od.nih.gov/sr/dohs/Documents/fact-sheet-on-compatible-chemical-storage.pdf,4,open,200,application/pdf,yes,original,yes,D:\newwork\Security\lab-safe-assistant-dify-rag\artifacts\web_ingest_public_20260429\raw\NIH-COMPAT-STORAGE_fact-sheet-on-compatible-chemical-storage.pdf.pdf
https://ors.od.nih.gov/sr/dohs/Documents/how-to-safely-clean-cfh-web.pdf,8,open,200,application/pdf,yes,original,yes,D:\newwork\Security\lab-safe-assistant-dify-rag\artifacts\web_ingest_public_20260429\raw\NIH-FUME-HOOD-CLEAN_how-to-safely-clean-cfh-web.pdf.pdf
https://ors.od.nih.gov/sr/dohs/Documents/inactivation-method-review-process.pdf,7,open,200,application/pdf,yes,original,yes,D:\newwork\Security\lab-safe-assistant-dify-rag\artifacts\web_ingest_public_20260429\raw\NIH-INACTIVATION_inactivation-method-review-process.pdf.pdf
https://ors.od.nih.gov/sr/dohs/Documents/lab-specific-sop-template.pdf,13,open,200,application/pdf,yes,original,yes,D:\newwork\Security\lab-safe-assistant-dify-rag\artifacts\web_ingest_public_20260429\raw\NIH-LAB-SOP-TEMPLATE_lab-specific-sop-template.pdf.pdf
https://ors.od.nih.gov/sr/dohs/Documents/laboratory-coat-selection-guidance.pdf,14,open,200,application/pdf,yes,original,yes,D:\newwork\Security\lab-safe-assistant-dify-rag\artifacts\web_ingest_public_20260429\raw\NIH-LABCOAT_laboratory-coat-selection-guidance.pdf.pdf
https://ors.od.nih.gov/sr/dohs/Documents/laser-safety-program.pdf,34,open,200,application/pdf,yes,original,yes,D:\newwork\Security\lab-safe-assistant-dify-rag\artifacts\web_ingest_public_20260429\raw\NIH-LASER_laser-safety-program.pdf.pdf
https://ors.od.nih.gov/sr/dohs/Documents/managing-peroxide-formers-in-the-lab.pdf,12,open,200,application/pdf,yes,original,yes,D:\newwork\Security\lab-safe-assistant-dify-rag\artifacts\web_ingest_public_20260429\raw\NIH-PEROXIDE_managing-peroxide-formers-in-the-lab.pdf.pdf
https://ors.od.nih.gov/sr/dohs/Documents/managing-pyrophoric-and-water-reactive-chemicals-in-the-laboratories.pdf,18,open,200,application/pdf,yes,original,yes,D:\newwork\Security\lab-safe-assistant-dify-rag\artifacts\web_ingest_public_20260429\raw\NIH-PYRO_managing-pyrophoric-and-water-reactive-chemicals-in-the-laboratories.pdf.pdf
https://ors.od.nih.gov/sr/dohs/Documents/nih-dichloromethane-health-and-safety-plan.pdf,18,open,200,application/pdf,yes,original,yes,D:\newwork\Security\lab-safe-assistant-dify-rag\artifacts\web_ingest_public_20260429\raw\NIH-DCM-PLAN_nih-dichloromethane-health-and-safety-plan.pdf.pdf
https://ors.od.nih.gov/sr/dohs/Documents/occupational-exposure-limits-for-chemicals.pdf,4,open,200,application/pdf,yes,original,yes,D:\newwork\Security\lab-safe-assistant-dify-rag\artifacts\web_ingest_public_20260429\raw\NIH-OEL_occupational-exposure-limits-for-chemicals.pdf.pdf
https://ors.od.nih.gov/sr/dohs/Documents/particularly-hazardous-substances-phs.pdf,9,open,200,application/pdf,yes,original,yes,D:\newwork\Security\lab-safe-assistant-dify-rag\artifacts\web_ingest_public_20260429\raw\NIH-PHS_particularly-hazardous-substances-phs.pdf.pdf
https://ors.od.nih.gov/sr/dohs/Documents/working-safely-with-dichloromethane.pdf,8,open,200,application/pdf,yes,original,yes,D:\newwork\Security\lab-safe-assistant-dify-rag\artifacts\web_ingest_public_20260429\raw\NIH-DCM_working-safely-with-dichloromethane.pdf.pdf
https://osp.od.nih.gov/biotechnology/nih-guidelines/,2,blocked_or_forbidden,403,text/html; charset=UTF-8,no,none,no,
https://osp.od.nih.gov/wp-content/uploads/NIH_Guidelines.pdf,5,blocked_or_forbidden,403,text/html; charset=UTF-8,yes,none,no,
https://physics.zju.edu.cn/2024/0326/c77289a2894887/page.psp,1,open,200,text/html;charset=UTF-8,no,none,no,
https://policies.unc.edu/TDClient/2833/Portal/KB/ArticleDet?ID=131963,2,open,200,text/html; charset=utf-8,no,none,no,
https://policies.unc.edu/TDClient/2833/Portal/KB/ArticleDet?ID=132022,2,open,200,text/html; charset=utf-8,no,none,no,
https://policies.unc.edu/TDClient/2833/Portal/KB/ArticleDet?ID=132032,1,open,200,text/html; charset=utf-8,no,none,no,
https://pubs.acs.org/doi/10.1016/j.jchas.2018.05.002,1,blocked_or_forbidden,403,text/html; charset=UTF-8,no,none,no,
https://pubs.acs.org/doi/10.1021/acs.jchemed.5b00511,2,blocked_or_forbidden,403,text/html; charset=UTF-8,no,none,no,
https://radiology.ucsf.edu/patient-care/patient-safety/mri-safety-guidelines/access-restriction,1,blocked_or_forbidden,403,text/html; charset=UTF-8,no,none,no,
https://reach.cdc.gov/sites/default/files/2025-07/Autoclave-Text-Version-UPDATED.pdf,2,open,200,application/pdf,yes,original,yes,D:\newwork\Security\lab-safe-assistant-dify-rag\artifacts\pdf_source_backups_20260725\files\016_reach.cdc.gov_75cb61930d_Autoclave-Text-Version-UPDATED.pdf
https://reach.cdc.gov/sites/default/files/job-aids-resources/Crisis%20Response%20Toolkit.pdf,4,open,200,application/pdf,yes,original,yes,D:\newwork\Security\lab-safe-assistant-dify-rag\artifacts\pdf_source_backups_20260725\files\006_reach.cdc.gov_7555d57f03_Crisis_Response_Toolkit.pdf
https://reagent.bjmu.edu.cn/file/20230414134400495_%E5%AE%9E%E9%AA%8C%E5%AE%A4%E5%AE%89%E5%85%A8%E6%89%8B%E5%86%8C%E5%8D%B0%E5%88%B7%E7%89%8820210610.pdf,1,open,200,application/pdf,yes,original,yes,D:\newwork\Security\lab-safe-assistant-dify-rag\artifacts\pdf_source_backups_20260725\files\046_reagent.bjmu.edu.cn_f653362bef_20230414134400495__20210610.pdf
https://research.harvard.edu/research-policies-compliance/lab-safety/,1,open,200,text/html; charset=UTF-8,no,none,no,
https://sbc.cug.edu.cn/info/1234/3228.htm,2,open,200,text/html,no,none,no,
https://sbc.sysu.edu.cn/article/570,16,open,200,text/html,no,none,no,
https://sbc.sysu.edu.cn/article/670,11,open,200,text/html,no,none,no,
https://sciex.com/content/dam/SCIEX/pdf/customer-docs/user-guide/safety-practices-guide-en.pdf,2,open,200,application/pdf,yes,original,yes,D:\newwork\Security\lab-safe-assistant-dify-rag\artifacts\pdf_source_backups_20260725\files\024_sciex.com_33d2d94ccf_safety-practices-guide-en.pdf
https://sdss-samplepreparation.stanford.edu/training-and-safety,3,open,200,text/html; charset=UTF-8,no,none,no,
https://smse.seu.edu.cn/_upload/article/2f/f2/c82ef33b4b0fa7e37d28e6e784be/e1702a0e-d3c7-4843-9d57-8a4c24093f9d.pdf,3,open,200,application/pdf,yes,original,yes,D:\newwork\Security\lab-safe-assistant-dify-rag\artifacts\pdf_source_backups_20260725\files\017_smse.seu.edu.cn_eebd584c1f_e1702a0e-d3c7-4843-9d57-8a4c24093f9d.pdf
https://spectrum.ieee.org/electrostatic-discharge,1,open,200,text/html; charset=utf-8,no,none,no,
https://stacks.cdc.gov/view/cdc/214551/cdc_214551_DS1.pdf,1,open,200,application/pdf,yes,original,yes,D:\newwork\Security\lab-safe-assistant-dify-rag\artifacts\pdf_source_backups_20260725\files\027_stacks.cdc.gov_98d1fd35e2_cdc_214551_DS1.pdf
https://sysglc.ntu.edu.cn/2024/0326/c8767a230277/page.htm,2,open,200,text/html,no,none,no,
https://sysglzx.jxycu.edu.cn/2024/0619/c4101a129320/page.htm,1,open,200,text/html;charset=UTF-8,no,none,no,
https://tools.thermofisher.com/content/sfs/manuals/iCAP%206000%20Spectrometers%20Pre-Installation%20Manual%20v4%202.pdf,1,blocked_or_forbidden,403,text/html,yes,none,no,
https://tuttnauer.com/sites/default/files/2021-10/Manual-Autoclaves-Cleaning_Weekly.pdf,1,open,200,application/pdf,yes,original,yes,D:\newwork\Security\lab-safe-assistant-dify-rag\artifacts\pdf_source_backups_20260725\files\048_tuttnauer.com_6017cb28d4_Manual-Autoclaves-Cleaning_Weekly.pdf
https://tuttnauer.com/us/support/faq-office-products,1,open,200,text/html; charset=UTF-8,no,none,no,
https://webstore.ansi.org/standards/aiha/ansiz9.5,1,blocked_or_forbidden,403,text/html; charset=UTF-8,no,none,no,
https://webstore.ansi.org/standards/lia/ansiz13612014,1,blocked_or_forbidden,403,text/html; charset=UTF-8,no,mirror,no,D:\newwork\Security\lab-safe-assistant-dify-rag\artifacts\kb_source_archive_20260723\LIA-ANSI-Z136.1.html | D:\newwork\Security\lab-safe-assistant-dify-rag\artifacts\kb_source_archive_20260723\LIA-ANSI-Z136.1.md
https://webstore.iec.ch/publication/3587,1,open,200,text/html; charset=UTF-8,no,none,no,
https://www-pub.iaea.org/MTCD/Publications/PDF/Pub1578_web-57265295.pdf,6,open,200,application/pdf,yes,original,yes,D:\newwork\Security\lab-safe-assistant-dify-rag\artifacts\pdf_source_backups_20260725\files\007_www-pub.iaea.org_e0b1124559_Pub1578_web-57265295.pdf
https://www.acs.org/content/dam/acsorg/about/governance/committees/chemicalsafety/academic-safety-culture-report.pdf,1,open,200,application/pdf,yes,original,yes,D:\newwork\Security\lab-safe-assistant-dify-rag\artifacts\pdf_source_backups_20260725\files\sslfix_016_www.acs.org_7885fdc906_academic-safety-culture-report.pdf
https://www.acs.org/content/dam/acsorg/acs-webinars/2018/slides/2018-10-11-lab-safety-culture-slides.pdf,1,open,200,text/html,yes,original,yes,D:\newwork\Security\lab-safe-assistant-dify-rag\artifacts\pdf_source_backups_20260725\files\029_www.acs.org_3aaf0337a5_2018-10-11-lab-safety-culture-slides.pdf
https://www.agilent.com/cs/library/brochures/Getting_your_HPLC_Back_up_and_running_flyer.pdf,1,network_error,,,yes,original,yes,D:\newwork\Security\lab-safe-assistant-dify-rag\artifacts\pdf_source_backups_20260725\files\005_www.agilent.com_2e85fcbdda_Getting_your_HPLC_Back_up_and_running_flyer.pdf
https://www.agilent.com/cs/library/eseminars/public/gc-detector-design-troubleshooting-flame-ionization-fid-theory-basics-gas-flows-july212020.pdf,1,network_error,,,yes,original,yes,D:\newwork\Security\lab-safe-assistant-dify-rag\artifacts\pdf_source_backups_20260725\files\006_www.agilent.com_84a914f168_gc-detector-design-troubleshooting-flame-ionization-fid-theory-basics-gas-flows-july212020.pdf
https://www.agilent.com/cs/library/primers/public/Best_Practice_LC_Operations.pdf,2,network_error,,,yes,original,yes,D:\newwork\Security\lab-safe-assistant-dify-rag\artifacts\pdf_source_backups_20260725\files\002_www.agilent.com_e78975e008_Best_Practice_LC_Operations.pdf
https://www.agilent.com/cs/library/sitepreparationchecklists/7800_7900_ICP-MS_Site_Preparation_Checklist_Rev.B.pdf,1,network_error,,,yes,original,yes,D:\newwork\Security\lab-safe-assistant-dify-rag\artifacts\pdf_source_backups_20260725\files\007_www.agilent.com_595a0c88ab_7800_7900_ICP-MS_Site_Preparation_Checklist_Rev.B.pdf
https://www.agilent.com/cs/library/sitepreparationchecklists/Agilent%208890%20GC%20Site%20Preparation%20Checklist.pdf,1,network_error,,,yes,original,yes,D:\newwork\Security\lab-safe-assistant-dify-rag\artifacts\pdf_source_backups_20260725\files\008_www.agilent.com_63de034a65_Agilent_8890_GC_Site_Preparation_Checklist.pdf
https://www.agilent.com/cs/library/usermanuals/public/5971-6636_Atomic_Safety_Info_EN.pdf,1,network_error,,,yes,original,yes,D:\newwork\Security\lab-safe-assistant-dify-rag\artifacts\pdf_source_backups_20260725\files\009_www.agilent.com_b61a8b42ed_5971-6636_Atomic_Safety_Info_EN.pdf
https://www.agilent.com/cs/library/usermanuals/public/7890A%20GC%20User%20Manual%20Collection.pdf,2,network_error,,,yes,original,yes,D:\newwork\Security\lab-safe-assistant-dify-rag\artifacts\pdf_source_backups_20260725\files\003_www.agilent.com_f579a36ba4_7890A_GC_User_Manual_Collection.pdf
https://www.agilent.com/cs/library/usermanuals/public/7890B_Safety.pdf,3,network_error,,,yes,original,yes,D:\newwork\Security\lab-safe-assistant-dify-rag\artifacts\pdf_source_backups_20260725\files\001_www.agilent.com_cf10926332_7890B_Safety.pdf
https://www.agilent.com/cs/library/usermanuals/public/9000_Operation.pdf,1,network_error,,,yes,original,yes,D:\newwork\Security\lab-safe-assistant-dify-rag\artifacts\pdf_source_backups_20260725\files\010_www.agilent.com_72f2f1302b_9000_Operation.pdf
https://www.agilent.com/cs/library/usermanuals/public/G1364E-User.pdf,1,network_error,,,yes,original,yes,D:\newwork\Security\lab-safe-assistant-dify-rag\artifacts\pdf_source_backups_20260725\files\011_www.agilent.com_1558986509_G1364E-User.pdf
https://www.agilent.com/cs/library/usermanuals/public/G3430-90052%207890B_Maintaining%20Guide.pdf,1,network_error,,,yes,original,yes,D:\newwork\Security\lab-safe-assistant-dify-rag\artifacts\pdf_source_backups_20260725\files\012_www.agilent.com_3fabcce5d1_G3430-90052_7890B_Maintaining_Guide.pdf
https://www.agilent.com/cs/library/usermanuals/public/user-guide-coverting-ei-gcms-instruments-5994-2312en-agilent.pdf,1,network_error,,,yes,original,yes,D:\newwork\Security\lab-safe-assistant-dify-rag\artifacts\pdf_source_backups_20260725\files\013_www.agilent.com_6cd4ed6324_user-guide-coverting-ei-gcms-instruments-5994-2312en-agilent.pdf
https://www.agilent.com/cs/library/usermanuals/public/user-manual-gcms-hydrogen-safety-q7003-90053-en-agilent.pdf,2,network_error,,,yes,original,yes,D:\newwork\Security\lab-safe-assistant-dify-rag\artifacts\pdf_source_backups_20260725\files\repl_003_www.agilent.com_6d748cab68_user-manual-gcms-hydrogen-safety-q7003-90053-en-agilent.pdf
https://www.agilent.com/cs/library/usermanuals/public/usermanual-gc-operation-8890-g3540-90014-en-agilent.pdf,1,network_error,,,yes,original,yes,D:\newwork\Security\lab-safe-assistant-dify-rag\artifacts\pdf_source_backups_20260725\files\014_www.agilent.com_f1ec1c8e28_usermanual-gc-operation-8890-g3540-90014-en-agilent.pdf
https://www.agilent.com/en/product/atomic-spectroscopy/atomic-absorption/aas-resource-hub,1,network_error,,,no,none,no,
https://www.agilent.com/en/product/atomic-spectroscopy/atomic-absorption/atomic-absorption-background-correction-lamps/deuterium-lamps,1,network_error,,,no,none,no,
https://www.agilent.com/en/product/atomic-spectroscopy/atomic-absorption/atomic-absorption-hollow-cathode-lamps,1,network_error,,,no,none,no,
https://www.agilent.com/en/product/atomic-spectroscopy/inductively-coupled-plasma-mass-spectrometry-icp-ms/icp-ms-instrument-accessory-supplies/tools-manuals-for-icp-ms,1,network_error,,,no,none,no,
https://www.agilent.com/en/product/atomic-spectroscopy/inductively-coupled-plasma-mass-spectrometry-icp-ms/icp-ms-instruments/7800-icp-ms,1,network_error,,,no,none,no,
https://www.agilent.com/en/product/liquid-chromatography/hplc-detectors,1,network_error,,,no,none,no,
https://www.agilent.com/en/product/liquid-chromatography/hplc-supplies-accessories,1,network_error,,,no,none,no,
https://www.agilent.com/en/product/liquid-chromatography/hplc-supplies-accessories/solvent-management-for-hplc/stay-safe-caps-accessories-for-hplc,1,network_error,,,no,none,no,
https://www.agilent.com/en/product/liquid-chromatography/hplc-systems,1,network_error,,,no,none,no,
https://www.agilent.com/en/product/liquid-chromatography/hplc-systems/preparative-hplc-systems/1290-infinity-ii-preparative-lc-msd-system,1,network_error,,,no,none,no,
https://www.agilent.com/en/product/liquid-chromatography/mass-spectrometry-lc-ms,1,network_error,,,no,none,no,
https://www.agilent.com/en/product/liquid-chromatography/mass-spectrometry-lc-ms/infinitylab-lc-msd-series,1,network_error,,,no,none,no,
https://www.agilent.com/library/usermanuals/Public/G9214-90000_RapidFire360_User_RevD.pdf,1,network_error,,,yes,original,yes,D:\newwork\Security\lab-safe-assistant-dify-rag\artifacts\pdf_source_backups_20260725\files\015_www.agilent.com_9ab71fafa6_G9214-90000_RapidFire360_User_RevD.pdf
https://www.atcc.org/resources/culture-guides,1,open,200,text/html; charset=utf-8,no,none,no,
https://www.atsdr.cdc.gov/emergency-response/resources/emergency-responders.html,1,open,200,text/html,no,none,no,
https://www.bc.edu/content/dam/bc1/schools/mcas/Chemistry/pdf/research/nmr/NMR_Safety_Plan.pdf,3,open,200,application/pdf,yes,original,yes,D:\newwork\Security\lab-safe-assistant-dify-rag\artifacts\pdf_source_backups_20260725\files\018_www.bc.edu_2e36f7aeb9_NMR_Safety_Plan.pdf
https://www.beckman.com/landing/centrifuges/optima-x,1,blocked_or_forbidden,403,text/html; charset=UTF-8,no,none,no,
https://www.birmingham.ac.uk/documents/college-eps/chemical/science-city/brochure-br010en-03-a-invia-confocal-raman-microscope-1.pdf,1,open,200,application/pdf,yes,original,yes,D:\newwork\Security\lab-safe-assistant-dify-rag\artifacts\pdf_source_backups_20260725\files\051_www.birmingham.ac.uk_68514fa131_brochure-br010en-03-a-invia-confocal-raman-microscope-1.pdf
https://www.bruker.com/en/landingpages/bbio/fourier-80-academic-research.html,1,open,200,text/html;charset=utf-8,no,none,no,
https://www.bruker.com/en/news-and-events/news/2021/bruker-connects-1000th-nmr-magnet-to-labscape-remote-monitoring.html,2,open,200,text/html;charset=utf-8,no,none,no,
https://www.bruker.com/en/news-and-events/news/2023/bruker-announces-new-d6-phaser-benchtop-x-ray-diffraction-platform-for-materials-analysis-and-advanced-research.html,1,open,200,text/html;charset=utf-8,no,none,no,
https://www.bruker.com/en/news-and-events/newsletter/2021/first-newsletter-february-2021.html,1,blocked_or_forbidden,401,text/html;charset=UTF-8,no,none,no,
https://www.bruker.com/en/products-and-solutions/diffractometers-and-x-ray-microscopes/single-crystal-x-ray-diffractometers/d8-venture.html,1,open,200,text/html;charset=utf-8,no,none,no,
https://www.bruker.com/en/products-and-solutions/diffractometers-and-x-ray-microscopes/single-crystal-x-ray-diffractometers/sc-xrd-components/isx-stage.html,1,open,200,text/html;charset=utf-8,no,none,no,
https://www.bruker.com/en/products-and-solutions/diffractometers-and-x-ray-microscopes/x-ray-diffractometers/d8-advance-family.html,4,open,200,text/html;charset=utf-8,no,none,no,
https://www.bruker.com/en/products-and-solutions/diffractometers-and-x-ray-microscopes/x-ray-diffractometers/d8-advance-family/d8-advance.html,3,open,200,text/html;charset=utf-8,no,none,no,
https://www.bruker.com/en/products-and-solutions/diffractometers-and-x-ray-microscopes/x-ray-diffractometers/d8-discover-family.html,1,open,200,text/html;charset=utf-8,no,none,no,
https://www.bruker.com/en/products-and-solutions/diffractometers-and-x-ray-microscopes/x-ray-diffractometers/d8-endeavor.html,1,open,200,text/html;charset=utf-8,no,none,no,
https://www.ccohs.ca/topics/hazards/chemical,1,open,200,text/html; charset=utf-8,no,none,no,
https://www.ccohs.ca/topics/hazards/chemical/effects,1,open,200,text/html; charset=utf-8,no,none,no,
https://www.ccohs.ca/topics/hazards/chemical/whmis,1,open,200,text/html; charset=utf-8,no,none,no,
https://www.cdc.gov/bird-flu/php/severe-potential/guidelines-for-laboratory-biosafety.html,1,blocked_or_forbidden,403,text/html,no,none,no,
https://www.cdc.gov/chemical-threats-and-toxins-laboratory/about/index.html,1,blocked_or_forbidden,403,text/html,no,none,no,
https://www.cdc.gov/chemical-threats-and-toxins-laboratory/php/story/chemical-terrorism-preparation.html,1,blocked_or_forbidden,403,text/html,no,none,no,
https://www.cdc.gov/eis/field-epi-manual/chapters/Epi-lab-Collaboration.html,1,blocked_or_forbidden,403,text/html,no,none,no,
https://www.cdc.gov/laboratory-systems/php/about/index.html,1,blocked_or_forbidden,403,text/html,no,none,no,
https://www.cdc.gov/labs/BMBL.html,27,blocked_or_forbidden,403,text/html,no,none,no,
https://www.cdc.gov/labs/bmbl.html,5,blocked_or_forbidden,403,text/html,no,none,no,
https://www.cdc.gov/labs/bmbl/,8,blocked_or_forbidden,403,text/html,no,none,no,
https://www.cdc.gov/labs/bmbl/index.html,2,blocked_or_forbidden,403,text/html,no,none,no,
https://www.cdc.gov/labs/index.html,1,blocked_or_forbidden,403,text/html,no,none,no,
https://www.cdc.gov/labs/pdf/SF__19_308133-A_BMBL6_00-BOOK-WEB-final-3.pdf,139,open,200,application/pdf,yes,original,yes,D:\newwork\Security\lab-safe-assistant-dify-rag\artifacts\web_ingest_public_20260429\raw\CDC-BMBL6_SF__19_308133-A_BMBL6_00-BOOK-WEB-final-3.pdf.pdf
https://www.cdc.gov/mmWR/preview/mmwrhtml/00001222.htm,1,blocked_or_forbidden,403,text/html,no,none,no,
https://www.cdc.gov/mmwr/preview/mmwrhtml/00001761.htm,1,blocked_or_forbidden,403,text/html,no,none,no,
https://www.cdc.gov/mmwr/preview/mmwrhtml/00016258.htm,1,blocked_or_forbidden,403,text/html,no,none,no,
https://www.cdc.gov/mmwr/preview/mmwrhtml/00026209.htm,1,blocked_or_forbidden,403,text/html,no,none,no,
https://www.cdc.gov/mmwr/preview/mmwrhtml/su6101a1.htm,14,blocked_or_forbidden,403,text/html,no,none,no,
https://www.cdc.gov/monkeypox/php/laboratories/biosafety.html,1,blocked_or_forbidden,403,text/html,no,none,no,
https://www.cdc.gov/niosh/bulletin/2015/tank-gauging.html,1,blocked_or_forbidden,403,text/html,no,none,no,
https://www.cdc.gov/niosh/bulletin/2016/noise.html,1,blocked_or_forbidden,403,text/html,no,none,no,
https://www.cdc.gov/niosh/bulletin/2026/contaminated-ff-gear.html,1,blocked_or_forbidden,403,text/html,no,none,no,
https://www.cdc.gov/niosh/chemicals/,1,blocked_or_forbidden,403,text/html,no,none,no,
https://www.cdc.gov/niosh/docket/archive/docket295.html,1,blocked_or_forbidden,403,text/html,no,none,no,
https://www.cdc.gov/niosh/docket/archive/pdfs/NIOSH-159/0159-020109-Sheet404.pdf,3,open,200,application/pdf,yes,original,yes,D:\newwork\Security\lab-safe-assistant-dify-rag\artifacts\pdf_source_backups_20260725\files\011_www.cdc.gov_d63122f612_0159-020109-Sheet404.pdf
https://www.cdc.gov/niosh/docs/2007-107/default.html,1,blocked_or_forbidden,403,text/html,no,none,no,
https://www.cdc.gov/niosh/docs/2007-107/pdfs/2007-107.pdf,4,open,200,application/pdf,yes,original,yes,D:\newwork\Security\lab-safe-assistant-dify-rag\artifacts\pdf_source_backups_20260725\files\007_www.cdc.gov_d4f78c722a_2007-107.pdf
https://www.cdc.gov/niosh/docs/2009-147/pdfs/2009-147-revised.pdf,1,open,200,application/pdf,yes,original,yes,D:\newwork\Security\lab-safe-assistant-dify-rag\artifacts\pdf_source_backups_20260725\files\030_www.cdc.gov_e29148dfdb_2009-147-revised.pdf
https://www.cdc.gov/niosh/docs/2011-199/pdfs/2011-199.pdf,1,open,200,application/pdf,yes,original,yes,D:\newwork\Security\lab-safe-assistant-dify-rag\artifacts\pdf_source_backups_20260725\files\031_www.cdc.gov_2f2ec580d1_2011-199.pdf
https://www.cdc.gov/niosh/docs/2011-200/pdfs/2011-200.pdf,1,open,200,application/pdf,yes,original,yes,D:\newwork\Security\lab-safe-assistant-dify-rag\artifacts\pdf_source_backups_20260725\files\032_www.cdc.gov_0c673239e9_2011-200.pdf
https://www.cdc.gov/niosh/docs/2012-123/pdfs/2012-123.pdf,1,open,200,application/pdf,yes,original,yes,D:\newwork\Security\lab-safe-assistant-dify-rag\artifacts\pdf_source_backups_20260725\files\033_www.cdc.gov_1f06f0fc6b_2012-123.pdf
https://www.cdc.gov/niosh/docs/2013-145/default.html,1,blocked_or_forbidden,403,text/html,no,none,no,
https://www.cdc.gov/niosh/docs/2014-102/pdfs/2014-102.pdf,2,open,200,application/pdf,yes,original,yes,D:\newwork\Security\lab-safe-assistant-dify-rag\artifacts\pdf_source_backups_20260725\files\017_www.cdc.gov_7ace507565_2014-102.pdf
https://www.cdc.gov/niosh/docs/2021-112/default.html,2,blocked_or_forbidden,403,text/html,no,none,no,
https://www.cdc.gov/niosh/docs/2023-139/pdfs/2023-139revised092023.pdf,1,open,200,application/pdf,yes,original,yes,D:\newwork\Security\lab-safe-assistant-dify-rag\artifacts\pdf_source_backups_20260725\files\034_www.cdc.gov_d0b717ab25_2023-139revised092023.pdf
https://www.cdc.gov/niosh/docs/2025-107/pdfs/2025-107.pdf,1,open,200,application/pdf,yes,original,yes,D:\newwork\Security\lab-safe-assistant-dify-rag\artifacts\pdf_source_backups_20260725\files\035_www.cdc.gov_674a7e7f5a_2025-107.pdf
https://www.cdc.gov/niosh/docs/87-104/default.html,1,blocked_or_forbidden,403,text/html,no,none,no,
https://www.cdc.gov/niosh/docs/hazardcontrol/hc24.html,1,blocked_or_forbidden,403,text/html,no,none,no,
https://www.cdc.gov/niosh/docs/hazardcontrol/hc26.html,1,blocked_or_forbidden,403,text/html,no,none,no,
https://www.cdc.gov/niosh/docs/mining/works/coversheet2222.html,1,blocked_or_forbidden,403,text/html,no,none,no,
https://www.cdc.gov/niosh/docs/wp-solutions/2025-100/pdfs/2025-100.pdf,1,open,200,application/pdf,yes,original,yes,D:\newwork\Security\lab-safe-assistant-dify-rag\artifacts\pdf_source_backups_20260725\files\036_www.cdc.gov_809385b67a_2025-100.pdf
https://www.cdc.gov/niosh/engcontrols/ecd/detail28.html,1,blocked_or_forbidden,403,text/html,no,none,no,
https://www.cdc.gov/niosh/ershdb/about.html,1,blocked_or_forbidden,403,text/html,no,none,no,
https://www.cdc.gov/niosh/ershdb/default.html,1,blocked_or_forbidden,403,text/html,no,none,no,
https://www.cdc.gov/niosh/ershdb/emergencyresponsecard_29750006.html,1,blocked_or_forbidden,403,text/html,no,none,no,
https://www.cdc.gov/niosh/ershdb/emergencyresponsecard_29750007.html,2,blocked_or_forbidden,403,text/html,no,none,no,
https://www.cdc.gov/niosh/ershdb/emergencyresponsecard_29750012.html,1,blocked_or_forbidden,403,text/html,no,none,no,
https://www.cdc.gov/niosh/ershdb/emergencyresponsecard_29750013.html,1,blocked_or_forbidden,403,text/html,no,none,no,
https://www.cdc.gov/niosh/ershdb/emergencyresponsecard_29750021.html,1,blocked_or_forbidden,403,text/html,no,none,no,
https://www.cdc.gov/niosh/ershdb/emergencyresponsecard_29750024.html,1,blocked_or_forbidden,403,text/html,no,none,no,
https://www.cdc.gov/niosh/ershdb/emergencyresponsecard_29750025.html,1,blocked_or_forbidden,403,text/html,no,none,no,
https://www.cdc.gov/niosh/ershdb/emergencyresponsecard_29750027.html,1,blocked_or_forbidden,403,text/html,no,none,no,
https://www.cdc.gov/niosh/ershdb/emergencyresponsecard_29750030.html,2,blocked_or_forbidden,403,text/html,no,none,no,
https://www.cdc.gov/niosh/ershdb/emergencyresponsecard_29750031.html,1,blocked_or_forbidden,403,text/html,no,none,no,
https://www.cdc.gov/niosh/ershdb/emergencyresponsecard_29750035.html,1,blocked_or_forbidden,403,text/html,no,none,no,
https://www.cdc.gov/niosh/exposure-banding/about/,1,blocked_or_forbidden,403,text/html,no,none,no,
https://www.cdc.gov/niosh/hhe/,1,blocked_or_forbidden,403,text/html,no,none,no,
https://www.cdc.gov/niosh/hhe/reports/pdfs/1993-0802-2338.pdf,1,open,200,application/pdf,yes,original,yes,D:\newwork\Security\lab-safe-assistant-dify-rag\artifacts\pdf_source_backups_20260725\files\037_www.cdc.gov_6c0e51fbe9_1993-0802-2338.pdf
https://www.cdc.gov/niosh/hhe/reports/pdfs/1999-0313-2802.pdf,1,open,200,application/pdf,yes,original,yes,D:\newwork\Security\lab-safe-assistant-dify-rag\artifacts\pdf_source_backups_20260725\files\038_www.cdc.gov_1c45147cb5_1999-0313-2802.pdf
https://www.cdc.gov/niosh/hhe/reports/pdfs/2017-0114-3357.pdf,1,open,200,application/pdf,yes,original,yes,D:\newwork\Security\lab-safe-assistant-dify-rag\artifacts\pdf_source_backups_20260725\files\039_www.cdc.gov_4264504700_2017-0114-3357.pdf
https://www.cdc.gov/niosh/hhe/reports/pdfs/74-7-270.pdf,1,open,200,application/pdf,yes,original,yes,D:\newwork\Security\lab-safe-assistant-dify-rag\artifacts\pdf_source_backups_20260725\files\040_www.cdc.gov_155c899d97_74-7-270.pdf
https://www.cdc.gov/niosh/hhe/reports/pdfs/83-63-1364.pdf,1,open,200,application/pdf,yes,original,yes,D:\newwork\Security\lab-safe-assistant-dify-rag\artifacts\pdf_source_backups_20260725\files\041_www.cdc.gov_de8e61f710_83-63-1364.pdf
https://www.cdc.gov/niosh/idlh/107131.html,1,blocked_or_forbidden,403,text/html,no,none,no,
https://www.cdc.gov/niosh/idlh/630080.html,1,blocked_or_forbidden,403,text/html,no,none,no,
https://www.cdc.gov/niosh/idlh/67561.html,1,blocked_or_forbidden,403,text/html,no,none,no,
https://www.cdc.gov/niosh/idlh/71432.html,2,blocked_or_forbidden,403,text/html,no,none,no,
https://www.cdc.gov/niosh/idlh/7439976.html,1,blocked_or_forbidden,403,text/html,no,none,no,
https://www.cdc.gov/niosh/idlh/7664417.html,2,blocked_or_forbidden,403,text/html,no,none,no,
https://www.cdc.gov/niosh/idlh/7782505.html,2,blocked_or_forbidden,403,text/html,no,none,no,
https://www.cdc.gov/niosh/idlh/7783064.html,1,blocked_or_forbidden,403,text/html,no,none,no,
https://www.cdc.gov/niosh/idlh/79016.html,1,blocked_or_forbidden,403,text/html,no,none,no,
https://www.cdc.gov/niosh/idlh/79061.html,1,blocked_or_forbidden,403,text/html,no,none,no,
https://www.cdc.gov/niosh/idlh/8030306.html,1,blocked_or_forbidden,403,text/html,no,none,no,
https://www.cdc.gov/niosh/idlh/cyanides.html,2,blocked_or_forbidden,403,text/html,no,none,no,
https://www.cdc.gov/niosh/idlh/default.html,1,blocked_or_forbidden,403,text/html,no,none,no,
https://www.cdc.gov/niosh/idlh/intridl4.html,2,blocked_or_forbidden,403,text/html,no,none,no,
https://www.cdc.gov/niosh/nano/about/index.html,3,blocked_or_forbidden,403,text/html,no,none,no,
https://www.cdc.gov/niosh/npg/default.html,1,blocked_or_forbidden,403,text/html,no,none,no,
https://www.cdc.gov/niosh/npg/firstaid.html,1,blocked_or_forbidden,403,text/html,no,none,no,
https://www.cdc.gov/niosh/npg/nengapdxa.html,1,blocked_or_forbidden,403,text/html,no,none,no,
https://www.cdc.gov/niosh/npg/nengapdxc.html,1,blocked_or_forbidden,403,text/html,no,none,no,
https://www.cdc.gov/niosh/npg/npgd0004.html,2,blocked_or_forbidden,403,text/html,no,mirror,no,D:\newwork\Security\lab-safe-assistant-dify-rag\artifacts\kb_source_archive_20260723\NIOSH-PocketGuide-2005-149.pdf | D:\newwork\Security\lab-safe-assistant-dify-rag\artifacts\kb_source_archive_20260723\NIOSH-PG-Acetone.md
https://www.cdc.gov/niosh/npg/npgd0008.html,2,blocked_or_forbidden,403,text/html,no,mirror,no,D:\newwork\Security\lab-safe-assistant-dify-rag\artifacts\kb_source_archive_20260723\NIOSH-PocketGuide-2005-149.pdf | D:\newwork\Security\lab-safe-assistant-dify-rag\artifacts\kb_source_archive_20260723\NIOSH-PG-Acetonitrile.md
https://www.cdc.gov/niosh/npg/npgd0012.html,1,blocked_or_forbidden,403,text/html,no,none,no,
https://www.cdc.gov/niosh/npg/npgd0028.html,1,blocked_or_forbidden,403,text/html,no,none,no,
https://www.cdc.gov/niosh/npg/npgd0030.html,1,blocked_or_forbidden,403,text/html,no,none,no,
https://www.cdc.gov/niosh/npg/npgd0038.html,1,blocked_or_forbidden,403,text/html,no,none,no,
https://www.cdc.gov/niosh/npg/npgd0049.html,1,blocked_or_forbidden,403,text/html,no,none,no,
https://www.cdc.gov/niosh/npg/npgd0087.html,1,blocked_or_forbidden,403,text/html,no,none,no,
https://www.cdc.gov/niosh/npg/npgd0103.html,1,blocked_or_forbidden,403,text/html,no,none,no,
https://www.cdc.gov/niosh/npg/npgd0105.html,1,blocked_or_forbidden,403,text/html,no,none,no,
https://www.cdc.gov/niosh/npg/npgd0107.html,2,blocked_or_forbidden,403,text/html,no,mirror,no,D:\newwork\Security\lab-safe-assistant-dify-rag\artifacts\kb_source_archive_20260723\NIOSH-PocketGuide-2005-149.pdf | D:\newwork\Security\lab-safe-assistant-dify-rag\artifacts\kb_source_archive_20260723\NIOSH-PG-Chloroform.md
https://www.cdc.gov/niosh/npg/npgd0141.html,1,blocked_or_forbidden,403,text/html,no,none,no,
https://www.cdc.gov/niosh/npg/npgd0174.html,1,blocked_or_forbidden,403,text/html,no,none,no,
https://www.cdc.gov/niosh/npg/npgd0223.html,1,blocked_or_forbidden,403,text/html,no,none,no,
https://www.cdc.gov/niosh/npg/npgd0237.html,1,blocked_or_forbidden,403,text/html,no,none,no,
https://www.cdc.gov/niosh/npg/npgd0261.html,1,blocked_or_forbidden,403,text/html,no,none,no,
https://www.cdc.gov/niosh/npg/npgd0262.html,2,blocked_or_forbidden,403,text/html,no,mirror,no,D:\newwork\Security\lab-safe-assistant-dify-rag\artifacts\kb_source_archive_20260723\NIOSH-PocketGuide-2005-149.pdf | D:\newwork\Security\lab-safe-assistant-dify-rag\artifacts\kb_source_archive_20260723\NIOSH-PG-2-Ethoxyethanol.md
https://www.cdc.gov/niosh/npg/npgd0267.html,2,blocked_or_forbidden,403,text/html,no,none,no,
https://www.cdc.gov/niosh/npg/npgd0277.html,2,blocked_or_forbidden,403,text/html,no,none,no,
https://www.cdc.gov/niosh/npg/npgd0312.html,2,blocked_or_forbidden,403,text/html,no,mirror,no,D:\newwork\Security\lab-safe-assistant-dify-rag\artifacts\kb_source_archive_20260723\NIOSH-PocketGuide-2005-149.pdf | D:\newwork\Security\lab-safe-assistant-dify-rag\artifacts\kb_source_archive_20260723\NIOSH-PG-nHexane.md
https://www.cdc.gov/niosh/npg/npgd0322.html,1,blocked_or_forbidden,403,text/html,no,none,no,
https://www.cdc.gov/niosh/npg/npgd0333.html,1,blocked_or_forbidden,403,text/html,no,none,no,
https://www.cdc.gov/niosh/npg/npgd0335.html,1,blocked_or_forbidden,403,text/html,no,none,no,
https://www.cdc.gov/niosh/npg/npgd0336.html,1,blocked_or_forbidden,403,text/html,no,none,no,
https://www.cdc.gov/niosh/npg/npgd0359.html,1,blocked_or_forbidden,403,text/html,no,none,no,
https://www.cdc.gov/niosh/npg/npgd0388.html,1,blocked_or_forbidden,403,text/html,no,none,no,
https://www.cdc.gov/niosh/npg/npgd0394.html,1,blocked_or_forbidden,403,text/html,no,none,no,
https://www.cdc.gov/niosh/npg/npgd0397.html,2,blocked_or_forbidden,403,text/html,no,mirror,no,D:\newwork\Security\lab-safe-assistant-dify-rag\artifacts\kb_source_archive_20260723\NIOSH-PocketGuide-2005-149.pdf | D:\newwork\Security\lab-safe-assistant-dify-rag\artifacts\kb_source_archive_20260723\NIOSH-PG-MethylAlcohol.md
https://www.cdc.gov/niosh/npg/npgd0414.html,2,blocked_or_forbidden,403,text/html,no,mirror,no,D:\newwork\Security\lab-safe-assistant-dify-rag\artifacts\kb_source_archive_20260723\NIOSH-PocketGuide-2005-149.pdf | D:\newwork\Security\lab-safe-assistant-dify-rag\artifacts\kb_source_archive_20260723\NIOSH-PG-MethyleneChloride.md
https://www.cdc.gov/niosh/npg/npgd0466.html,1,blocked_or_forbidden,403,text/html,no,none,no,
https://www.cdc.gov/niosh/npg/npgd0493.html,1,blocked_or_forbidden,403,text/html,no,none,no,
https://www.cdc.gov/niosh/npg/npgd0501.html,1,blocked_or_forbidden,403,text/html,no,none,no,
https://www.cdc.gov/niosh/npg/npgd0503.html,1,blocked_or_forbidden,403,text/html,no,none,no,
https://www.cdc.gov/niosh/npg/npgd0539.html,1,blocked_or_forbidden,403,text/html,no,none,no,
https://www.cdc.gov/niosh/npg/npgd0544.html,1,blocked_or_forbidden,403,text/html,no,none,no,
https://www.cdc.gov/niosh/npg/npgd0554.html,1,blocked_or_forbidden,403,text/html,no,none,no,
https://www.cdc.gov/niosh/npg/npgd0560.html,1,blocked_or_forbidden,403,text/html,no,none,no,
https://www.cdc.gov/niosh/npg/npgd0589.html,1,blocked_or_forbidden,403,text/html,no,none,no,
https://www.cdc.gov/niosh/npg/npgd0602.html,2,blocked_or_forbidden,403,text/html,no,mirror,no,D:\newwork\Security\lab-safe-assistant-dify-rag\artifacts\kb_source_archive_20260723\NIOSH-PocketGuide-2005-149.pdf | D:\newwork\Security\lab-safe-assistant-dify-rag\artifacts\kb_source_archive_20260723\NIOSH-PG-Tetrahydrofuran.md
https://www.cdc.gov/niosh/npg/npgd0609.html,1,blocked_or_forbidden,403,text/html,no,none,no,
https://www.cdc.gov/niosh/npg/npgd0619.html,3,blocked_or_forbidden,403,text/html,no,mirror,no,D:\newwork\Security\lab-safe-assistant-dify-rag\artifacts\kb_source_archive_20260723\NIOSH-PocketGuide-2005-149.pdf | D:\newwork\Security\lab-safe-assistant-dify-rag\artifacts\kb_source_archive_20260723\NIOSH-PG-Toluene.md
https://www.cdc.gov/niosh/npg/npgd0626.html,1,blocked_or_forbidden,403,text/html,no,none,no,
https://www.cdc.gov/niosh/npg/npgd0629.html,1,blocked_or_forbidden,403,text/html,no,none,no,
https://www.cdc.gov/niosh/npg/npgd0658.html,1,blocked_or_forbidden,403,text/html,no,none,no,
https://www.cdc.gov/niosh/npg/npgd0667.html,2,blocked_or_forbidden,403,text/html,no,mirror,no,D:\newwork\Security\lab-safe-assistant-dify-rag\artifacts\kb_source_archive_20260723\NIOSH-PocketGuide-2005-149.pdf | D:\newwork\Security\lab-safe-assistant-dify-rag\artifacts\kb_source_archive_20260723\NIOSH-PG-Xylene.md
https://www.cdc.gov/niosh/pel88/1310-73.html,1,blocked_or_forbidden,403,text/html,no,none,no,
https://www.cdc.gov/niosh/skin-exposure/about/index.html,3,blocked_or_forbidden,403,text/html,no,none,no,
https://www.cdc.gov/niosh/topics/bbp/,1,blocked_or_forbidden,403,text/html,no,none,no,
https://www.cdc.gov/niosh/topics/fentanyl/risk.html,1,blocked_or_forbidden,403,text/html,no,none,no,
https://www.cdc.gov/niosh/topics/hydrogen-peroxide/default.html,1,blocked_or_forbidden,403,text/html,no,none,no,
https://www.cdc.gov/niosh/topics/nanotech/,1,blocked_or_forbidden,403,text/html,no,none,no,
https://www.cdc.gov/niosh/topics/organsolv/,2,blocked_or_forbidden,403,text/html,no,none,no,
https://www.cdc.gov/niosh/topics/sulfuric-acid/default.html,1,blocked_or_forbidden,403,text/html,no,none,no,
https://www.cdc.gov/safe-labs/php/about/index.html,1,blocked_or_forbidden,403,text/html,no,none,no,
https://www.cdc.gov/safe-labs/php/biological-risk-assessment/index.html,1,blocked_or_forbidden,403,text/html,no,none,no,
https://www.cdc.gov/safe-labs/php/biorisk-management/index.html,1,blocked_or_forbidden,403,text/html,no,none,no,
https://www.cdc.gov/safe-labs/php/biosafety-town-hall/index.html,1,blocked_or_forbidden,403,text/html,no,none,no,
https://www.cdc.gov/safe-labs/php/echo-biosafety-2023/index.html,1,blocked_or_forbidden,403,text/html,no,none,no,
https://www.cdc.gov/safe-labs/php/echo-biosafety/index.html,1,blocked_or_forbidden,403,text/html,no,none,no,
https://www.cdc.gov/sharpssafety/resources.html,1,blocked_or_forbidden,403,text/html,no,none,no,
https://www.cdc.gov/training/quicklearns/biosafety/,1,blocked_or_forbidden,403,text/html,no,none,no,
https://www.cernet.edu.cn/ke_yan_yu_fa_zhan/gai_kuang/xin_wen_gong_gao/202302/t20230221_2301697.shtml,6,network_error,200,text/html,no,none,no,
https://www.csb.gov/csb-releases-investigation-into-2010-texas-tech-laboratory-accident-case-study-identifies-systemic-deficiencies-in-university-safety-management-practices/,3,open,200,text/html; charset=utf-8,no,none,no,
https://www.csb.gov/csb-releases-new-video-on-laboratory-safety-at-academic-institutions/,1,open,200,text/html; charset=utf-8,no,none,no,
https://www.csb.gov/statement-from-csb-chairperson-rafael-moure-eraso-on-high-school-laboratory-fire-in-new-york-city-/,1,open,200,text/html; charset=utf-8,no,none,no,
https://www.csi.cuny.edu/sites/default/files/pdf/administration/finance/ehs/CSI_Chemical_Hygiene_Plan.pdf,1,open,200,application/pdf,yes,original,yes,D:\newwork\Security\lab-safe-assistant-dify-rag\artifacts\pdf_source_backups_20260725\files\064_www.csi.cuny.edu_a0f7b3baf1_CSI_Chemical_Hygiene_Plan.pdf
https://www.edu.cn/ke_yan_yu_fa_zhan/gai_kuang/xin_wen_gong_gao/202404/t20240422_2600021.shtml,1,network_error,200,text/html,no,none,no,
https://www.ehs.ufl.edu/departments/research-safety-services/chemical-safety/cryogens/,1,open,200,text/html; charset=UTF-8,no,none,no,
https://www.ehs.washington.edu/biological/biohazardous-waste,9,open,200,text/html; charset=UTF-8,no,original,no,D:\newwork\Security\lab-safe-assistant-dify-rag\artifacts\web_ingest_public_20260429\raw\UW-BIO-WASTE_biohazardous-waste.html
https://www.ehs.washington.edu/biological/biohazardous-waste/autoclave-safety,1,open,200,text/html; charset=UTF-8,no,none,no,
https://www.ehs.washington.edu/biological/biological-safety-cabinets,1,open,200,text/html; charset=UTF-8,no,none,no,
https://www.ehs.washington.edu/chemical/chemical-safety,5,open,200,text/html; charset=UTF-8,no,original,no,D:\newwork\Security\lab-safe-assistant-dify-rag\artifacts\web_ingest_public_20260429\raw\UW-CHEM-SAFETY_chemical-safety.html
https://www.ehs.washington.edu/chemical/chemical-waste,13,open,200,text/html; charset=UTF-8,no,original,no,D:\newwork\Security\lab-safe-assistant-dify-rag\artifacts\web_ingest_public_20260429\raw\UW-CHEM-WASTE_chemical-waste.html
https://www.ehs.washington.edu/research-lab/fume-hoods-use-inspection-and-maintenance,8,open,200,text/html; charset=UTF-8,no,original,no,D:\newwork\Security\lab-safe-assistant-dify-rag\artifacts\web_ingest_public_20260429\raw\UW-FUME-HOODS_fume-hoods-use-inspection-and-maintenance.html
https://www.epa.gov/archive/epapages/newsroom_archive/newsreleases/98e2d95df6ec8dae85257505006cd37a.html,2,open,200,text/html,no,none,no,
https://www.epa.gov/assessing-and-managing-chemicals-under-tsca,1,open,200,text/html; charset=UTF-8,no,none,no,
https://www.epa.gov/e-manifest/state-only-hazardous-waste-subject-resource-conservation-and-recovery-act-manifests,1,open,200,text/html; charset=UTF-8,no,none,no,
https://www.epa.gov/hw/defining-hazardous-waste-listed-characteristic-and-mixed-radiological-wastes,2,open,200,text/html; charset=UTF-8,no,none,no,
https://www.epa.gov/hw/frequent-questions-about-hazardous-waste-identification,1,open,200,text/html; charset=UTF-8,no,none,no,
https://www.epa.gov/hw/frequent-questions-about-universal-waste,3,open,200,text/html; charset=UTF-8,no,none,no,
https://www.epa.gov/hw/hazardous-waste-transportation,1,open,200,text/html; charset=UTF-8,no,none,no,
https://www.epa.gov/hw/solar-panel-frequent-questions,1,open,200,text/html; charset=UTF-8,no,none,no,
https://www.epa.gov/hw/universal-waste,1,open,200,text/html; charset=UTF-8,no,none,no,
https://www.epa.gov/hwgenerators/fact-sheet-how-get-started-managing-hazardous-waste-laboratory-waste-under-alternative,1,open,200,text/html; charset=UTF-8,no,none,no,
https://www.epa.gov/hwgenerators/frequent-questions-about-hazardous-waste-generation,5,open,200,text/html; charset=UTF-8,no,none,no,
https://www.epa.gov/hwgenerators/frequent-questions-about-implementing-hazardous-waste-generator-improvements-final,4,open,200,text/html; charset=UTF-8,no,none,no,
https://www.epa.gov/hwgenerators/hazardous-waste-generator-regulatory-summary,11,open,200,text/html; charset=UTF-8,no,none,no,
https://www.epa.gov/hwgenerators/hazardous-waste-manifest-system,1,open,200,text/html; charset=UTF-8,no,none,no,
https://www.epa.gov/hwgenerators/information-importers-and-receiving-facilities-resource-conservation-and-recovery-act,1,open,200,text/html; charset=UTF-8,no,none,no,
https://www.epa.gov/hwgenerators/regulations-hazardous-waste-generated-academic-laboratories,2,open,200,text/html; charset=UTF-8,no,none,no,
https://www.epa.gov/hwgenerators/steps-complying-regulations-hazardous-waste,1,open,200,text/html; charset=UTF-8,no,none,no,
https://www.epa.gov/mercury/what-do-if-you-spill-more-mercury-amount-thermometer,2,open,200,text/html; charset=UTF-8,no,none,no,
https://www.epa.gov/pcbs,1,open,200,text/html; charset=UTF-8,no,none,no,
https://www.epa.gov/radiation/frequent-questions-radioactive-waste,1,open,200,text/html; charset=UTF-8,no,none,no,
https://www.epa.gov/reviewing-new-chemicals-under-toxic-substances-control-act-tsca/control-nanoscale-materials-under,1,open,200,text/html; charset=UTF-8,no,none,no,
https://www.epa.gov/sites/default/files/2015-07/documents/cont05.pdf,3,open,200,application/pdf,yes,original,yes,D:\newwork\Security\lab-safe-assistant-dify-rag\artifacts\pdf_source_backups_20260725\files\012_www.epa.gov_8792585a8b_cont05.pdf
https://www.epa.gov/sites/default/files/2016-01/documents/hw-char.pdf,6,open,200,application/pdf,yes,original,yes,D:\newwork\Security\lab-safe-assistant-dify-rag\artifacts\pdf_source_backups_20260725\files\003_www.epa.gov_834f0fa9eb_hw-char.pdf
https://www.eppendorf.com/ae-en/lab-academy/life-science/cell-biology/how-to-clean-a-centrifuge-maintenance-tips/,1,open,200,text/html;charset=UTF-8,no,none,no,
https://www.gov.cn/gongbao/content/2011/content_1825120.htm,5,open,200,text/html,no,none,no,
https://www.hbmzu.edu.cn/sfzx/info/1017/1119.htm,1,open,200,text/html,no,none,no,
https://www.hse.gov.uk/biosafety/,1,open,200,text/html,no,none,no,
https://www.hse.gov.uk/biosafety/blood-borne-viruses/index.htm,1,open,200,text/html,no,none,no,
https://www.hse.gov.uk/biosafety/gmo/index.htm,1,open,200,text/html,no,none,no,
https://www.hse.gov.uk/coshh/,1,open,200,text/html,no,none,no,
https://www.iaea.org/publications/8930/radiation-protection-and-safety-of-radiation-sources-international-basic-safety-standards,1,blocked_or_forbidden,403,text/html; charset=UTF-8,no,none,no,
https://www.iaea.org/topics/radioactive-waste,1,blocked_or_forbidden,403,text/html; charset=UTF-8,no,none,no,
https://www.iaea.org/topics/workers/radiation-safety-technical-services,1,blocked_or_forbidden,403,text/html; charset=UTF-8,no,none,no,
https://www.iisermohali.ac.in/research/x-ray-facility,3,open,200,text/html; charset=utf-8,no,none,no,
https://www.ika.com/en/Products-LabEq/Rotary-Evaporators-pg35/,1,blocked_or_forbidden,403,text/html; charset=UTF-8,no,none,no,
https://www.labconco.com/articles/safe-freeze-drying-truths,1,open,200,text/html; charset=utf-8,no,none,no,
https://www.labconco.com/download/installation-qualification-operation-qualific-39/39zKO2Vi6OXqU62QCAYuQp,1,open,200,application/octet-stream,no,none,no,
https://www.labmanager.com/invisible-dangers-a-comprehensive-guide-to-mass-spectrometry-lab-safety-34929,5,open,202,text/html; charset=UTF-8,no,none,no,
https://www.law.cornell.edu/cfr/text/21/1020.40,1,open,200,text/html; charset=utf-8,no,none,no,
https://www.law.cornell.edu/cfr/text/29/1910.106,6,open,200,text/html; charset=utf-8,no,none,no,
https://www.law.cornell.edu/cfr/text/29/1910.1200,1,open,200,text/html; charset=utf-8,no,none,no,
https://www.law.cornell.edu/regulations/california/Cal-Code-Regs-Tit-8-div-1-ch-4-subch-7-grp-16-art-109-app-A,1,open,200,text/html; charset=utf-8,no,none,no,
https://www.lifesci.dundee.ac.uk/services/healthandsafety/other-topics/nmr/nmr_home.html,1,open,200,text/html; charset=utf-8,no,none,no,
https://www.malvernpanalytical.com/en/products/product-range/zetasizer-range,4,open,200,text/html; charset=utf-8,no,none,no,
https://www.manualslib.com/manual/2416571/Bruker-Nmr-Avance-Neo-Systems.html,3,open,200,text/html; charset=UTF-8,no,none,no,
https://www.mdpi.com/2076-3298/12/4/113,2,blocked_or_forbidden,403,text/html,no,none,no,
https://www.mee.gov.cn/,2,open,200,text/html,no,none,no,
https://www.mee.gov.cn/ywgz/gtfwyhxpgl/wfhgql/,5,open,200,text/html,no,none,no,
https://www.merck.com/products/safety-data-sheets/,19,open,200,text/html; charset=UTF-8,no,none,no,
https://www.metrohm.com/content/dam/metrohm/shared/documents/manuals/89/89308001EN.pdf,2,blocked_or_forbidden,403,text/html; charset=UTF-8,yes,original,yes,D:\newwork\Security\lab-safe-assistant-dify-rag\artifacts\pdf_source_backups_20260725\files\008_www.metrohm.com_acae1cee54_89308001EN.pdf
https://www.metrohm.com/en/products/ion-chromatography/usp-monographs-using-ion-chromatography.html,4,blocked_or_forbidden,403,text/html; charset=UTF-8,no,none,no,
https://www.micromeritics.com/autochem/,4,open,200,text/html; charset=UTF-8,no,none,no,
https://www.muhn.edu.cn/kletme/info/1164/1522.htm,1,open,200,text/html,no,none,no,
https://www.ncbi.nlm.nih.gov/books/NBK55868/,12,open,200,text/html; charset=UTF-8,no,none,no,
https://www.ncbi.nlm.nih.gov/books/NBK55872/,42,open,200,text/html; charset=UTF-8,no,none,no,
https://www.ncbi.nlm.nih.gov/books/NBK55873/,47,open,200,text/html; charset=UTF-8,no,original,no,D:\newwork\Security\lab-safe-assistant-dify-rag\artifacts\web_ingest_public_20260429\raw\NCBI-PRUDENT-OVERVIEW_NBK55873.html | D:\newwork\Security\lab-safe-assistant-dify-rag\artifacts\kb_source_archive_20260723\NCBI-NBK55873.html | D:\newwork\Security\lab-safe-assistant-dify-rag\artifacts\kb_source_archive_20260723\NCBI-NBK55873.md
https://www.ncbi.nlm.nih.gov/books/NBK55878/,7,open,200,text/html; charset=UTF-8,no,original,no,D:\newwork\Security\lab-safe-assistant-dify-rag\artifacts\web_ingest_public_20260429\raw\NCBI-PRUDENT-GENERAL_NBK55878.html | D:\newwork\Security\lab-safe-assistant-dify-rag\artifacts\kb_source_archive_20260723\NCBI-NBK55878.html | D:\newwork\Security\lab-safe-assistant-dify-rag\artifacts\kb_source_archive_20260723\NCBI-NBK55878.md
https://www.ncbi.nlm.nih.gov/books/NBK55882/,24,open,200,text/html; charset=UTF-8,no,original,no,D:\newwork\Security\lab-safe-assistant-dify-rag\artifacts\web_ingest_public_20260429\raw\NCBI-PRUDENT-EQUIPMENT_NBK55882.html
https://www.ncbi.nlm.nih.gov/books/NBK55884/,107,open,200,text/html; charset=UTF-8,no,original,no,D:\newwork\Security\lab-safe-assistant-dify-rag\artifacts\web_ingest_public_20260429\raw\NCBI-PRUDENT-CHEMICAL_NBK55884.html
https://www.ncbi.nlm.nih.gov/books/NBK55885/,6,open,200,text/html; charset=UTF-8,no,none,no,
https://www.nfpa.org/codes-and-standards/all-codes-and-standards/list-of-codes-and-standards/detail?code=45,1,open,200,text/html; charset=utf-8,no,none,no,
https://www.nfpa.org/news-blogs-and-articles/blogs/2025/03/14/signs-and-symbols-in-nfpa-704-and-nfpa-170,10,open,200,text/html; charset=utf-8,no,none,no,
https://www.nfpa.org/product/nfpa-70e-course-electrical-hazard-analysis/p0070eoleh,2,open,200,text/html; charset=utf-8,no,none,no,
https://www.nrc.gov/about-nrc/emerg-preparedness/about-emerg-preparedness/ppe.html,1,blocked_or_forbidden,403,text/html,no,none,no,
https://www.nrc.gov/about-nrc/radiation/protects-you/protection-principles.html,7,blocked_or_forbidden,403,text/html,no,none,no,
https://www.nrc.gov/about-nrc/regulatory/licensing.html,1,blocked_or_forbidden,403,text/html,no,none,no,
https://www.nrc.gov/docs/ML0133/ML013330106.pdf,2,open,200,application/pdf,yes,none,no,
https://www.nrc.gov/docs/ML0809/ML080910098.pdf,2,open,200,application/pdf,yes,none,no,
https://www.nrc.gov/docs/ML0822/ML082280814.pdf,1,open,200,application/pdf,yes,none,no,
https://www.nrc.gov/docs/ML0827/ML082750235.pdf,1,open,200,application/pdf,yes,none,no,
https://www.nrc.gov/docs/ML1204/ML12044A227.pdf,1,open,200,application/pdf,yes,none,no,
https://www.nrc.gov/docs/ML1306/ML13064A088.pdf,1,open,200,application/pdf,yes,none,no,
https://www.nrc.gov/docs/ML1609/ML16090A100.pdf,1,open,200,application/pdf,yes,none,no,
https://www.nrc.gov/docs/ML2014/ML20147A696.pdf,3,open,200,application/pdf,yes,none,no,
https://www.nrc.gov/docs/ML2517/ML25175A081.pdf,2,open,200,application/pdf,yes,none,no,
https://www.nrc.gov/docs/ml1019/ML101900087.pdf,2,open,200,application/pdf,yes,none,no,
https://www.nrc.gov/materials/miau/research-medical.html,1,blocked_or_forbidden,403,text/html,no,none,no,
https://www.nrc.gov/materials/toolboxes/llrw-waste,1,blocked_or_forbidden,403,text/html,no,none,no,
https://www.nrc.gov/materials/transportation.html,1,blocked_or_forbidden,403,text/html,no,none,no,
https://www.nrc.gov/reading-rm/doc-collections/cfr/part020/,7,blocked_or_forbidden,403,text/html,no,mirror,no,D:\newwork\Security\lab-safe-assistant-dify-rag\artifacts\kb_source_archive_20260723\NRC-10CFR-Part20.xml | D:\newwork\Security\lab-safe-assistant-dify-rag\artifacts\kb_source_archive_20260723\NRC-10CFR-Part20.md
https://www.nrc.gov/reading-rm/doc-collections/cfr/part030/full-text.html,1,blocked_or_forbidden,403,text/html,no,none,no,
https://www.nrc.gov/reading-rm/doc-collections/cfr/part061/full-text.html,1,blocked_or_forbidden,403,text/html,no,none,no,
https://www.nrc.gov/reading-rm/doc-collections/fact-sheets/tritium-radiation-fs,1,blocked_or_forbidden,403,text/html,no,none,no,
https://www.nrc.gov/waste/low-level-waste.html,1,blocked_or_forbidden,403,text/html,no,none,no,
https://www.osha.gov/1-bromopropane,1,blocked_or_forbidden,403,text/html,no,none,no,
https://www.osha.gov/SLTC/sulfuricacid/,1,blocked_or_forbidden,403,text/html,no,none,no,
https://www.osha.gov/arsenic,1,blocked_or_forbidden,403,text/html,no,none,no,
https://www.osha.gov/asbestos,1,blocked_or_forbidden,403,text/html,no,none,no,
https://www.osha.gov/benzene,1,blocked_or_forbidden,403,text/html,no,none,no,
https://www.osha.gov/beryllium/faqs,1,blocked_or_forbidden,403,text/html,no,none,no,
https://www.osha.gov/chemical-executive-order,1,blocked_or_forbidden,403,text/html,no,none,no,
https://www.osha.gov/chemical-hazards,1,blocked_or_forbidden,403,text/html,no,none,no,
https://www.osha.gov/chemical-hazards/controlling-exposure,1,blocked_or_forbidden,403,text/html,no,none,no,
https://www.osha.gov/chemical-hazards/resources,1,blocked_or_forbidden,403,text/html,no,none,no,
https://www.osha.gov/chemical-reactivity,1,blocked_or_forbidden,403,text/html,no,none,no,
https://www.osha.gov/chemical-reactivity/control-prevention,1,blocked_or_forbidden,403,text/html,no,none,no,
https://www.osha.gov/chemical-reactivity/hazards,1,blocked_or_forbidden,403,text/html,no,none,no,
https://www.osha.gov/chemicaldata/116,1,blocked_or_forbidden,403,text/html,no,none,no,
https://www.osha.gov/chemicaldata/168,1,blocked_or_forbidden,403,text/html,no,none,no,
https://www.osha.gov/chemicaldata/192,1,blocked_or_forbidden,403,text/html,no,none,no,
https://www.osha.gov/chemicaldata/196,1,blocked_or_forbidden,403,text/html,no,none,no,
https://www.osha.gov/chemicaldata/252,1,blocked_or_forbidden,403,text/html,no,none,no,
https://www.osha.gov/chemicaldata/33,1,blocked_or_forbidden,403,text/html,no,none,no,
https://www.osha.gov/chemicaldata/386,1,blocked_or_forbidden,403,text/html,no,none,no,
https://www.osha.gov/chemicaldata/420,1,blocked_or_forbidden,403,text/html,no,none,no,
https://www.osha.gov/chemicaldata/443,1,blocked_or_forbidden,403,text/html,no,none,no,
https://www.osha.gov/chemicaldata/446,1,blocked_or_forbidden,403,text/html,no,none,no,
https://www.osha.gov/chemicaldata/528,1,blocked_or_forbidden,403,text/html,no,none,no,
https://www.osha.gov/coal-tar-pitch-volatiles/solutions,1,blocked_or_forbidden,403,text/html,no,none,no,
https://www.osha.gov/consultation,1,blocked_or_forbidden,403,text/html,no,none,no,
https://www.osha.gov/diacetyl,1,blocked_or_forbidden,403,text/html,no,none,no,
https://www.osha.gov/enforcement/directives/cpl-02-02-045,1,blocked_or_forbidden,403,text/html,no,none,no,
https://www.osha.gov/enforcement/directives/cpl-03-00-021,1,blocked_or_forbidden,403,text/html,no,none,no,
https://www.osha.gov/ethylene-oxide,1,blocked_or_forbidden,403,text/html,no,none,no,
https://www.osha.gov/etools/ammonia-refrigeration,1,blocked_or_forbidden,403,text/html,no,none,no,
https://www.osha.gov/etools/ammonia-refrigeration/emergency-response,1,blocked_or_forbidden,403,text/html,no,none,no,
https://www.osha.gov/etools/ammonia-refrigeration/general-safety,1,blocked_or_forbidden,403,text/html,no,none,no,
https://www.osha.gov/etools/ammonia-refrigeration/receiving-storage,1,blocked_or_forbidden,403,text/html,no,none,no,
https://www.osha.gov/etools/construction/electrical-incidents,1,blocked_or_forbidden,403,text/html,no,none,no,
https://www.osha.gov/etools/construction/electrical-incidents/ground-fault-circuit-interrupters,2,blocked_or_forbidden,403,text/html,no,none,no,
https://www.osha.gov/etools/construction/electrical-incidents/power-tools,2,blocked_or_forbidden,403,text/html,no,none,no,
https://www.osha.gov/etools/hospitals/surgical-suite/laser-hazards,4,blocked_or_forbidden,403,text/html,no,none,no,
https://www.osha.gov/etools/lockout-tagout,2,blocked_or_forbidden,403,text/html,no,none,no,
https://www.osha.gov/etools/machine-guarding/introduction/general-requirements,2,blocked_or_forbidden,403,text/html,no,none,no,
https://www.osha.gov/etools/shipyard-equipment/lasers,4,blocked_or_forbidden,403,text/html,no,none,no,
https://www.osha.gov/formaldehyde,2,blocked_or_forbidden,403,text/html,no,none,no,
https://www.osha.gov/green-jobs/biofuels/chemical,1,blocked_or_forbidden,403,text/html,no,none,no,
https://www.osha.gov/green-jobs/solar/electrical,1,blocked_or_forbidden,403,text/html,no,none,no,
https://www.osha.gov/hazcom/appendix-c,7,blocked_or_forbidden,403,text/html,no,none,no,
https://www.osha.gov/hazcom/faq,2,blocked_or_forbidden,403,text/html,no,none,no,
https://www.osha.gov/hazcom/ghd053107,1,blocked_or_forbidden,403,text/html,no,none,no,
https://www.osha.gov/hexavalent-chromium,1,blocked_or_forbidden,403,text/html,no,none,no,
https://www.osha.gov/hydrogen-sulfide,1,blocked_or_forbidden,403,text/html,no,none,no,
https://www.osha.gov/isocyanates,1,blocked_or_forbidden,403,text/html,no,none,no,
https://www.osha.gov/laboratories,1,blocked_or_forbidden,403,text/html,no,none,no,
https://www.osha.gov/laser-hazards/hazards,23,blocked_or_forbidden,403,text/html,no,none,no,
https://www.osha.gov/laser-hazards/standards,3,blocked_or_forbidden,403,text/html,no,none,no,
https://www.osha.gov/laws-regs/federalregister/1992-08-10,1,blocked_or_forbidden,403,text/html,no,none,no,
https://www.osha.gov/laws-regs/federalregister/1996-11-04,1,blocked_or_forbidden,403,text/html,no,none,no,
https://www.osha.gov/laws-regs/federalregister/1997-01-10,1,blocked_or_forbidden,403,text/html,no,none,no,
https://www.osha.gov/laws-regs/federalregister/2006-09-12-0,2,blocked_or_forbidden,403,text/html,no,none,no,
https://www.osha.gov/laws-regs/federalregister/2022-06-28,1,blocked_or_forbidden,403,text/html,no,none,no,
https://www.osha.gov/laws-regs/federalregister/2022-08-30,1,blocked_or_forbidden,403,text/html,no,none,no,
https://www.osha.gov/laws-regs/federalregister/2023-07-13,1,blocked_or_forbidden,403,text/html,no,none,no,
https://www.osha.gov/laws-regs/interlinking/standards/1910.1200,4,blocked_or_forbidden,403,text/html,no,none,no,
https://www.osha.gov/laws-regs/interlinking/standards/1910.1200/standard_interpretations,2,blocked_or_forbidden,403,text/html,no,none,no,
https://www.osha.gov/laws-regs/regulations/standardnumber/1904/1904.39,1,blocked_or_forbidden,403,text/html,no,none,no,
https://www.osha.gov/laws-regs/regulations/standardnumber/1910/1910.1000,1,blocked_or_forbidden,403,text/html,no,none,no,
https://www.osha.gov/laws-regs/regulations/standardnumber/1910/1910.101,2,blocked_or_forbidden,403,text/html,no,none,no,
https://www.osha.gov/laws-regs/regulations/standardnumber/1910/1910.1030,4,blocked_or_forbidden,403,text/html,no,mirror,no,D:\newwork\Security\lab-safe-assistant-dify-rag\artifacts\kb_source_archive_20260723\OSHA-1910.1030.xml | D:\newwork\Security\lab-safe-assistant-dify-rag\artifacts\kb_source_archive_20260723\OSHA-1910.1030.md
https://www.osha.gov/laws-regs/regulations/standardnumber/1910/1910.1048,1,blocked_or_forbidden,403,text/html,no,none,no,
https://www.osha.gov/laws-regs/regulations/standardnumber/1910/1910.106,2,blocked_or_forbidden,403,text/html,no,none,no,
https://www.osha.gov/laws-regs/regulations/standardnumber/1910/1910.119,1,blocked_or_forbidden,403,text/html,no,none,no,
https://www.osha.gov/laws-regs/regulations/standardnumber/1910/1910.120,3,blocked_or_forbidden,403,text/html,no,mirror,no,D:\newwork\Security\lab-safe-assistant-dify-rag\artifacts\kb_source_archive_20260723\OSHA-1910.120.xml | D:\newwork\Security\lab-safe-assistant-dify-rag\artifacts\kb_source_archive_20260723\OSHA-1910.120.md
https://www.osha.gov/laws-regs/regulations/standardnumber/1910/1910.1200,7,blocked_or_forbidden,403,text/html,no,mirror,no,D:\newwork\Security\lab-safe-assistant-dify-rag\artifacts\kb_source_archive_20260723\OSHA-1910.1200.xml | D:\newwork\Security\lab-safe-assistant-dify-rag\artifacts\kb_source_archive_20260723\OSHA-1910.1200.md
https://www.osha.gov/laws-regs/regulations/standardnumber/1910/1910.132,2,blocked_or_forbidden,403,text/html,no,none,no,
https://www.osha.gov/laws-regs/regulations/standardnumber/1910/1910.133,2,blocked_or_forbidden,403,text/html,no,none,no,
https://www.osha.gov/laws-regs/regulations/standardnumber/1910/1910.134,3,blocked_or_forbidden,403,text/html,no,mirror,no,D:\newwork\Security\lab-safe-assistant-dify-rag\artifacts\kb_source_archive_20260723\OSHA-1910.134.xml | D:\newwork\Security\lab-safe-assistant-dify-rag\artifacts\kb_source_archive_20260723\OSHA-1910.134.md
https://www.osha.gov/laws-regs/regulations/standardnumber/1910/1910.1450,133,blocked_or_forbidden,403,text/html,no,original,no,D:\newwork\Security\lab-safe-assistant-dify-rag\artifacts\web_ingest_public_20260429\raw\OSHA-1910-1450_1910.1450.html | D:\newwork\Security\lab-safe-assistant-dify-rag\artifacts\kb_source_archive_20260723\OSHA-1910.1450.xml | D:\newwork\Security\lab-safe-assistant-dify-rag\artifacts\kb_source_archive_20260723\OSHA-1910.1450.md
https://www.osha.gov/laws-regs/regulations/standardnumber/1910/1910.1450AppA,2,blocked_or_forbidden,403,text/html,no,none,no,
https://www.osha.gov/laws-regs/regulations/standardnumber/1910/1910.146,1,blocked_or_forbidden,403,text/html,no,none,no,
https://www.osha.gov/laws-regs/regulations/standardnumber/1910/1910.147,3,blocked_or_forbidden,403,text/html,no,mirror,no,D:\newwork\Security\lab-safe-assistant-dify-rag\artifacts\kb_source_archive_20260723\OSHA-1910.147.xml | D:\newwork\Security\lab-safe-assistant-dify-rag\artifacts\kb_source_archive_20260723\OSHA-1910.147.md
https://www.osha.gov/laws-regs/regulations/standardnumber/1910/1910.151,1,blocked_or_forbidden,403,text/html,no,none,no,
https://www.osha.gov/laws-regs/regulations/standardnumber/1910/1910.157,2,blocked_or_forbidden,403,text/html,no,none,no,
https://www.osha.gov/laws-regs/regulations/standardnumber/1910/1910.212,2,blocked_or_forbidden,403,text/html,no,mirror,no,D:\newwork\Security\lab-safe-assistant-dify-rag\artifacts\kb_source_archive_20260723\OSHA-1910.212.xml | D:\newwork\Security\lab-safe-assistant-dify-rag\artifacts\kb_source_archive_20260723\OSHA-1910.212.md
https://www.osha.gov/laws-regs/regulations/standardnumber/1910/1910.269_2,2,blocked_or_forbidden,403,text/html,no,mirror,no,D:\newwork\Security\lab-safe-assistant-dify-rag\artifacts\kb_source_archive_20260723\OSHA-1910.269.xml | D:\newwork\Security\lab-safe-assistant-dify-rag\artifacts\kb_source_archive_20260723\OSHA-1910.269.md
https://www.osha.gov/laws-regs/regulations/standardnumber/1910/1910.301,1,blocked_or_forbidden,403,text/html,no,none,no,
https://www.osha.gov/laws-regs/regulations/standardnumber/1910/1910.304,2,blocked_or_forbidden,403,text/html,no,mirror,no,D:\newwork\Security\lab-safe-assistant-dify-rag\artifacts\kb_source_archive_20260723\OSHA-1910.304.xml | D:\newwork\Security\lab-safe-assistant-dify-rag\artifacts\kb_source_archive_20260723\OSHA-1910.304.md
https://www.osha.gov/laws-regs/regulations/standardnumber/1910/1910.305,1,blocked_or_forbidden,403,text/html,no,none,no,
https://www.osha.gov/laws-regs/regulations/standardnumber/1910/1910.331,1,blocked_or_forbidden,403,text/html,no,none,no,
https://www.osha.gov/laws-regs/regulations/standardnumber/1910/1910.332,1,blocked_or_forbidden,403,text/html,no,none,no,
https://www.osha.gov/laws-regs/regulations/standardnumber/1910/1910.333,3,blocked_or_forbidden,403,text/html,no,mirror,no,D:\newwork\Security\lab-safe-assistant-dify-rag\artifacts\kb_source_archive_20260723\OSHA-1910.333.xml | D:\newwork\Security\lab-safe-assistant-dify-rag\artifacts\kb_source_archive_20260723\OSHA-1910.333.md
https://www.osha.gov/laws-regs/regulations/standardnumber/1910/1910.38,1,blocked_or_forbidden,403,text/html,no,none,no,
https://www.osha.gov/laws-regs/regulations/standardnumber/1910/1910.95,2,blocked_or_forbidden,403,text/html,no,mirror,no,D:\newwork\Security\lab-safe-assistant-dify-rag\artifacts\kb_source_archive_20260723\OSHA-1910.95.xml | D:\newwork\Security\lab-safe-assistant-dify-rag\artifacts\kb_source_archive_20260723\OSHA-1910.95.md
https://www.osha.gov/laws-regs/regulations/standardnumber/1915/1915.172,1,blocked_or_forbidden,403,text/html,no,none,no,
https://www.osha.gov/laws-regs/regulations/standardnumber/1915/1915.507,1,blocked_or_forbidden,403,text/html,no,none,no,
https://www.osha.gov/laws-regs/standardinterpretations/1987-06-03,1,blocked_or_forbidden,403,text/html,no,none,no,
https://www.osha.gov/laws-regs/standardinterpretations/1993-04-20-0,1,blocked_or_forbidden,403,text/html,no,none,no,
https://www.osha.gov/laws-regs/standardinterpretations/1993-08-11,1,blocked_or_forbidden,403,text/html,no,none,no,
https://www.osha.gov/laws-regs/standardinterpretations/1994-03-16,1,blocked_or_forbidden,403,text/html,no,none,no,
https://www.osha.gov/laws-regs/standardinterpretations/1995-01-18-0,2,blocked_or_forbidden,403,text/html,no,none,no,
https://www.osha.gov/laws-regs/standardinterpretations/1999-07-09,1,blocked_or_forbidden,403,text/html,no,none,no,
https://www.osha.gov/laws-regs/standardinterpretations/2001-03-23-0,1,blocked_or_forbidden,403,text/html,no,none,no,
https://www.osha.gov/laws-regs/standardinterpretations/2003-12-10,1,blocked_or_forbidden,403,text/html,no,none,no,
https://www.osha.gov/laws-regs/standardinterpretations/2007-02-27,1,blocked_or_forbidden,403,text/html,no,none,no,
https://www.osha.gov/laws-regs/standardinterpretations/2009-06-01,5,blocked_or_forbidden,403,text/html,no,none,no,
https://www.osha.gov/laws-regs/standardinterpretations/2010-04-12,1,blocked_or_forbidden,403,text/html,no,none,no,
https://www.osha.gov/laws-regs/standardinterpretations/2010-08-27,1,blocked_or_forbidden,403,text/html,no,none,no,
https://www.osha.gov/laws-regs/standardinterpretations/2010-11-30,1,blocked_or_forbidden,403,text/html,no,none,no,
https://www.osha.gov/laws-regs/standardinterpretations/2010-12-20-0,1,blocked_or_forbidden,403,text/html,no,none,no,
https://www.osha.gov/laws-regs/standardinterpretations/2014-05-12,1,blocked_or_forbidden,403,text/html,no,none,no,
https://www.osha.gov/laws-regs/standardinterpretations/2015-08-05,2,blocked_or_forbidden,403,text/html,no,none,no,
https://www.osha.gov/laws-regs/standardinterpretations/2015-09-03-0,1,blocked_or_forbidden,403,text/html,no,none,no,
https://www.osha.gov/laws-regs/standardinterpretations/2017-03-23-2,1,blocked_or_forbidden,403,text/html,no,none,no,
https://www.osha.gov/laws-regs/standardinterpretations/2017-05-05,1,blocked_or_forbidden,403,text/html,no,none,no,
https://www.osha.gov/laws-regs/standardinterpretations/2020-10-28,1,blocked_or_forbidden,403,text/html,no,none,no,
https://www.osha.gov/laws-regs/standardinterpretations/2021-03-30,1,blocked_or_forbidden,403,text/html,no,none,no,
https://www.osha.gov/laws-regs/standardinterpretations/2021-04-23,1,blocked_or_forbidden,403,text/html,no,none,no,
https://www.osha.gov/machine-guarding/standards,1,blocked_or_forbidden,403,text/html,no,none,no,
https://www.osha.gov/memos/2014-02-10/fertilizer-industry,1,blocked_or_forbidden,403,text/html,no,none,no,
https://www.osha.gov/metalworking-fluids/manual,1,blocked_or_forbidden,403,text/html,no,none,no,
https://www.osha.gov/ords/imis/accidentsearch.accident_detail?id=201060068,1,blocked_or_forbidden,403,text/html,no,none,no,
https://www.osha.gov/ords/imis/accidentsearch.accident_detail?id=202541223,1,blocked_or_forbidden,403,text/html,no,none,no,
https://www.osha.gov/otm/section-6-health-care-facilities/chapter-1,3,blocked_or_forbidden,403,text/html,no,none,no,
https://www.osha.gov/poultry-processing/hazards-solutions,1,blocked_or_forbidden,403,text/html,no,none,no,
https://www.osha.gov/process-safety-management,1,blocked_or_forbidden,403,text/html,no,none,no,
https://www.osha.gov/publications/3136-08R-2003-English,1,blocked_or_forbidden,403,text/html,no,none,no,
https://www.osha.gov/publications/bytopic/battery-manufacturing,1,blocked_or_forbidden,403,text/html,no,none,no,
https://www.osha.gov/publications/hib19890523,1,blocked_or_forbidden,403,text/html,no,none,no,
https://www.osha.gov/publications/hib19931119,1,blocked_or_forbidden,403,text/html,no,none,no,
https://www.osha.gov/publications/hib19960703,1,blocked_or_forbidden,403,text/html,no,none,no,
https://www.osha.gov/safer-chemicals,1,blocked_or_forbidden,403,text/html,no,none,no,
https://www.osha.gov/shms/chapter-8,2,blocked_or_forbidden,403,text/html,no,none,no,
https://www.osha.gov/sites/default/files/2019-03/fireprotection.pdf,1,blocked_or_forbidden,403,text/html,yes,none,no,
https://www.osha.gov/sites/default/files/Job_Hazard_Analysis_Worksheet.pdf,1,blocked_or_forbidden,403,text/html,yes,none,no,
https://www.osha.gov/sites/default/files/activities_jha_training.pptx,1,blocked_or_forbidden,403,text/html,no,none,no,
https://www.osha.gov/sites/default/files/enforcement/directives/CPL_02-01-065.pdf,1,blocked_or_forbidden,403,text/html,yes,none,no,
https://www.osha.gov/sites/default/files/enforcement/directives/PUB_8-1_5.pdf,1,blocked_or_forbidden,403,text/html,yes,none,no,
https://www.osha.gov/sites/default/files/publications/FORMALDEHYDE-FACTSHEET.pdf,2,blocked_or_forbidden,403,text/html,yes,none,no,
https://www.osha.gov/sites/default/files/publications/OSHA3071.pdf,2,blocked_or_forbidden,403,text/html,yes,none,no,
https://www.osha.gov/sites/default/files/publications/OSHA3088.pdf,5,blocked_or_forbidden,403,text/html,yes,none,no,
https://www.osha.gov/sites/default/files/publications/OSHA3151.pdf,2,blocked_or_forbidden,403,text/html,yes,none,no,
https://www.osha.gov/sites/default/files/publications/OSHA3172.pdf,1,blocked_or_forbidden,403,text/html,yes,none,no,
https://www.osha.gov/sites/default/files/publications/OSHA3404LABORATORY-SAFETY-GUIDANCE.pdf,29,blocked_or_forbidden,403,text/html,yes,none,no,
https://www.osha.gov/sites/default/files/publications/OSHA3678.pdf,4,blocked_or_forbidden,403,text/html,yes,none,no,
https://www.osha.gov/sites/default/files/publications/OSHA3780.pdf,1,blocked_or_forbidden,403,text/html,yes,none,no,
https://www.osha.gov/sites/default/files/publications/OSHA3908.pdf,1,blocked_or_forbidden,403,text/html,yes,none,no,
https://www.osha.gov/sites/default/files/publications/OSHA3909.pdf,1,blocked_or_forbidden,403,text/html,yes,none,no,
https://www.osha.gov/sites/default/files/publications/OSHA3912.pdf,1,blocked_or_forbidden,403,text/html,yes,none,no,
https://www.osha.gov/sites/default/files/publications/OSHA3918.pdf,1,blocked_or_forbidden,403,text/html,yes,none,no,
https://www.osha.gov/sites/default/files/publications/OSHA4480.pdf,2,blocked_or_forbidden,403,text/html,yes,none,no,
https://www.osha.gov/sites/default/files/publications/OSHAFACTSHEET-LABORATORY-SAFETY-CHEMICAL-HYGIENE-PLAN.pdf,4,blocked_or_forbidden,403,text/html,yes,none,no,
https://www.osha.gov/sites/default/files/publications/OSHAFACTSHEET-LABORATORY-SAFETY-OSHA-LAB-STANDARD.pdf,3,blocked_or_forbidden,403,text/html,yes,none,no,
https://www.osha.gov/sites/default/files/publications/OSHAfactsheet-laboratory-safety-chemical-hygiene-plan.pdf,1,blocked_or_forbidden,403,text/html,yes,none,no,
https://www.osha.gov/sites/default/files/publications/OSHAfactsheet-metrics-in-psm.pdf,1,blocked_or_forbidden,403,text/html,yes,none,no,
https://www.osha.gov/sites/default/files/publications/OSHAquickfacts-lab-safety-chemical-fume-hoods.pdf,1,blocked_or_forbidden,403,text/html,yes,none,no,
https://www.osha.gov/sites/default/files/publications/OSHAquickfacts-lab-safety-labeling-chemical-transfer.pdf,1,blocked_or_forbidden,403,text/html,yes,none,no,
https://www.osha.gov/sites/default/files/publications/highly-hazardous-chemicals-factsheet.pdf,1,blocked_or_forbidden,403,text/html,yes,none,no,
https://www.osha.gov/toluene/occupational-exposure-limits,1,network_error,,,no,none,no,
https://www.osha.gov/training/library/personal-protective-equipment/assessment,2,blocked_or_forbidden,403,text/html,no,none,no,
https://www.osha.gov/workers/employer-responsibilities,9,blocked_or_forbidden,403,text/html,no,none,no,
https://www.osha.gov/young-workers/employer-responsibilities,1,blocked_or_forbidden,403,text/html,no,none,no,
https://www.perkinelmer.com/Nexion-5000-Other-resources,1,open,200,text/html; charset=UTF-8,no,none,no,
https://www.perkinelmer.com/category/atomic-absorption-spectroscopy-aas/aas-software,1,open,200,text/html; charset=UTF-8,no,none,no,
https://www.perkinelmer.com/category/burner-systems,1,open,200,text/html; charset=utf-8,no,none,no,
https://www.perkinelmer.com/library/bro-pinaacle-900-series-aa-spectrometers.html,2,open,200,text/html; charset=UTF-8,no,none,no,
https://www.perkinelmer.com/library/tch-universal-cell-technology-for-the-next-generation-of-analysis.html,1,open,200,text/html; charset=UTF-8,no,none,no,
https://www.perkinelmer.com/product/pinaacle-500-flame-atomic-absorption-spectrometer-pinaacle500,1,open,200,text/html; charset=utf-8,no,none,no,
https://www.renishaw.com/resourcecentre/download/declaration-of-conformity-invia-raman-spectrometer--130961,1,open,200,application/pdf,yes,original,yes,D:\newwork\Security\lab-safe-assistant-dify-rag\artifacts\pdf_source_backups_20260725\files\070_www.renishaw.com_034894fa56_declaration-of-conformity-invia-raman-spectrometer--130961.pdf
https://www.safety.admin.cam.ac.uk/subjects/radiation/non-ionising-radiation/electromagnetic-fields,2,blocked_or_forbidden,403,text/html; charset=UTF-8,no,none,no,
https://www.selectagents.gov/,1,open,200,text/html,no,none,no,
https://www.shimadzu.com.sg/an/products/elemental-analysis/atomic-absorption-spectroscopy/aa-7000/index.html,2,open,200,text/html,no,none,no,
https://www.shimadzu.com/an/gc/safety_function.html,4,open,200,text/html,no,none,no,
https://www.shimadzu.com/an/products/liquid-chromatography/hplcuhplc/index.html,1,open,200,text/html,no,none,no,
https://www.shimadzu.com/an/service-support/technical-support/handling-precautions/gas-chromatography/index.html,1,open,200,text/html,no,none,no,
https://www.shimadzu.com/an/service-support/technical-support/technical-information/gas-chromatograph-mass-spectrometry/change/index.html,2,open,200,text/html,no,none,no,
https://www.shimadzu.com/an/sites/shimadzu.com.an/files/pim/pim_document_file/brochures/16695/c122-e064.pdf,1,open,200,application/pdf,yes,original,yes,D:\newwork\Security\lab-safe-assistant-dify-rag\artifacts\pdf_source_backups_20260725\files\071_www.shimadzu.com_08f8d1fc92_c122-e064.pdf
https://www.shimadzu.com/an/sites/shimadzu.com.an/files/pim/pim_document_file/others/16942/bgaz-4000-2007.pdf,2,open,200,application/pdf,yes,original,yes,D:\newwork\Security\lab-safe-assistant-dify-rag\artifacts\pdf_source_backups_20260725\files\030_www.shimadzu.com_372fbf1c9f_bgaz-4000-2007.pdf
https://www.slu.edu/research/faculty-resources/-pdf/chemical_hygiene_plan.pdf,1,open,200,application/pdf,yes,original,yes,D:\newwork\Security\lab-safe-assistant-dify-rag\artifacts\pdf_source_backups_20260725\files\072_www.slu.edu_03ba95a15f_chemical_hygiene_plan.pdf
https://www.tainstruments.com/applications-notes/battery-separator-film-development-impact-of-coating/,1,blocked_or_forbidden,403,text/html,no,none,no,
https://www.tainstruments.com/applications-notes/safety-evaluation-of-lithium-ion-battery-cathode-and-anode-materials-using-differential-scanning-calorimetry/,2,blocked_or_forbidden,403,text/html,no,none,no,
https://www.tainstruments.com/applications-notes/thermal-degradation-and-evolved-gas-analysis-of-lithium-ion-battery-cathode-materials-at-different-states-of-charge-ta495/,1,blocked_or_forbidden,403,text/html,no,none,no,
https://www.tainstruments.com/applications-notes/thermogravimetry-of-air-sensitive-materials/,1,blocked_or_forbidden,403,text/html,no,none,no,
https://www.tainstruments.com/applications/pharmaceuticals/,3,blocked_or_forbidden,403,text/html,no,none,no,
https://www.tainstruments.com/how-to-enhance-battery-safety-by-evaluating-materials-thermal-stability-blog/,2,blocked_or_forbidden,403,text/html,no,none,no,
https://www.tainstruments.com/precision-testing-for-energetic-materials-and-propellants-how-ta-instruments-powers-safety-stability-and-performance-blog/,2,blocked_or_forbidden,403,text/html,no,none,no,
https://www.tainstruments.com/tga-550/,1,blocked_or_forbidden,403,text/html,no,none,no,
https://www.thermofisher.com/us/en/home/life-science/lab-equipment/biological-safety-cabinets/features.html,1,open,200,text/html;charset=utf-8,no,none,no,
https://www.umb.edu.pl/photo/ftplib/Wydzialy/wnl/FTiA/ZnO/User%20manual%20Zetasizer.pdf,1,open,200,text/html; charset=utf-8,yes,none,no,
https://www.uoguelph.ca/hr/system/files/Laboratory%20Safety%20Manual.pdf,1,open,200,text/html; charset=utf-8,yes,original,yes,D:\newwork\Security\lab-safe-assistant-dify-rag\artifacts\pdf_source_backups_20260725\files\repl_002_www.uoguelph.ca_cf56ee6cc1_Laboratory_Safety_Manual.pdf
https://www.uwindsor.ca/chemical-control-centre/sites/uwindsor.ca.chemical-control-centre/files/lsm_2025.pdf,1,open,200,application/pdf,yes,original,yes,D:\newwork\Security\lab-safe-assistant-dify-rag\artifacts\pdf_source_backups_20260725\files\075_www.uwindsor.ca_edb6badd53_lsm_2025.pdf
https://www.waters.com/nextgen/us/en/products/chromatography/chromatography-pumps-components-and-Accessories/purification-solvent-management.html,2,blocked_or_forbidden,403,text/html,no,none,no,
https://www.waters.com/nextgen/us/en/products/chromatography/chromatography-systems/acquity-uplc-i-class-plus-system.html,1,blocked_or_forbidden,403,text/html,no,none,no,
https://www.weizmann.ac.il/ChemicalResearchSupport/sites/ChemicalResearchSupport/files/bruker_magnet_safety_0.pdf,1,open,200,application/pdf,yes,original,yes,D:\newwork\Security\lab-safe-assistant-dify-rag\artifacts\pdf_source_backups_20260725\files\sslfix_034_www.weizmann.ac.il_8a34284a26_bruker_magnet_safety_0.pdf
https://www.weizmann.ac.il/ChemicalResearchSupport/sites/ChemicalResearchSupport/files/bruker_refill_manual_0.pdf,1,open,200,application/pdf,yes,original,yes,D:\newwork\Security\lab-safe-assistant-dify-rag\artifacts\pdf_source_backups_20260725\files\sslfix_035_www.weizmann.ac.il_3d6d102a1b_bruker_refill_manual_0.pdf
https://www.who.int/publications/i/item/9789240011311,7,open,200,text/html; charset=utf-8,no,none,no,
https://www.who.int/publications/i/item/9789240011410,1,open,200,text/html; charset=utf-8,no,none,no,
https://www.who.int/publications/i/item/9789240011458,1,open,200,text/html; charset=utf-8,no,none,no,
https://www.wuhan.gov.cn/gwfbpt/sbm/sgaj_79493/202403/t20240313_2372418.shtml,1,open,200,text/html,no,none,no,
https://wwwn.cdc.gov/TSP/MMG/MMGDetails.aspx?mmgid=1138&toxid=243,2,open,200,text/html; charset=utf-8,no,none,no,
https://xray.chem.wisc.edu/bruker-d8-advance/,1,open,200,text/html; charset=UTF-8,no,none,no,
https://xray.tamu.edu/administration.php,1,open,200,text/html; charset=UTF-8,no,none,no,
https://xxgk.hznu.edu.cn/c/2024-06-03/2969471.shtml,1,open,200,text/html,no,none,no,
